rfpCode,invRef,partRef,invDate,invAmount,cnRef,cnDate,cnAmount,Issue
0001-0011-Sai Ltd,2,,04/02/2005,663.41,,,,inv
0009-0038-Sai Ltd,3,,25/02/2005,454.2278,,,,inv
0003-0018-Sai Ltd,4,,01/04/2005,1285.8141,,,,inv
0004-0019-Sai Ltd,5,,01/04/2005,2487.7708,,,,inv
0005-0024-Sai Ltd,6,,01/04/2005,559.0496,,,,inv
0006-0025-Sai Ltd,7,,01/04/2005,894.48,,,,inv
0010-0039-Sai Ltd,9,,01/04/2005,116.47,,,,inv
0011-0015-Sai Ltd,8,,01/04/2005,116.4687,,,,inv
0007-0001-Sai Ltd,13,,27/06/2005,1071.5118,,,,inv
0012-0020-Sai Ltd,11,,27/06/2005,465.8747,,,,inv
0013-0012-Sai Ltd,12,,27/06/2005,349.406,,,,inv
0002-0017-Sai Ltd,16,,19/07/2005,4276.7296,,,,inv
0015-0029-Sai Ltd,15,,19/07/2005,955.0431,,,,inv
0022-0006-Sai Ltd,22,,08/08/2005,1681.8076,,,,inv
0019-0039-Sai Ltd,17,,09/08/2005,815.2807,,,,inv
0018-0027-Sai Ltd,19,,06/09/2005,1634.7775,,,,inv
0016-0037-Sai Ltd,20,,09/09/2005,452.5973,,,,inv
0020-0021-Sai Ltd,21,,16/09/2005,1281.1554,,,,inv
0024-0100-Sai Ltd,23,,24/10/2005,5922.129,,,,inv
0025-0048-Sai Ltd,22,,24/10/2005,582.34,,,,inv
0017-0028-Sai Ltd,25,,03/11/2005,698.812,,,,inv
0027-0061-Sai Ltd,24,,03/11/2005,582.3433,,,,inv
0030-0089-Sai Ltd,26,,03/11/2005,3959.9348,,,,inv
0036-0068-Sai Ltd,27,,18/11/2005,1316.6783,,,,inv
0034-0022-Sai Ltd,30,,24/11/2005,1048.218,,,,inv
0035-0023-Sai Ltd,28,,24/11/2005,582.3433,,,,inv
0038-0041-Sai Ltd,29,,24/11/2005,116.4687,,,,inv
0053-0078-Sai Ltd,31,,25/11/2005,582.3433,,,,inv
0032-0004-Sai Ltd,34,,30/11/2005,407.64,1000002,25/09/2007,407.64,inv/CN
0037-0068-Sai Ltd,32,,30/11/2005,197.4144,,,,inv
0042-0044-Sai Ltd,35,,30/11/2005,198,1000003,25/09/2007,197.99,inv/CN
0046-0053-Sai Ltd,33,,30/11/2005,582.3433,,,,inv
0048-0056-Sai Ltd,36,,02/12/2005,349.406,,,,inv
0041-0036-Sai Ltd,37,,05/12/2005,1677.1488,,,,inv
0033-0011-Sai Ltd,38,,06/12/2005,1034.24,,,,inv
0054-0079-Sai Ltd,40,,14/12/2005,232.9373,,,,inv
0057-0084-Sai Ltd,39,,14/12/2005,116.4687,,,,inv
0055-0081-Sai Ltd,42,,16/12/2005,349.406,,,,inv
0023-0035-Sai Ltd,43,,19/12/2005,4658.7468,,,,inv
0052-0077-Sai Ltd,41,,19/12/2005,931.7494,,,,inv
0031-0003-Sai Ltd,44,,23/12/2005,1607.9432,,,,inv
0039-0030-Sai Ltd,45,,23/12/2005,698.812,,,,inv
0045-0052-Sai Ltd,46,,03/01/2006,582.3433,,,,inv
0043-0047-Sai Ltd,49,,10/01/2006,465.8747,,,,inv
0060-0016-Sai Ltd,48,,10/01/2006,3494.0601,,,,inv
0024-0100-Sai Ltd,47,,10/01/2006,6081.2951,,,,inv
0047-0054-Sai Ltd,50,,12/01/2006,465.8747,,,,inv
0044-0049-Sai Ltd,53,,23/01/2006,279.5248,,,,inv
0049-0058-Sai Ltd,52,,23/01/2006,139.7624,,,,inv
0059-0054-Sai Ltd,51,,23/01/2006,116.4687,,,,inv
0026-0051-Sai Ltd,54,,04/02/2006,582.3433,,,,inv
0028-0072-Sai Ltd,55,,04/02/2006,582.3433,,,,inv
0040-0040-Sai Ltd,56,,04/02/2006,23293.734,,,,inv
0061-0999-Sai Ltd,57,,11/03/2006,139.7624,,,,inv
0051-0076-Sai Ltd,61,,21/03/2006,698.812,,,,inv
0062-0016-Sai Ltd,58,,21/03/2006,3494.0601,,,,inv
0071-0091-Sai Ltd,59,,21/03/2006,582.3433,,,,inv
0072-0096-Sai Ltd,60,,21/03/2006,652.2246,,,,inv
0074-0102-Sai Ltd,62,,22/03/2006,465.8747,,,,inv
0064-0031-Sai Ltd,63,,27/03/2006,151.4093,,,,inv
0058-0092-Sai Ltd,64,,28/03/2006,116.4687,,,,inv
0069-0065-Sai Ltd,66,,03/04/2006,349.406,,,,inv
0077-0999-Sai Ltd,65,,03/04/2006,46.5875,,,,inv
0079-0040-Sai Ltd,67,,23/05/2006,23293.734,,,,inv
0080-0073-Sai Ltd,68,,23/05/2006,23293.734,,,,inv
0063-0014-Sai Ltd,70,,05/06/2006,780.3401,,,,inv
0065-0033-Sai Ltd,69,,05/06/2006,1164.6867,,,,inv
0094-0050-Sai Ltd,71,,09/06/2006,116.4687,,,,inv
0056-0082-Sai Ltd,72,,24/06/2006,291.1717,,,,inv
0089-0076-Sai Ltd,73,,27/06/2006,380.0839,,,,inv
0093-0075-Sai Ltd,74,,27/06/2006,69.8812,,,,inv
0098-0083-Sai Ltd,76,,05/07/2006,58.2343,,,,inv
0117-0054-Sai Ltd,75,,05/07/2006,931.7494,,,,inv
0088-0999-Sai Ltd,77,,06/07/2006,93.1749,,,,inv
0101-0095-Sai Ltd,78,,06/07/2006,698.812,,,,inv
0100-0093-Sai Ltd,79,,07/07/2006,2212.9047,,,,inv
0103-0106-Sai Ltd,80,,07/07/2006,3109.7135,,,,inv
0076-0016-Sai Ltd,81,,21/07/2006,3494.0601,,,,inv
0116-0999-Sai Ltd,82,,21/07/2006,93.1749,,,,inv
0119-0098-Sai Ltd,83,,28/07/2006,2329.3734,,,,inv
0118-0106-Sai Ltd,84,,01/08/2006,1549.0333,,,,inv
0070-0077-Sai Ltd,85,,05/08/2006,652.2246,,,,inv
0078-0016-Sai Ltd,86,,05/08/2006,3494.0601,,,,inv
0122-0093-Sai Ltd,87,,05/08/2006,2212.9047,,,,inv
0124-0089-Sai Ltd,88,,08/08/2006,4783.2,1000010,25/09/2007,108.48,inv/CN
0115-0138-Sai Ltd,89,,22/08/2006,532.9606,,,,inv
0099-0088-Sai Ltd,90,,24/08/2006,465.8747,,,,inv
0130-0135-Sai Ltd,91,,01/09/2006,93.1749,,,,inv
0131-0157-Sai Ltd,92,,04/09/2006,94.7589,,,,inv
0104-0109-Sai Ltd,93,,05/09/2006,232.9373,,,,inv
0081-0016-Sai Ltd,94,,06/09/2006,3494.0601,,,,inv
0106-0114-Sai Ltd,95,,12/09/2006,582.3433,,,,inv
0113-0130-Sai Ltd,96,,13/09/2006,8968.0876,,,,inv
0108-0119-Sai Ltd,97,,14/09/2006,582.3433,,,,inv
0086-0020-Sai Ltd,98,,20/09/2006,1144.9569,,,,inv
0084-0003-Sai Ltd,99,,25/09/2006,789.611,,,,inv
0105-0110-Sai Ltd,100,,28/09/2006,582.3433,,,,inv
0114-0131-Sai Ltd,101,,02/10/2006,582.3433,,,,inv
0120-0040-Sai Ltd,102,,03/10/2006,23293.734,,,,inv
0121-0073-Sai Ltd,103,,03/10/2006,23293.734,,,,inv
0134-0130-Sai Ltd,104,,05/10/2006,8968.0876,,,,inv
0083-0001-Sai Ltd,105,,27/10/2006,1881.2485,,,,inv
0139-0081-Sai Ltd,106,,01/11/2006,325.297,,,,inv
0075-0100-Sai Ltd,109,,10/11/2006,6595.5742,,,,inv
0082-0016-Sai Ltd,110,,10/11/2006,3494.0601,,,,inv
0123-0153-Sai Ltd,108,,10/11/2006,1467.5052,,,,inv
0135-0016-Sai Ltd,111,,10/11/2006,3494.0601,,,,inv
0136-0016-Sai Ltd,112,,10/11/2006,3494.0601,,,,inv
0137-0016-Sai Ltd,113,,10/11/2006,3494.0601,,,,inv
0144-0130-Sai Ltd,107,,10/11/2006,8968.0876,,,,inv
0125-0089-Sai Ltd,115,,22/11/2006,4638.9937,,,,inv
0138-0081-Sai Ltd,114,,22/11/2006,1277.1023,,,,inv
0085-0012-Sai Ltd,117,,28/11/2006,931.7494,,,,inv
0090-0128-Sai Ltd,116,,28/11/2006,908.4556,,,,inv
0148-0130-Sai Ltd,118,,28/11/2006,8968.0876,,,,inv
0143-0020-Sai Ltd,119,,06/12/2006,687.2583,,,,inv
0155-0130-Sai Ltd,121,,27/12/2006,8968.0876,,,,inv
0153-0999-Sai Ltd,122,,30/12/2006,69.8812,,,,inv
0147-0034-Sai Ltd,123,,05/01/2007,296.0867,,,,inv
0160-0999-Sai Ltd,124,,24/01/2007,116.4687,,,,inv
0152-0200-Sai Ltd,125,,06/02/2007,1518.0526,,,,inv
0154-0145-Sai Ltd,128,,06/02/2007,1630.5614,,,,inv
0157-0098-Sai Ltd,127,,06/02/2007,9259.2593,,,,inv
0158-0130-Sai Ltd,126,,06/02/2007,8968.0876,,,,inv
0162-0999-Sai Ltd,129,,27/02/2007,93.1749,,,,inv
0163-0999-Sai Ltd,130,,27/02/2007,58.2343,,,,inv
0166-0130-Sai Ltd,131,,16/03/2007,8968.0876,,,,inv
0151-0182-Sai Ltd,132,,22/03/2007,698.812,,,,inv
0092-0067-Sai Ltd,133,,23/03/2007,465.8747,,,,inv
0141-0118-Sai Ltd,136,,10/04/2007,291.1717,,,,inv
0168-0091-Sai Ltd,134,,10/04/2007,3959.9348,,,,inv
0173-0999-Sai Ltd,135,,10/04/2007,58.2343,,,,inv
0174-0140-Sai Ltd,137,,11/04/2007,757.0464,,,,inv
0175-0023-Sai Ltd,138,,11/04/2007,640.5777,,,,inv
0165-0003-Sai Ltd,139,,13/04/2007,3848.0084,,,,inv
0182-0136-Sai Ltd,141,,30/04/2007,1001.6306,,,,inv
0183-0188-Sai Ltd,142,,30/04/2007,1001.6306,,,,inv
0050-0063-Sai Ltd,143,,07/05/2007,174.703,,,,inv
0176-0165-Sai Ltd,144,,09/05/2007,815.2807,,,,inv
0177-0130-Sai Ltd,146,,16/05/2007,8968.0876,,,,inv
0187-0034-Sai Ltd,145,,16/05/2007,628.3252,,,,inv
0186-0172-Sai Ltd,147,,19/05/2007,13393.9,,,,inv
0126-0003-Sai Ltd,148,,21/05/2007,984.7426,,,,inv
0196-0076-Sai Ltd,169,,21/05/2007,1397.624,,,,inv
0171-0106-Sai Ltd,149,,22/05/2007,1549.0333,,,,inv
0170-0106-Sai Ltd,150,,24/05/2007,3109.7135,,,,inv
0192-0101-Sai Ltd,151,,25/05/2007,69.8812,,,,inv
0190-0078-Sai Ltd,152,,30/05/2007,4324.7379,,,,inv
0159-0183-Sai Ltd,153,,31/05/2007,1921.7331,,,,inv
0180-0040-Sai Ltd,140,,09/06/2007,4891.6841,,,,inv
0199-0040-Sai Ltd,154,,09/06/2007,4192.8721,,,,inv
0200-0040-Sai Ltd,155,,09/06/2007,4111.344,,,,inv
0201-0040-Sai Ltd,156,,09/06/2007,2795.2481,,,,inv
0202-0040-Sai Ltd,157,,09/06/2007,2643.8388,,,,inv
0203-0040-Sai Ltd,158,,09/06/2007,3668.7631,,,,inv
0204-0040-Sai Ltd,159,,09/06/2007,3901.7004,,,,inv
0133-0073-Sai Ltd,160,,11/06/2007,25069.88,,,,inv
0179-0200-Sai Ltd,161,,14/06/2007,46587.468,,,,inv
0181-0130-Sai Ltd,162,,18/06/2007,8968.0876,,,,inv
0197-0130-Sai Ltd,163,,27/06/2007,7570.4635,,,,inv
0198-0130-Sai Ltd,164,,27/06/2007,7570.4635,,,,inv
0188-0034-Sai Ltd,165,,31/07/2007,2571.768,,,,inv
0205-0130-Sai Ltd,166,,18/08/2007,7570.4635,,,,inv
0212-0180-Sai Ltd,167,,27/08/2007,186.3499,,,,inv
0167-0014-Sai Ltd,168,,31/08/2007,349.406,,,,inv
0211-0167-Sai Ltd,170,,04/09/2007,280.4566,,,,inv
0224-0160-Sai Ltd,172,,07/09/2007,582.3433,,,,inv
0227-0176-Sai Ltd,171,,07/09/2007,768.6932,,,,inv
0228-0177-Sai Ltd,173,,07/09/2007,815.2807,,,,inv
0223-0158-Sai Ltd,174,,11/09/2007,815.2807,,,,inv
0210-0130-Sai Ltd,175,,24/09/2007,8088.7491,,,,inv
0230-0003-Sai Ltd,179,,28/09/2007,291.1717,,,,inv
0231-0130-Sai Ltd,178,,28/09/2007,8088.7491,,,,inv
0235-0172-Sai Ltd,177,,28/09/2007,4439.5062,,,,inv
0237-0170-Sai Ltd,176,,28/09/2007,606.8484,,,,inv
0206-0200-Sai Ltd,180,,04/10/2007,46587.468,,,,inv
0191-0078-Sai Ltd,181,,06/10/2007,888.2367,,,,inv
0215-0999-Sai Ltd,183,,06/10/2007,23.2937,,,,inv
0238-0098-Sai Ltd,184,,06/10/2007,37677.6147,,,,inv
0258-0223-Sai Ltd,182,,06/10/2007,93.1749,,,,inv
0273-0200-Sai Ltd,185,,06/10/2007,9870.2306,,,,inv
0257-0210-Sai Ltd,186,,11/10/2007,582.3433,,,,inv
0236-0170-Sai Ltd,187,,24/10/2007,3267.2024,,,,inv
0243-0184-Sai Ltd,189,,24/10/2007,69.8812,,,,inv
0247-0193-Sai Ltd,188,,24/10/2007,116.4687,,,,inv
0250-0199-Sai Ltd,194,,24/10/2007,318.1458,,,,inv
0254-0206-Sai Ltd,193,,24/10/2007,197.9967,,,,inv
0260-0213-Sai Ltd,191,,24/10/2007,186.3499,,,,inv
0268-0234-Sai Ltd,190,,24/10/2007,232.9373,,,,inv
0270-0236-Sai Ltd,192,,24/10/2007,349.406,,,,inv
0269-0235-Sai Ltd,195,,29/10/2007,524.109,,,,inv
0229-0178-Sai Ltd,198,,07/11/2007,1048.218,,,,inv
0241-0130-Sai Ltd,197,,07/11/2007,8088.7491,,,,inv
0264-0220-Sai Ltd,196,,07/11/2007,349.406,,,,inv
0265-0226-Sai Ltd,199,,07/11/2007,407.6403,,,,inv
0195-0076-Sai Ltd,206,,11/11/2007,353.4125,,,,inv
0271-0239-Sai Ltd,200,,13/11/2007,232.9373,,,,inv
0261-0214-Sai Ltd,201,,15/11/2007,641.556,1000025,25/09/2007,231.96,inv/CN
0216-0073-Sai Ltd,202,,04/12/2007,25069.8812,,,,inv
0280-0034-Sai Ltd,203,,14/12/2007,29.6063,,,,inv
0146-0016-Sai Ltd,204,,15/12/2007,26787.7941,,,,inv
0194-0186-Sai Ltd,205,,15/12/2007,15024.7612,,,,inv
0145-0098-Sai Ltd,120,,27/12/2007,1597.9502,,,,inv
0272-0109-Sai Ltd,207,,27/12/2007,279.5248,,,,inv
0274-0130-Sai Ltd,208,,31/12/2007,8088.7491,,,,inv
0276-0999-Sai Ltd,209,,31/12/2007,139.7624,,,,inv
0284-0032-Sai Ltd,210,,31/12/2007,582.3433,,,,inv
0285-0063-Sai Ltd,211,,31/12/2007,698.812,,,,inv
0292-0246-Sai Ltd,217,,31/12/2007,6988.12,,,,inv
0249-0199-Sai Ltd,213,,15/01/2008,1707.17,,,,inv
0288-0200-Sai Ltd,212,,15/01/2008,16949.15,,,,inv
0286-0064-Sai Ltd,215,,21/01/2008,3843.4661,,,,inv
0289-0171-Sai Ltd,214,,23/01/2008,5316.1,,,,inv
0209-0033-Sai Ltd,216,,24/01/2008,1579.24,1000019,25/09/2007,2334.11,inv/CN
0232-0130-Sai Ltd,218,,29/01/2008,1554.86,,,,inv
0281-0130-Sai Ltd,219,,29/01/2008,8088.75,,,,inv
0282-0130-Sai Ltd,220,,29/01/2008,8088.75,,,,inv
0406-0999-Sai Ltd,370,,29/01/2008,50,,,,inv
0290-0171-Sai Ltd,221,,31/01/2008,970.04,,,,inv
0294-0114-Sai Ltd,222,,31/01/2008,709.18,,,,inv
0467-0130-Sai Ltd,372,,04/02/2008,10604.47,,,,inv
0468-0130-Sai Ltd,373,,04/02/2008,10604.47,,,,inv
0287-0089-Sai Ltd,223,,12/02/2008,6981.34,,,,inv
0225-0161-Sai Ltd,225,,21/02/2008,1048.22,,,,inv
0296-0110-Sai Ltd,224,,21/02/2008,866,,,,inv
0311-0235-Sai Ltd,226,,21/02/2008,50,,,,inv
0318-0238-Sai Ltd,227,,21/02/2008,700,,,,inv
0328-0246-Sai Ltd,228,,21/02/2008,6988.12,,,,inv
0256-0208-Sai Ltd,232,,26/02/2008,465,,,,inv
0275-0200-Sai Ltd,231,,26/02/2008,109480.55,,,,inv
0301-0170-Sai Ltd,229,,26/02/2008,50,,,,inv
0321-0241-Sai Ltd,230,,26/02/2008,350,,,,inv
0316-0999-Sai Ltd,233,,27/02/2008,20,,,,inv
0302-0251-Sai Ltd,234,,28/02/2008,4600,,,,inv
0310-0196-Sai Ltd,235,,28/02/2008,500,,,,inv
0242-0130-Sai Ltd,240,,04/03/2008,163.06,,,,inv
0293-0130-Sai Ltd,236,,04/03/2008,8088.75,,,,inv
0307-0172-Sai Ltd,238,,04/03/2008,3915.96,,,,inv
0313-0198-Sai Ltd,239,,04/03/2008,150,,,,inv
0326-0230-Sai Ltd,237,,04/03/2008,833.23,,,,inv
0336-0999-Sai Ltd,241,,18/03/2008,235,,,,inv
0337-0219-Sai Ltd,242,,18/03/2008,3329.93,,,,inv
0345-0246-Sai Ltd,268,,21/03/2008,3494.06,,,,inv
0263-0216-Sai Ltd,243,,27/03/2008,970,,,,inv
0305-0034-Sai Ltd,244,,27/03/2008,50,,,,inv
0333-0242-Sai Ltd,245,,27/03/2008,600,,,,inv
0339-0219-Sai Ltd,246,,27/03/2008,665.98,,,,inv
0252-0203-Sai Ltd,249,,09/04/2008,965,,,,inv
0255-0207-Sai Ltd,250,,09/04/2008,800,,,,inv
0331-0232-Sai Ltd,248,,09/04/2008,375,,,,inv
0335-0250-Sai Ltd,247,,09/04/2008,600,,,,inv
0338-0194-Sai Ltd,251,,16/04/2008,100,,,,inv
0233-0172-Sai Ltd,253,,17/04/2008,20149.08,1000028,17/04/2008,11646.87,inv/CN
0327-0130-Sai Ltd,252,,17/04/2008,7925.69,1000027,17/04/2008,163.06,inv/CN
0362-0246-Sai Ltd,269,,21/04/2008,3494.06,,,,inv
0346-0999-Sai Ltd,254,,22/04/2008,50,,,,inv
0348-0999-Sai Ltd,257,,23/04/2008,30,,,,inv
0349-0999-Sai Ltd,255,,23/04/2008,100,,,,inv
0351-0999-Sai Ltd,256,,23/04/2008,50,,,,inv
0363-0259-Sai Ltd,258,,30/04/2008,687.5,,,,inv
0359-0114-Sai Ltd,259,,06/05/2008,552.12,,,,inv
0344-0130-Sai Ltd,260,,07/05/2008,8088.75,,,,inv
0368-0999-Sai Ltd,261,,07/05/2008,40,,,,inv
0340-0176-Sai Ltd,262,,08/05/2008,1632.86,1000031,21/04/2008,466.33,inv/CN
0342-0098-Sai Ltd,263,,08/05/2008,230,,,,inv
0357-0172-Sai Ltd,264,,13/05/2008,752.78,,,,inv
0366-0999-Sai Ltd,265,,21/05/2008,60,,,,inv
0369-0999-Sai Ltd,266,,21/05/2008,80,,,,inv
0388-0246-Sai Ltd,270,,21/05/2008,3494.06,,,,inv
0375-0999-Sai Ltd,267,,23/05/2008,35,,,,inv
0283-0001-Sai Ltd,272,,26/05/2008,2146.3545,,,,inv
0377-0267-Sai Ltd,271,,26/05/2008,400,,,,inv
0350-0212-Sai Ltd,273,,27/05/2008,50,,,,inv
0373-0253-Sai Ltd,274,,29/05/2008,3494.06,,,,inv
0378-0261-Sai Ltd,275,,30/05/2008,840,,,,inv
0303-0001-Sai Ltd,278,,10/06/2008,2146.3545,,,,inv
0361-0130-Sai Ltd,277,,10/06/2008,8088.75,,,,inv
0395-0177-Sai Ltd,276,,10/06/2008,2684.62,,,,inv
0251-0201-Sai Ltd,279,,17/06/2008,407.6403,,,,inv
0397-0201-Sai Ltd,280,,17/06/2008,174.7,,,,inv
0253-0204-Sai Ltd,281,,19/06/2008,1450,,,,inv
0184-0077-Sai Ltd,282,,20/06/2008,5715.86,1000035,20/06/2008,5509.55,inv/CN
0189-0145-Sai Ltd,283,,20/06/2008,7896.1798,1000036,20/06/2008,256.63,inv/CN
0325-0145-Sai Ltd,284,,20/06/2008,15024.46,,,,inv
0401-0246-Sai Ltd,285,,21/06/2008,3494.06,,,,inv
0266-0228-Sai Ltd,287,,01/07/2008,232.94,,,,inv
0343-0076-Sai Ltd,289,,01/07/2008,50,,,,inv
0353-0225-Sai Ltd,288,,01/07/2008,8152.8,,,,inv
0376-0108-Sai Ltd,286,,01/07/2008,500,,,,inv
0371-0079-Sai Ltd,290,,03/07/2008,727.06,,,,inv
0309-0193-Sai Ltd,292,,08/07/2008,815.28,,,,inv
0387-0130-Sai Ltd,291,,08/07/2008,8088.75,,,,inv
0408-0246-Sai Ltd,302,,21/07/2008,3494.06,,,,inv
0193-0105-Sai Ltd,297,,22/07/2008,582.34,,,,inv
0234-0172-Sai Ltd,295,,22/07/2008,254.13,,,,inv
0329-0222-Sai Ltd,296,,22/07/2008,925,,,,inv
0396-0999-Sai Ltd,294,,22/07/2008,200,,,,inv
0308-0164-Sai Ltd,306,,24/07/2008,2542.37,,,,inv
0322-0200-Sai Ltd,303,,24/07/2008,48000,,,,inv
0352-0200-Sai Ltd,304,,24/07/2008,9932.52,,,,inv
0354-0243-Sai Ltd,293,,24/07/2008,70,,,,inv
0383-0200-Sai Ltd,305,,24/07/2008,161042.06,,,,inv
0354-0243-Sai Ltd,299,,24/07/2008,380,,,,inv
0354-0243-Sai Ltd,300,,24/07/2008,480,,,,inv
0354-0243-Sai Ltd,301,,24/07/2008,1770,,,,inv
0398-0130-Sai Ltd,308,,31/07/2008,1077.23,,,,inv
0400-0130-Sai Ltd,307,,31/07/2008,8088.75,,,,inv
0304-0034-Sai Ltd,309,,05/08/2008,50,,,,inv
0405-0013-Sai Ltd,310,,05/08/2008,400,,,,inv
0380-0999-Sai Ltd,312,,07/08/2008,89,,,,inv
0404-0032-Sai Ltd,311,,07/08/2008,727.66,,,,inv
0365-0273-Sai Ltd,313,,19/08/2008,3000,,,,inv
0417-0246-Sai Ltd,314,,21/08/2008,3494.06,,,,inv
0382-0270-Sai Ltd,315,,26/08/2008,450,,,,inv
0413-0242-Sai Ltd,316,,28/08/2008,644.94,,,,inv
0414-0242-Sai Ltd,317,,02/09/2008,177.85,,,,inv
0384-0200-Sai Ltd,318,,04/09/2008,39697.86,,,,inv
0407-0130-Sai Ltd,319,,10/09/2008,8088.75,,,,inv
0416-0999-Sai Ltd,320,,16/09/2008,175,,,,inv
0432-0999-Sai Ltd,321,,18/09/2008,50,,,,inv
0434-0246-Sai Ltd,322,,23/09/2008,3494.06,,,,inv
0443-0114-Sai Ltd,443,,30/09/2008,2186.01,,,,PartP
0379-0218-Sai Ltd,326,,02/10/2008,3000,,,,inv
0426-0003-Sai Ltd,323,,02/10/2008,35,,,,inv
0429-0034-Sai Ltd,325,,02/10/2008,35,,,,inv
0431-0999-Sai Ltd,324,,02/10/2008,50,,,,inv
0402-0200-Sai Ltd,328,,06/10/2008,237344.09,,,,inv
0428-0076-Sai Ltd,327,,06/10/2008,35,,,,inv
0164-0197-Sai Ltd,329,,07/10/2008,1974.04,,,,inv
0297-0110-Sai Ltd,330,,07/10/2008,2542.37,,,,inv
0418-0130-Sai Ltd,331,,14/10/2008,8088.75,,,,inv
0356-0164-Sai Ltd,332,,15/10/2008,2698.72,,,,inv
0430-0999-Sai Ltd,333,,15/10/2008,70,,,,inv
0437-0246-Sai Ltd,335,,21/10/2008,3494.06,,,,inv
0438-0999-Sai Ltd,334,,21/10/2008,42.37,,,,inv
0411-0067-Sai Ltd,338,,29/10/2008,650,,,,inv
0436-0999-Sai Ltd,336,,29/10/2008,100,,,,inv
0445-0178-Sai Ltd,337,,29/10/2008,897.54,,,,inv
0442-0114-Sai Ltd,339,,05/11/2008,508.03,,,,inv
0213-0224-Sai Ltd,340,,07/11/2008,4425.81,,,,inv
0435-0224-Sai Ltd,341,,07/11/2008,6315,,,,inv
0440-0160-Sai Ltd,342,,12/11/2008,307.84,,,,inv
0433-0130-Sai Ltd,343,,13/11/2008,8088.75,,,,inv
0217-0040-Sai Ltd,347,,17/11/2008,13199.7671,,,,inv
0449-0260-Sai Ltd,344,,18/11/2008,230,,,,inv
0446-0178-Sai Ltd,349,,20/11/2008,324.29,,,,inv
0455-0246-Sai Ltd,351,,21/11/2008,3494.06,,,,inv
0451-0291-Sai Ltd,350,,25/11/2008,600,,,,inv
0383-0200-Sai Ltd,352,,27/11/2008,128511.96,,,,inv
0448-0272-Sai Ltd,353,,04/12/2008,1315,,,,inv
0334-0245-Sai Ltd,345,,11/12/2008,600,,,,inv
0423-0252-Sai Ltd,356,,16/12/2008,7600,,,,inv
0444-0040-Sai Ltd,348,,16/12/2008,26399.58,,,,inv
0441-0160-Sai Ltd,359,,17/12/2008,1356.86,,,,inv
0461-0999-Sai Ltd,358,,17/12/2008,390,,,,inv
0472-0178-Sai Ltd,357,,17/12/2008,2315.92,,,,inv
0474-0246-Sai Ltd,355,,21/12/2008,3494.06,,,,inv
0634-0345-Sai Ltd,554,,11/01/2009,630,,,,inv
0454-0226-Sai Ltd,360,,20/01/2009,800,,,,inv
0480-0246-Sai Ltd,361,,21/01/2009,3494.06,,,,inv
0421-0182-Sai Ltd,362,,22/01/2009,1401.19,,,,inv
0457-0029-Sai Ltd,363,,22/01/2009,247.23,,,,inv
0458-0029-Sai Ltd,364,,22/01/2009,148.25,,,,inv
0221-0141-Sai Ltd,369,,27/01/2009,1048.218,1000030,25/09/2007,931.75,inv/CN
0392-0051-Sai Ltd,367,,27/01/2009,2300.34,,,,inv
0393-0072-Sai Ltd,366,,27/01/2009,2259.83,,,,inv
0424-0275-Sai Ltd,365,,27/01/2009,2146.2,,,,inv
0481-0141-Sai Ltd,368,,27/01/2009,900,,,,inv
0482-0999-Sai Ltd,371,,11/02/2009,59.32,,,,inv
0483-0203-Sai Ltd,374,,11/02/2009,450,,,,inv
0374-0274-Sai Ltd,376,,17/02/2009,950,,,,inv
0477-0999-Sai Ltd,375,,17/02/2009,21.2,,,,inv
0456-0200-Sai Ltd,377,,19/02/2009,327017.94,,,,inv
0486-0246-Sai Ltd,378,,21/02/2009,3494.06,,,,inv
0470-0263-Sai Ltd,379,,25/02/2009,8150,,,,inv
0465-0176-Sai Ltd,381,,26/02/2009,1441.19,,,,inv
0484-0309-Sai Ltd,380,,26/02/2009,640,,,,inv
0469-0130-Sai Ltd,384,,10/03/2009,2700,,,,inv
0475-0130-Sai Ltd,382,,10/03/2009,10604.47,,,,inv
0479-0130-Sai Ltd,383,,10/03/2009,10604.47,,,,inv
0452-0296-Sai Ltd,385,,17/03/2009,450,,,,inv
0422-0244-Sai Ltd,386,,18/03/2009,7222.5,,,,inv
0439-0089-Sai Ltd,387,,18/03/2009,13417.6,,,,inv
0491-0246-Sai Ltd,389,,21/03/2009,4122.99,,,,inv
0453-0172-Sai Ltd,388,,23/03/2009,681,,,,inv
0364-0264-Sai Ltd,393,,21/04/2009,750,,,,inv
0485-0130-Sai Ltd,394,,21/04/2009,10604.47,,,,inv
0492-0064-Sai Ltd,392,,21/04/2009,9657.84,,,,inv
0496-0308-Sai Ltd,391,,21/04/2009,675,,,,inv
0500-0108-Sai Ltd,390,,21/04/2009,250,,,,inv
0501-0295-Sai Ltd,395,,21/04/2009,1630,,,,inv
0503-0246-Sai Ltd,396,,21/04/2009,3494.06,,,,inv
0494-0179-Sai Ltd,397,,27/04/2009,481.99,,,,inv
0504-0003-Sai Ltd,398,,27/04/2009,50,,,,inv
0073-0097-Sai Ltd,399,,30/04/2009,465.87,,,,inv
0497-0313-Sai Ltd,400,,30/04/2009,200,,,,inv
0498-0287-Sai Ltd,401,,30/04/2009,460,,,,inv
0493-0179-Sai Ltd,403,,12/05/2009,1095.85,,,,inv
0495-0179-Sai Ltd,402,,12/05/2009,40,,,,inv
0178-0121-Sai Ltd,404,,13/05/2009,465.87,,,,inv
0528-0200-Sai Ltd,410,,19/05/2009,93.22,,,,inv
0529-0200-Sai Ltd,405,,19/05/2009,93.22,,,,inv
0530-0200-Sai Ltd,406,,19/05/2009,93.22,,,,inv
0531-0200-Sai Ltd,407,,19/05/2009,93.22,,,,inv
0532-0200-Sai Ltd,408,,19/05/2009,93.22,,,,inv
0533-0200-Sai Ltd,409,,19/05/2009,93.22,,,,inv
0534-0200-Sai Ltd,411,,19/05/2009,93.22,,,,inv
0535-0200-Sai Ltd,412,,19/05/2009,93.22,,,,inv
0536-0200-Sai Ltd,413,,19/05/2009,93.22,,,,inv
0476-0304-Sai Ltd,414,,20/05/2009,500,,,,inv
0478-0304-Sai Ltd,415,,20/05/2009,200,,,,inv
0490-0130-Sai Ltd,418,,20/05/2009,10604.47,,,,inv
0505-0325-Sai Ltd,419,,20/05/2009,2500,,,,inv
0506-0325-Sai Ltd,420,,20/05/2009,220,,,,inv
0507-0325-Sai Ltd,421,,20/05/2009,230,,,,inv
0508-0325-Sai Ltd,422,,20/05/2009,960,,,,inv
0509-0325-Sai Ltd,423,,20/05/2009,160,,,,inv
0513-0304-Sai Ltd,416,,20/05/2009,500,,,,inv
0514-0304-Sai Ltd,417,,20/05/2009,1550,,,,inv
0537-0246-Sai Ltd,424,,21/05/2009,3494.06,,,,inv
0525-0309-Sai Ltd,426,,26/05/2009,525,,,,inv
0539-0200-Sai Ltd,425,,26/05/2009,93.22,,,,inv
0540-0200-Sai Ltd,427,,26/05/2009,93.22,,,,inv
0541-0200-Sai Ltd,428,,26/05/2009,93.22,,,,inv
0520-0189-Sai Ltd,430,,09/06/2009,6750,,,,inv
0522-0314-Sai Ltd,429,,09/06/2009,460,,,,inv
0172-0139-Sai Ltd,432,,11/06/2009,407.31,1000037,23/06/2008,175.03,inv/CN
0538-0327-Sai Ltd,431,,11/06/2009,236.88,,,,inv
0561-0207-Sai Ltd,543,,17/06/2009,1193.25,,,,inv
0567-0246-Sai Ltd,433,,21/06/2009,3494.06,,,,inv
0297-0110-Sai Ltd,434,,23/06/2009,2361.59,,,,inv
0447-0161-Sai Ltd,435,,24/06/2009,1350,,,,inv
0526-0161-Sai Ltd,436,,24/06/2009,600,1000052,24/06/2009,300,inv/CN
0330-0231-Sai Ltd,437,,01/07/2009,220,,,,inv
0319-0248-Sai Ltd,443,,08/07/2009,465,,,,inv
0320-0254-Sai Ltd,444,,08/07/2009,350,,,,inv
0390-0051-Sai Ltd,439,,08/07/2009,286.28,,,,inv
0391-0072-Sai Ltd,440,,08/07/2009,267.7,,,,inv
0427-0076-Sai Ltd,438,,08/07/2009,35,,,,inv
0462-0051-Sai Ltd,441,,08/07/2009,192.1,,,,inv
0463-0072-Sai Ltd,442,,08/07/2009,133.2,,,,inv
0502-0130-Sai Ltd,445,,09/07/2009,10604.47,,,,inv
0527-0130-Sai Ltd,446,,09/07/2009,10604.47,,,,inv
0512-0200-Sai Ltd,447,,10/07/2009,3000,,,,inv
0558-0276-Sai Ltd,448,,13/07/2009,780,,,,inv
0315-0205-Sai Ltd,449,,14/07/2009,340,,,,inv
0471-0178-Sai Ltd,450,,15/07/2009,385.99,,,,inv
0399-0172-Sai Ltd,453,,17/07/2009,1035.39,,,,inv
0410-0172-Sai Ltd,452,,17/07/2009,510.79,,,,inv
0518-0318-Sai Ltd,451,,17/07/2009,550,,,,inv
0317-0237-Sai Ltd,457,,21/07/2009,394.07,1000054,18/08/2009,70.93,inv/CN
0499-0166-Sai Ltd,456,,21/07/2009,900,,,,inv
0586-0246-Sai Ltd,455,,21/07/2009,3494.06,,,,inv
0519-0319-Sai Ltd,458,,22/07/2009,1000,,,,inv
0555-0281-Sai Ltd,459,,23/07/2009,240,,,,inv
0372-0999-Sai Ltd,461,,27/07/2009,115,,,,inv
0510-0200-Sai Ltd,465,,03/08/2009,234646.65,,,,inv
0566-0130-Sai Ltd,464,,03/08/2009,10604.47,,,,inv
0589-0999-Sai Ltd,463,,03/08/2009,932.2,,,,inv
0581-0179-Sai Ltd,466,,06/08/2009,1467.96,,,,inv
0590-0999-Sai Ltd,462,,06/08/2009,42.37,,,,inv
0515-0999-Sai Ltd,467,,11/08/2009,75,,,,inv
0552-0291-Sai Ltd,468,,11/08/2009,400,,,,inv
0563-0263-Sai Ltd,469,,11/08/2009,8150,,,,inv
0557-0277-Sai Ltd,470,,17/08/2009,1500,,,,inv
0595-0246-Sai Ltd,471,,20/08/2009,5040,,,,inv
0596-0246-Sai Ltd,472,,20/08/2009,4637.82,,,,inv
0593-0999-Sai Ltd,473,,24/08/2009,50,,,,inv
0597-0228-Sai Ltd,474,,26/08/2009,450,,,,inv
0524-0315-Sai Ltd,475,,31/08/2009,400,,,,inv
0218-0186-Sai Ltd,477,,01/09/2009,10482.18,,,,inv
0245-0186-Sai Ltd,478,,01/09/2009,6988.12,,,,inv
0267-0229-Sai Ltd,479,,01/09/2009,291.17,,,,inv
0277-0100-Sai Ltd,480,,01/09/2009,13784.02,,,,inv
0278-0100-Sai Ltd,481,,01/09/2009,11774.52,,,,inv
0291-0099-Sai Ltd,482,,01/09/2009,450,,,,inv
0194-0186-Sai Ltd,476,,01/09/2009,5939.5988,,,,inv
0588-0295-Sai Ltd,460,,04/09/2009,237.95,,,,inv
0599-0999-Sai Ltd,483,,10/09/2009,30,,,,inv
0600-0327-Sai Ltd,484,,14/09/2009,250,,,,inv
0577-0304-Sai Ltd,486,,15/09/2009,260,,,,inv
0578-0304-Sai Ltd,487,,15/09/2009,150,,,,inv
0580-0304-Sai Ltd,485,,15/09/2009,5200,,,,inv
0585-0130-Sai Ltd,489,,15/09/2009,10604.47,,,,inv
0602-0297-Sai Ltd,488,,15/09/2009,20000,,,,inv
0521-0303-Sai Ltd,490,,16/09/2009,450,,,,inv
0607-0246-Sai Ltd,491,,20/09/2009,5040,,,,inv
0587-0295-Sai Ltd,493,,23/09/2009,1237.95,,,,inv
0612-0999-Sai Ltd,492,,23/09/2009,211.86,,,,inv
0403-0200-Sai Ltd,496,,24/09/2009,76782.13,,,,inv
0487-0301-Sai Ltd,495,,24/09/2009,930,,,,inv
0610-0195-Sai Ltd,494,,24/09/2009,800,,,,inv
0510-0200-Sai Ltd,497,,24/09/2009,234646.66,,,,inv
0347-0999-Sai Ltd,499,,25/09/2009,50,,,,inv
0583-0219-Sai Ltd,498,,25/09/2009,1850.93,,,,inv
0608-0279-Sai Ltd,500,,25/09/2009,560,,,,inv
0208-0030-Sai Ltd,501,,28/09/2009,722.64,,,,inv
0573-0064-Sai Ltd,502,,28/09/2009,6070.31,,,,inv
0562-0244-Sai Ltd,504,,29/09/2009,3210,,,,inv
0575-0089-Sai Ltd,503,,29/09/2009,37453.25,,,,inv
0547-0322-Sai Ltd,505,,30/09/2009,770,,,,inv
0726-0114-Sai Ltd,,,30/09/2009,29.66,,,,inv
0466-0219-Sai Ltd,507,,01/10/2009,565.58,,,,inv
0564-0219-Sai Ltd,508,,01/10/2009,355.39,,,,inv
0584-0219-Sai Ltd,409,,01/10/2009,370.18,,,,inv
0594-0130-Sai Ltd,506,,01/10/2009,10604.47,,,,inv
0545-0179-Sai Ltd,510,,02/10/2009,690.79,,,,inv
0576-0001-Sai Ltd,511,,05/10/2009,380,,,,inv
0544-0179-Sai Ltd,512,,06/10/2009,3453.97,,,,inv
0605-0259-Sai Ltd,513,,06/10/2009,900,1000060,23/09/2009,100,inv/CN
0459-0310-Sai Ltd,514,,12/10/2009,580,,,,inv
0546-0325-Sai Ltd,516,,13/10/2009,1295,,,,inv
0572-0168-Sai Ltd,517,,13/10/2009,170,,,,inv
0582-0179-Sai Ltd,515,,13/10/2009,280.22,,,,inv
0394-0188-Sai Ltd,518,,14/10/2009,2950,,,,inv
0618-0341-Sai Ltd,536,,17/10/2009,100,,,,inv
0620-0246-Sai Ltd,519,,20/10/2009,5040,,,,inv
0556-0280-Sai Ltd,519,,21/10/2009,500,,,,inv
0621-0295-Sai Ltd,520,,22/10/2009,250,,,,inv
0164-0197-Sai Ltd,521,,26/10/2009,1520.02,,,,inv
0559-0264-Sai Ltd,523,,28/10/2009,620,,,,inv
0623-0029-Sai Ltd,522,,28/10/2009,155.09,,,,inv
0626-0308-Sai Ltd,525,,30/10/2009,380.08,,,,inv
0628-0297-Sai Ltd,524,,30/10/2009,13000,,,,inv
0574-0028-Sai Ltd,526,,04/11/2009,700,,,,inv
0592-0333-Sai Ltd,527,,05/11/2009,3000,,,,inv
0551-0298-Sai Ltd,530,,06/11/2009,500,,,,inv
0554-0286-Sai Ltd,531,,06/11/2009,1500,,,,inv
0625-0308-Sai Ltd,528,,06/11/2009,865.23,,,,inv
0625-0308-Sai Ltd,529,,06/11/2009,865.22,,,,inv
0606-0130-Sai Ltd,533,,09/11/2009,10604.47,,,,inv
0624-0999-Sai Ltd,532,,09/11/2009,70,,,,inv
0598-0330-Sai Ltd,534,,13/11/2009,20564.65,,,,inv
0614-0330-Sai Ltd,535,,13/11/2009,17629.5,,,,inv
0622-0029-Sai Ltd,536,,16/11/2009,975.45,,,,inv
0609-0334-Sai Ltd,537,,18/11/2009,4483.05,,,,inv
0629-0256-Sai Ltd,538,,18/11/2009,1900,,,,inv
0631-0999-Sai Ltd,540,,20/11/2009,75,,,,inv
0633-0246-Sai Ltd,539,,20/11/2009,5040,,,,inv
0635-0114-Sai Ltd,541,,25/11/2009,29.66,,,,inv
0425-0265-Sai Ltd,544,,01/12/2009,2000,,,,inv
0637-0332-Sai Ltd,542,,01/12/2009,33400,,,,inv
0615-0130-Sai Ltd,546,,03/12/2009,1454.3,,,,inv
0616-0130-Sai Ltd,547,,03/12/2009,528.57,,,,inv
0619-0130-Sai Ltd,545,,03/12/2009,10604.47,,,,inv
0638-0999-Sai Ltd,548,,14/12/2009,200,,,,inv
0641-0114-Sai Ltd,549,,16/12/2009,50,,,,inv
0627-0335-Sai Ltd,550,,21/12/2009,14250,,,,inv
0630-0335-Sai Ltd,551,,21/12/2009,860,,,,inv
0644-0246-Sai Ltd,552,,21/12/2009,5040,,,,inv
0603-0304-Sai Ltd,546,,22/12/2009,3850,,,,inv
0643-0297-Sai Ltd,546,,31/12/2009,13000,,,,inv
0632-0130-Sai Ltd,547,,05/01/2010,10604.47,,,,inv
0639-0029-Sai Ltd,549,,05/01/2010,275.78,,,,inv
0657-0304-Sai Ltd,548,,05/01/2010,175,,,,inv
0640-0029-Sai Ltd,553,,07/01/2010,55.16,,,,inv
0659-0265-Sai Ltd,555,,15/01/2010,5150,,,,inv
0661-0246-Sai Ltd,556,,20/01/2010,5040,,,,inv
0662-0114-Sai Ltd,557,,25/01/2010,29.66,,,,inv
0664-0999-Sai Ltd,558,,27/01/2010,84.75,,,,inv
0645-0130-Sai Ltd,559,,08/02/2010,14836.48,,,,inv
0646-0130-Sai Ltd,560,,08/02/2010,12493.19,,,,inv
0648-0130-Sai Ltd,561,,08/02/2010,3074.78,,,,inv
0649-0130-Sai Ltd,562,,08/02/2010,3533.2,,,,inv
0650-0130-Sai Ltd,563,,08/02/2010,4092.25,,,,inv
0651-0130-Sai Ltd,564,,08/02/2010,4092.25,,,,inv
0652-0130-Sai Ltd,565,,08/02/2010,1118.08,,,,inv
0663-0352-Sai Ltd,565,,15/02/2010,500,,,,inv
0636-0335-Sai Ltd,566,,17/02/2010,4750,,,,inv
0613-0330-Sai Ltd,570,,18/02/2010,19727.44,,,,inv
0653-0330-Sai Ltd,571,,18/02/2010,19335.22,,,,inv
0675-0246-Sai Ltd,568,,20/02/2010,5040,,,,inv
0678-0999-Sai Ltd,572,,22/02/2010,50,,,,inv
0676-0297-Sai Ltd,569,,26/02/2010,13000,,,,inv
0660-0130-Sai Ltd,573,,02/03/2010,14836.48,,,,inv
0682-0114-Sai Ltd,574,,04/03/2010,29.66,,,,inv
0680-0999-Sai Ltd,576,,05/03/2010,50,,,,inv
0669-0339-Sai Ltd,577,,08/03/2010,25000,,,,inv
0679-0295-Sai Ltd,578,,09/03/2010,500,,,,inv
0681-0999-Sai Ltd,579,,15/03/2010,50,,,,inv
0689-0246-Sai Ltd,581,,20/03/2010,5040,,,,inv
0685-0999-Sai Ltd,580,,23/03/2010,84.75,,,,inv
0674-0130-Sai Ltd,583,,05/04/2010,14836.48,,,,inv
0686-0219-Sai Ltd,584,,05/04/2010,50,,,,inv
0611-0048-Sai Ltd,586,,19/04/2010,600,,,,inv
0694-0347-Sai Ltd,585,,19/04/2010,500,,,,inv
0705-0246-Sai Ltd,587,,20/04/2010,5040,,,,inv
0687-0999-Sai Ltd,588,,27/04/2010,65,,,,inv
0553-0289-Sai Ltd,589,,29/04/2010,2800,,,,inv
0560-0204-Sai Ltd,590,,29/04/2010,650,,,,inv
0671-0335-Sai Ltd,591,,29/04/2010,4750,,,,inv
0672-0335-Sai Ltd,592,,29/04/2010,4750,,,,inv
0673-0335-Sai Ltd,593,,29/04/2010,4750,,,,inv
0688-0335-Sai Ltd,594,,29/04/2010,4750,,,,inv
0665-0354-Sai Ltd,595,,06/05/2010,700,,,,inv
0693-0313-Sai Ltd,597,,06/05/2010,500,,,,inv
0708-0078-Sai Ltd,596,,06/05/2010,100,,,,inv
0601-0061-Sai Ltd,598,,07/05/2010,935,,,,inv
0707-0171-Sai Ltd,599,,13/05/2010,84.75,,,,inv
0709-0999-Sai Ltd,600,,17/05/2010,84.75,,,,inv
0692-0277-Sai Ltd,602,,18/05/2010,500,,,,inv
0697-0334-Sai Ltd,601,,18/05/2010,15800,,,,inv
0549-0302-Sai Ltd,603,,20/05/2010,400,1000062,20/05/2010,420,inv/CN
0684-0256-Sai Ltd,604,,20/05/2010,2000,,,,inv
0721-0246-Sai Ltd,606,,20/05/2010,1395.72,,,,inv
0690-0130-Sai Ltd,605,,21/05/2010,14836.48,,,,inv
0667-0329-Sai Ltd,607,,01/06/2010,1390,1000063,26/05/2010,300,inv/CN
0654-0330-Sai Ltd,608,,04/06/2010,20688.5,,,,inv
0655-0330-Sai Ltd,609,,04/06/2010,19295.98,,,,inv
0668-0330-Sai Ltd,610,,04/06/2010,11500,,,,inv
0715-0064-Sai Ltd,611,,10/06/2010,50,,,,inv
0730-0064-Sai Ltd,612,,10/06/2010,50,,,,inv
0728-0351-Sai Ltd,613,,14/06/2010,150,,,,inv
0548-0312-Sai Ltd,614,,16/06/2010,4000,,,,inv
0699-0130-Sai Ltd,615,,18/06/2010,244.79,,,,inv
0700-0130-Sai Ltd,616,,18/06/2010,550.14,,,,inv
0701-0130-Sai Ltd,617,,18/06/2010,497.62,,,,inv
0704-0130-Sai Ltd,618,,18/06/2010,14836.48,,,,inv
0734-0064-Sai Ltd,619,,21/06/2010,50,,,,inv
0732-0999-Sai Ltd,620,,22/06/2010,50.85,,,,inv
0523-0323-Sai Ltd,621,,23/06/2010,169.49,1000064,23/06/2010,160.51,inv/CN
0415-0172-Sai Ltd,622,,24/06/2010,3202.47,,,,inv
0617-0145-Sai Ltd,623,,05/07/2010,2000,,,,inv
0711-0343-Sai Ltd,624,,05/07/2010,1150,,,,inv
0733-0363-Sai Ltd,625,,05/07/2010,211.87,,,,inv
0473-0214-Sai Ltd,627,,06/07/2010,150.42,,,,inv
0670-0214-Sai Ltd,628,,06/07/2010,401.26,,,,inv
0731-0142-Sai Ltd,626,,06/07/2010,131.84,,,,inv
0739-0309-Sai Ltd,629,,09/07/2010,303.77,,,,inv
0747-0999-Sai Ltd,630,,09/07/2010,84.75,,,,inv
0722-0130-Sai Ltd,633,,16/07/2010,14836.48,,,,inv
0741-0364-Sai Ltd,632,,16/07/2010,127.12,,,,inv
0748-0064-Sai Ltd,631,,16/07/2010,50,,,,inv
0713-0357-Sai Ltd,634,,22/07/2010,900,,,,inv
0702-0330-Sai Ltd,636,,23/07/2010,17977.67,,,,inv
0703-0330-Sai Ltd,637,,23/07/2010,13211.2,,,,inv
0723-0179-Sai Ltd,635,,23/07/2010,3102.14,,,,inv
0746-0063-Sai Ltd,638,,27/07/2010,2053.13,,,,inv
0666-0098-Sai Ltd,641,,28/07/2010,7700,,,,inv
0683-0098-Sai Ltd,640,,29/07/2010,308.23,,,,inv
0718-0251-Sai Ltd,639,,29/07/2010,7500,,,,inv
0759-0242-Sai Ltd,642,,30/07/2010,228.81,,,,inv
0742-0339-Sai Ltd,644,,02/08/2010,47000,,,,inv
0743-0999-Sai Ltd,643,,02/08/2010,338.98,,,,inv
0758-0368-Sai Ltd,645,,04/08/2010,254.24,,,,inv
0677-0346-Sai Ltd,646,,06/08/2010,5275,,,,inv
0543-0999-Sai Ltd,647,,09/08/2010,50,,,,inv
0736-0130-Sai Ltd,648,,10/08/2010,14836.48,,,,inv
0749-0358-Sai Ltd,649,,11/08/2010,15047.45,,,,inv
0750-0358-Sai Ltd,650,,11/08/2010,60189.8,,,,inv
0724-0179-Sai Ltd,652,,23/08/2010,353.8,,,,inv
0755-0999-Sai Ltd,651,,23/08/2010,360,,,,inv
0767-0999-Sai Ltd,653,,23/08/2010,169.49,,,,inv
0706-0335-Sai Ltd,654,,24/08/2010,4750,,,,inv
0720-0335-Sai Ltd,655,,24/08/2010,4750,,,,inv
0735-0335-Sai Ltd,656,,24/08/2010,4750,,,,inv
0771-0064-Sai Ltd,657,,26/08/2010,50,,,,inv
0761-0235-Sai Ltd,658,,01/09/2010,1230,,,,inv
0765-0366-Sai Ltd,659,,02/09/2010,600,,,,inv
0752-0999-Sai Ltd,660,,03/09/2010,211.87,,,,inv
0757-0999-Sai Ltd,661,,07/09/2010,50,,,,inv
0511-0200-Sai Ltd,662,,09/09/2010,50336.52,,,,inv
0753-0130-Sai Ltd,664,,27/09/2010,14836.48,,,,inv
0773-0179-Sai Ltd,663,,27/09/2010,50,,,,inv
0489-0100-Sai Ltd,667,,28/09/2010,14585,,,,inv
0698-0100-Sai Ltd,666,,28/09/2010,9709.32,,,,inv
0754-0335-Sai Ltd,665,,28/09/2010,4750,,,,inv
0488-0186-Sai Ltd,668,,29/09/2010,19799.68,,,,inv
0785-0064-Sai Ltd,669,,29/09/2010,50,,,,inv
0775-0358-Sai Ltd,672,,07/10/2010,30094.9,,,,inv
0787-0358-Sai Ltd,673,,07/10/2010,12000,,,,inv
0658-0296-Sai Ltd,674,,12/10/2010,300,,,,inv
0762-0343-Sai Ltd,675,,21/10/2010,1150,,,,inv
0804-0308-Sai Ltd,676,,22/10/2010,100,,,,inv
0805-0341-Sai Ltd,677,,27/10/2010,3900,,,,inv
0770-0130-Sai Ltd,678,,28/10/2010,14836.48,,,,inv
0756-0999-Sai Ltd,680,,29/10/2010,169.49,,,,inv
0812-0332-Sai Ltd,679,,29/10/2010,550,,,,inv
0797-0358-Sai Ltd,682,,03/11/2010,57289.74,,,,inv
0815-0999-Sai Ltd,681,,05/11/2010,63.59,,,,inv
0766-0161-Sai Ltd,696,,20/11/2010,423.73,1000076,05/11/2010,476.27,inv/CN
0781-0130-Sai Ltd,684,,22/11/2010,249.9,,,,inv
0782-0130-Sai Ltd,685,,22/11/2010,508.94,,,,inv
0783-0130-Sai Ltd,6860,,22/11/2010,583.08,,,,inv
0827-0179-Sai Ltd,827,,25/11/2010,118.64,,,,inv
0833-0339-Sai Ltd,833,,26/11/2010,175,,,,inv
0769-0335-Sai Ltd,687,,30/11/2010,17250,,,,inv
0774-0335-Sai Ltd,688,,30/11/2010,12500,,,,inv
0817-0335-Sai Ltd,689,,30/11/2010,20650,,,,inv
0818-0335-Sai Ltd,690,,30/11/2010,20650,,,,inv
0412-0142-Sai Ltd,692,,01/12/2010,800,,,,inv
0729-0064-Sai Ltd,691,,01/12/2010,50,,,,inv
0826-0999-Sai Ltd,693,,01/12/2010,118.64,,,,inv
0691-0097-Sai Ltd,694,,06/12/2010,1000,,,,inv
0788-0999-Sai Ltd,695,,11/12/2010,254.24,1000077,11/12/2010,45.76,inv/CN
0834-0309-Sai Ltd,834,,07/01/2011,100.7627,,,,inv
0829-0339-Sai Ltd,829,,19/01/2011,10670.19,,,,inv
0784-0130-Sai Ltd,784,,21/01/2011,139.76,,,,inv
0789-0130-Sai Ltd,789,,21/01/2011,2375.96,,,,inv
0845-0999-Sai Ltd,845,,27/01/2011,63.56,,,,inv
0837-0376-Sai Ltd,837,,31/01/2011,700,,,,inv
0823-0269-Sai Ltd,823,,04/02/2011,550,,,,inv
0838-0999-Sai Ltd,838,,04/02/2011,80,,,,inv
0852-0999-Sai Ltd,852,,04/02/2011,320,,,,inv
0776-0098-Sai Ltd,776,,14/02/2011,410,,,,inv
0821-0335-Sai Ltd,821,,17/02/2011,440,,,,inv
0840-0335-Sai Ltd,840,,17/02/2011,20650,,,,inv
0370-0999-Sai Ltd,298,,24/02/2011,350,,,,inv
0816-0259-Sai Ltd,816,,24/02/2011,139.83,,,,inv
0822-0172-Sai Ltd,683,,24/02/2011,84.75,,,,inv
0790-0130-Sai Ltd,790,,25/02/2011,2375.96,,,,inv
0791-0130-Sai Ltd,791,,25/02/2011,2375.96,,,,inv
0792-0130-Sai Ltd,792,,25/02/2011,2375.96,,,,inv
0793-0130-Sai Ltd,793,,25/02/2011,17212.44,,,,inv
0800-0334-Sai Ltd,800,,25/02/2011,3828.23,,,,inv
0801-0285-Sai Ltd,801,,25/02/2011,6833.33,,,,inv
0807-0130-Sai Ltd,807,,25/02/2011,17212.44,,,,inv
0813-0309-Sai Ltd,813,,25/02/2011,616.95,,,,inv
0819-0130-Sai Ltd,819,,25/02/2011,5280,,,,inv
0820-0130-Sai Ltd,820,,25/02/2011,5280,,,,inv
0856-0999-Sai Ltd,856,,25/02/2011,50,,,,inv
0859-3000-Sai Ltd,859,1,28/02/2011,15677.97,,,,PartP
0796-0374-Sai Ltd,796,,04/03/2011,1900,,,,inv
0830-0130-Sai Ltd,830,,04/03/2011,5280,,,,inv
0836-0130-Sai Ltd,836,,04/03/2011,5280,,,,inv
0843-0130-Sai Ltd,843,,04/03/2011,5280,,,,inv
0868-0235-Sai Ltd,868,,04/03/2011,84.75,,,,inv
0828-0335-Sai Ltd,828,,07/03/2011,20650,,,,inv
0871-0999-Sai Ltd,871,,07/03/2011,211.86,,,,inv
0844-0377-Sai Ltd,844,,08/03/2011,6000,,,,inv
0867-0166-Sai Ltd,867,,11/03/2011,101.69,,,,inv
0870-0308-Sai Ltd,870,,11/03/2011,127.12,,,,inv
0420-0091-Sai Ltd,420,,15/03/2011,2118.65,1000081,15/03/2011,259.85,inv/CN
0873-0400-Sai Ltd,873,,24/03/2011,39750,,,,inv
0710-0342-Sai Ltd,710,,30/03/2011,3750,,,,inv
0806-0142-Sai Ltd,806,,30/03/2011,148.27,,,,inv
0857-0172-Sai Ltd,857,,30/03/2011,63.56,,,,inv
0825-0130-Sai Ltd,825,,06/04/2011,17212.44,,,,inv
0835-0130-Sai Ltd,835,,06/04/2011,17212.44,,,,inv
0861-0130-Sai Ltd,861,,06/04/2011,5280,,,,inv
0841-0335-Sai Ltd,841,,13/04/2011,20650,,,,inv
0879-0179-Sai Ltd,879,1,13/04/2011,42.37,,,,PartP
0570-0136-Sai Ltd,570,1,26/04/2011,439.83,,,,PartP
0798-0334-Sai Ltd,798,1,29/04/2011,16949.15,,,,PartP
0824-0269-Sai Ltd,823,,29/04/2011,550,,,,inv
0849-0200-Sai Ltd,849,1,29/04/2011,165322,,12/12/2012,,PartP
0894-0064-Sai Ltd,894,,29/04/2011,50,,,,inv
0887-0339-Sai Ltd,887,,04/05/2011,76130.8,,,,inv
0896-0289-Sai Ltd,896,,05/05/2011,2751.63,,,,inv
0842-0130-Sai Ltd,842,,12/05/2011,17212.44,,,,inv
0860-0130-Sai Ltd,860,,12/05/2011,17212.44,,,,inv
0862-0335-Sai Ltd,862,,12/05/2011,20650,,,,inv
0882-0383-Sai Ltd,882,,12/05/2011,4169.49,,,,inv
0903-0034-Sai Ltd,903,,17/05/2011,50,,,,inv
0872-0335-Sai Ltd,872,,20/05/2011,11620.94,,,,inv
0877-0335-Sai Ltd,877,,20/05/2011,20650,,,,inv
0875-0130-Sai Ltd,875,,25/05/2011,17212.44,,,,inv
0878-0130-Sai Ltd,878,,25/05/2011,4073.33,,,,inv
0717-0330-Sai Ltd,717,1,30/05/2011,2051.61,,,,PartP
0794-0330-Sai Ltd,794,,30/05/2011,4209,,,,inv
0795-0330-Sai Ltd,795,,30/05/2011,4209,,,,inv
0895-0156-Sai Ltd,895,,30/05/2011,1000,,,,inv
0902-0114-Sai Ltd,902,,30/05/2011,50,,,,inv
0703-0330-Sai Ltd,703,,30/05/2011,639.4,,,,inv
0859-3000-Sai Ltd,859,2,31/05/2011,4237.29,,,,PartP
0859-3000-Sai Ltd,859,3,31/05/2011,2118.64,,,,PartP
0899-0373-Sai Ltd,899,,03/06/2011,23150.85,,,,inv
0918-0999-Sai Ltd,919,,03/06/2011,84.75,,,,inv
0911-0272-Sai Ltd,911,,08/06/2011,243.12,,,,inv
0912-0272-Sai Ltd,912,,08/06/2011,225.86,,,,inv
0913-0022-Sai Ltd,913,,08/06/2011,660.32,,,,inv
0915-0261-Sai Ltd,915,,08/06/2011,88.99,,,,inv
0932-0999-Sai Ltd,933,,28/06/2011,42.37,,,,inv
0511-0200-Sai Ltd,511,1,30/06/2011,194.86,,,,PartP
0798-0334-Sai Ltd,798,2,30/06/2011,527.92,,,,PartP
0853-0200-Sai Ltd,853,1,30/06/2011,1559.37,,,,PartP
0853-0200-Sai Ltd,853,2,30/06/2011,8474.49,,,,PartP
0890-0335-Sai Ltd,890,,04/07/2011,20650,,,,inv
0916-0386-Sai Ltd,916,,04/07/2011,1100,,,,inv
0920-0114-Sai Ltd,920,,04/07/2011,50,,,,inv
0927-0999-Sai Ltd,927,,06/07/2011,40,,,,inv
0901-0114-Sai Ltd,901,,08/07/2011,50,,,,inv
0933-0022-Sai Ltd,933,,12/07/2011,3553.7,,,,inv
0888-0400-Sai Ltd,888,,14/07/2011,39750,,,,inv
0891-0130-Sai Ltd,891,,14/07/2011,4073.33,,,,inv
0892-0130-Sai Ltd,892,,14/07/2011,17491.96,,,,inv
0908-0130-Sai Ltd,908,,14/07/2011,4073.31,,,,inv
0937-0999-Sai Ltd,937,,18/07/2011,75,,,,inv
0917-0327-Sai Ltd,917,,20/07/2011,1430,,,,inv
0906-0335-Sai Ltd,906,,26/07/2011,20650,,,,inv
0914-0391-Sai Ltd,914,,26/07/2011,1540,,,,inv
0936-0999-Sai Ltd,936,,29/07/2011,50,,,,inv
0859-3000-Sai Ltd,859,5,01/08/2011,4181.22,,,,PartP
0921-0142-Sai Ltd,921,,02/08/2011,50,,,,inv
0847-0330-Sai Ltd,847,,08/08/2011,1966.51,,,,inv
0717-0330-Sai Ltd,717,2,08/08/2011,2157.39,,,,PartP
0869-0172-Sai Ltd,869,,11/08/2011,148.3,,,,inv
0900-0130-Sai Ltd,900,,11/08/2011,419.29,,,,inv
0907-0130-Sai Ltd,907,,11/08/2011,17491.96,,,,inv
0850-0285-Sai Ltd,850,,12/08/2011,14667,,,,inv
0930-0130-Sai Ltd,930,,14/08/2011,4073.31,,,,inv
0946-0182-Sai Ltd,946,,22/08/2011,59.32,,,,inv
0928-0335-Sai Ltd,928,,29/08/2011,20650,,,,inv
0938-0289-Sai Ltd,938,,12/09/2011,15229.76,,,,inv
0939-0130-Sai Ltd,939,,12/09/2011,17491.96,,,,inv
0940-0130-Sai Ltd,940,,12/09/2011,4073.31,,,,inv
0949-0999-Sai Ltd,949,,12/09/2011,42.37,,,,inv
0929-0130-Sai Ltd,929,,14/09/2011,17491.96,,,,inv
0934-0272-Sai Ltd,934,,19/09/2011,1966.41,,,,inv
0955-0999-Sai Ltd,955,,19/09/2011,423.73,,,,inv
0963-0999-Sai Ltd,963,,19/09/2011,110.17,,,,inv
0763-0342-Sai Ltd,763,1,20/09/2011,2689.83,,,,PartP
0948-0339-Sai Ltd,948,,22/09/2011,49717.5,,,,inv
0904-0077-Sai Ltd,904,,23/09/2011,84.75,,,,inv
0941-0335-Sai Ltd,941,,26/09/2011,20650,,,,inv
0905-0028-Sai Ltd,905,,30/09/2011,600,,,,inv
0956-0028-Sai Ltd,956,,30/09/2011,63.56,,,,inv
0786-0372-Sai Ltd,670,,07/10/2011,50,,,,inv
0738-0309-Sai Ltd,738,,13/10/2011,1297.64,,,,inv
0969-0389-Sai Ltd,969,,13/10/2011,17975,,,,inv
0976-0309-Sai Ltd,976,,13/10/2011,509.98,,,,inv
0950-0130-Sai Ltd,950,,22/10/2011,17491.96,,,,inv
0951-0130-Sai Ltd,951,,22/10/2011,4073.31,,,,inv
0898-0064-Sai Ltd,898,1,29/10/2011,14875.77,,,,PartP
0958-0390-Sai Ltd,958,,31/10/2011,2120,,,,inv
0968-0359-Sai Ltd,968,,31/10/2011,10000,,,,inv
0978-0393-Sai Ltd,978,,31/10/2011,889.83,,,,inv
0985-0999-Sai Ltd,985,,31/10/2011,63.56,,,,inv
0972-0999-Sai Ltd,972,,01/11/2011,70,,,,inv
0986-0203-Sai Ltd,986,,01/11/2011,50,,,,inv
0987-0203-Sai Ltd,987,,01/11/2011,50,,,,inv
0988-0203-Sai Ltd,988,,01/11/2011,50,,,,inv
0989-0203-Sai Ltd,989,,01/11/2011,50,,,,inv
0990-0159-Sai Ltd,990,,03/11/2011,50,,,,inv
0952-0335-Sai Ltd,952,,04/11/2011,20650,,,,inv
0991-0250-Sai Ltd,991,,05/11/2011,95.65,,,,inv
0984-0386-Sai Ltd,984,,07/11/2011,420,,,,inv
0997-0064-Sai Ltd,997,,18/11/2011,50,,,,inv
0964-0130-Sai Ltd,964,,28/11/2011,17491.96,,,,inv
0965-0130-Sai Ltd,965,,28/11/2011,4073.31,,,,inv
0959-0098-Sai Ltd,959,,29/11/2011,7000,,,,inv
0957-0377-Sai Ltd,957,,02/12/2011,34000,,,,inv
0961-0335-Sai Ltd,961,,06/12/2011,22726.16,,,,inv
0966-0335-Sai Ltd,966,,06/12/2011,20650,,,,inv
0953-0375-Sai Ltd,953,,16/12/2011,9927.84,,,,inv
0954-0080-Sai Ltd,954,,16/12/2011,10572.75,,,,inv
0979-0130-Sai Ltd,979,,03/01/2012,17491.96,,,,inv
0980-0130-Sai Ltd,980,,03/01/2012,4073.31,,,,inv
1003-0377-Sai Ltd,1003,,03/01/2012,27000,,,,inv
1005-0064-Sai Ltd,1005,,13/01/2012,42.3729,1000099,02/02/2012,7.63,inv/CN
1012-0999-Sai Ltd,1012,,13/01/2012,50,,,,inv
1013-0999-Sai Ltd,1013,,16/01/2012,300,,,,inv
1014-0156-Sai Ltd,1014,,17/01/2012,50,,,,inv
0981-0335-Sai Ltd,981,,23/01/2012,20650,,,,inv
0859-3000-Sai Ltd,859,4,31/01/2012,4300,,,,PartP
1004-0359-Sai Ltd,1004,,01/02/2012,17750,,,,inv
1000-0335-Sai Ltd,1000,,03/02/2012,20650,,,,inv
1020-0399-Sai Ltd,1020,,03/02/2012,560,,,,inv
1028-0034-Sai Ltd,1028,,03/02/2012,59.32,,,,inv
1010-0250-Sai Ltd,1010,,09/02/2012,69.58,,,,inv
1029-0261-Sai Ltd,1029,,13/02/2012,497.67,,,,inv
0999-0130-Sai Ltd,999,,14/02/2012,17491.96,,,,inv
1001-0130-Sai Ltd,1001,,14/02/2012,4073.31,,,,inv
1031-0999-Sai Ltd,1031,,17/02/2012,211.87,,,,inv
1018-0999-Sai Ltd,1018,,28/02/2012,67.8,,,,inv
1008-0335-Sai Ltd,1008,,01/03/2012,20650,,,,inv
1019-0377-Sai Ltd,1019,,05/03/2012,4500,,,,inv
1026-0377-Sai Ltd,1026,,05/03/2012,4500,,,,inv
1036-0999-Sai Ltd,1036,,05/03/2012,475,,,,inv
0994-0261-Sai Ltd,994,,06/03/2012,40.87,,,,inv
0995-0261-Sai Ltd,995,,06/03/2012,116.74,,,,inv
1037-0999-Sai Ltd,1037,,06/03/2012,125,,,,inv
0977-0999-Sai Ltd,977,,08/03/2012,50,,,,inv
1040-0064-Sai Ltd,1040,,16/03/2012,50,,,,inv
1006-0130-Sai Ltd,1006,,20/03/2012,17491.96,,,,inv
1007-0130-Sai Ltd,1007,,20/03/2012,4073.33,,,,inv
1021-0335-Sai Ltd,1021,,20/03/2012,20650,,,,inv
1039-0999-Sai Ltd,1039,,20/03/2012,42.37,,,,inv
1002-0028-Sai Ltd,1002,,21/03/2012,50,,,,inv
1032-0377-Sai Ltd,1032,,23/03/2012,4500,,,,inv
1025-0359-Sai Ltd,1025,,27/03/2012,10250,,,,inv
1046-0999-Sai Ltd,1046,,27/03/2012,42.37,,,,inv
1047-0999-Sai Ltd,1047,,27/03/2012,50,,,,inv
1043-0357-Sai Ltd,1043,,02/04/2012,2763.31,,,,inv
1056-0999-Sai Ltd,1056,,02/04/2012,225,,,,inv
0931-0172-Sai Ltd,931,,03/04/2012,175,,,,inv
1057-0999-Sai Ltd,1057,,04/04/2012,50,,,,inv
1023-0130-Sai Ltd,1023,,09/04/2012,17628.45,,,,inv
1059-0272-Sai Ltd,1059,,09/04/2012,42.37,,,,inv
1042-0339-Sai Ltd,1042,,18/04/2012,3885.28,,,,inv
0982-0392-Sai Ltd,982,,19/04/2012,5280,,,,inv
1063-0156-Sai Ltd,1063,,20/04/2012,50,,,,inv
1064-0172-Sai Ltd,1064,,20/04/2012,50,,,,inv
1062-0999-Sai Ltd,1062,,26/04/2012,25.42,,,,inv
1065-0309-Sai Ltd,1065,,26/04/2012,50,,,,inv
1045-0335-Sai Ltd,1045,,07/05/2012,20650,,,,inv
1070-0203-Sai Ltd,1070,,07/05/2012,50,,,,inv
1041-0405-Sai Ltd,1041,,08/05/2012,400,,,,inv
1030-0261-Sai Ltd,1030,,10/05/2012,887.18,,,,inv
1053-0358-Sai Ltd,1053,,17/05/2012,1500,,,,inv
1074-0091-Sai Ltd,1074,,25/05/2012,200,,,,inv
1075-0064-Sai Ltd,1075,,25/05/2012,50,,,,inv
0998-0999-Sai Ltd,998,,28/05/2012,110.17,,,,inv
1015-0999-Sai Ltd,1015,,28/05/2012,317.8,,,,inv
1050-0999-Sai Ltd,1050,,28/05/2012,50,,,,inv
1051-0999-Sai Ltd,1051,,28/05/2012,50,,,,inv
1052-0999-Sai Ltd,1052,,28/05/2012,225,,,,inv
1033-0359-Sai Ltd,1033,,29/05/2012,10250,,,,inv
1080-0309-Sai Ltd,1080,,30/05/2012,169.49,,,,inv
1035-0335-Sai Ltd,1035,,31/05/2012,20650,,,,inv
1082-0999-Sai Ltd,1082,,01/06/2012,50,,,,inv
1011-0400-Sai Ltd,1011,,04/06/2012,411.6,,,,inv
1081-0999-Sai Ltd,1081,,04/06/2012,60,,,,inv
1085-0999-Sai Ltd,1085,,04/06/2012,25,,,,inv
1034-0130-Sai Ltd,1034,,12/06/2012,17628.45,,,,inv
1058-0332-Sai Ltd,1058,,12/06/2012,110,,,,inv
1083-0309-Sai Ltd,1083,,12/06/2012,200,,,,inv
1084-0999-Sai Ltd,1084,,12/06/2012,50,,,,inv
1049-0377-Sai Ltd,1049,,13/06/2012,4500,,,,inv
1091-0051-Sai Ltd,1091,,14/06/2012,50,,,,inv
1094-0156-Sai Ltd,1094,,15/06/2012,50,,,,inv
1054-0395-Sai Ltd,1054,,22/06/2012,7450,,,,inv
1061-0200-Sai Ltd,1061,,25/06/2012,95000,,,,inv
1089-0380-Sai Ltd,1089,,26/06/2012,596.72,,,,inv
1100-0309-Sai Ltd,1100,,26/06/2012,50,,,,inv
0763-0342-Sai Ltd,763,2,05/07/2012,1694.92,,,,PartP
1060-0335-Sai Ltd,1060,,05/07/2012,15960.33,,,,inv
1067-0335-Sai Ltd,1067,,05/07/2012,20650,,,,inv
1086-0339-Sai Ltd,1086,1,05/07/2012,25000,,,,PartP
1106-0091-Sai Ltd,1106,,10/07/2012,100,,,,inv
1107-0064-Sai Ltd,1107,,10/07/2012,50,,,,inv
1108-0250-Sai Ltd,1108,,13/07/2012,42.37,,,,inv
1044-0130-Sai Ltd,1044,,16/07/2012,17628.45,,,,inv
1066-0130-Sai Ltd,1066,,16/07/2012,17628.45,,,,inv
1109-0357-Sai Ltd,1109,,19/07/2012,50,,,,inv
1110-0156-Sai Ltd,1110,,25/07/2012,50,,,,inv
1111-0999-Sai Ltd,1111,,25/07/2012,50,,,,inv
1116-0499-Sai Ltd,1116,1,26/07/2012,666.67,,,,PartP
1118-0309-Sai Ltd,1118,,30/07/2012,50,,,,inv
1119-0309-Sai Ltd,1119,,30/07/2012,50,,,,inv
1009-0402-Sai Ltd,1009,,10/08/2012,300,,,,inv
1048-0359-Sai Ltd,1048,,20/08/2012,10250,,,,inv
1090-0380-Sai Ltd,1090,,24/08/2012,3516.94,1000104,24/08/2012,298.36,inv/CN
0909-0172-Sai Ltd,909,,28/08/2012,50,,,,inv
0763-0342-Sai Ltd,763,3,29/08/2012,29.66,,,,PartP
0764-0362-Sai Ltd,764,1,29/08/2012,817.8,,,,PartP
1124-0392-Sai Ltd,1124,,30/08/2012,3500,,,,inv
1116-0499-Sai Ltd,1116,2,31/08/2012,666.67,,,,PartP
0945-0064-Sai Ltd,945,1,03/09/2012,423.73,,,,PartP
1072-0335-Sai Ltd,1072,,03/09/2012,20650,,,,inv
1097-0335-Sai Ltd,1097,,03/09/2012,20650,,,,inv
1131-0999-Sai Ltd,1131,,03/09/2012,127.12,,,,inv
1132-0433-Sai Ltd,1132,,03/09/2012,338.98,,,,inv
1069-0377-Sai Ltd,1069,,05/09/2012,4500,,,,inv
1129-0392-Sai Ltd,1129,,05/09/2012,1318.29,,,,inv
1133-0269-Sai Ltd,1133,,06/09/2012,42.37,,,,inv
1130-0156-Sai Ltd,1130,,10/09/2012,50,,,,inv
1134-0999-Sai Ltd,1134,,11/09/2012,50,,,,inv
1136-0114-Sai Ltd,1136,,17/09/2012,33.9,,,,inv
1137-0999-Sai Ltd,1137,,19/09/2012,50,,,,inv
1116-0499-Sai Ltd,1116,3,28/09/2012,613.12,,,,PartP
1113-0335-Sai Ltd,1113,,03/10/2012,20650,,,,inv
1147-0999-Sai Ltd,1147,,03/10/2012,340,,,,inv
1145-0999-Sai Ltd,1145,,04/10/2012,42.37,,,,inv
1146-0428-Sai Ltd,1146,,04/10/2012,1271.19,,,,inv
0945-0064-Sai Ltd,945,2,08/10/2012,423.73,,,,PartP
1143-0437-Sai Ltd,1143,,08/10/2012,1350,,,,inv
1068-0359-Sai Ltd,1068,,09/10/2012,10250,,,,inv
1144-0423-Sai Ltd,1144,,10/10/2012,550.85,,,,inv
1148-0165-Sai Ltd,1148,,10/10/2012,224.58,,,,inv
1073-0130-Sai Ltd,1073,,11/10/2012,17628.45,,,,inv
1096-0130-Sai Ltd,1096,,11/10/2012,17628.45,,,,inv
1101-0200-Sai Ltd,1101,,11/10/2012,58637.07,,,,inv
1103-0130-Sai Ltd,1103,,11/10/2012,1087.1,,,,inv
1104-0130-Sai Ltd,1104,,11/10/2012,1242.77,,,,inv
1105-0130-Sai Ltd,1105,,11/10/2012,1307.9,,,,inv
0922-0289-Sai Ltd,922,,17/10/2012,200,,,,inv
1153-0057-Sai Ltd,1153,,19/10/2012,50,,,,inv
1150-0339-Sai Ltd,1150,,24/10/2012,868.12,,,,inv
1126-0341-Sai Ltd,1126,1,26/10/2012,4875,,,,PartP
1152-0256-Sai Ltd,1152,,30/10/2012,1100,,,,inv
0945-0064-Sai Ltd,945,3,05/11/2012,423.73,,,,PartP
1155-0437-Sai Ltd,1155,,13/11/2012,1800,,,,inv
1076-0359-Sai Ltd,1076,,15/11/2012,10250,,,,inv
1112-0130-Sai Ltd,1112,,19/11/2012,17628.45,,,,inv
1120-0130-Sai Ltd,1120,,19/11/2012,17628.45,,,,inv
1127-0332-Sai Ltd,1127,,20/11/2012,720,,,,inv
1121-0335-Sai Ltd,1121,,26/11/2012,20650,,,,inv
1154-0098-Sai Ltd,1154,,26/11/2012,3740,,,,inv
1128-0434-Sai Ltd,1128,1,30/11/2012,169.49,,,,PartP
1169-0347-Sai Ltd,1169,,30/11/2012,4683.33,,,,inv
0945-0064-Sai Ltd,945,4,03/12/2012,423.73,,,,PartP
1158-0427-Sai Ltd,1158,,03/12/2012,800,,,,inv
1167-0373-Sai Ltd,1167,,06/12/2012,2350,,,,inv
1163-0437-Sai Ltd,1163,,17/12/2012,1350,,,,inv
1161-0500-Sai Ltd,1161,,21/12/2012,8465,,,,inv
0945-0064-Sai Ltd,945,5,03/01/2013,423.73,,,,PartP
1139-0335-Sai Ltd,1139,,03/01/2013,20650,,,,inv
1172-0441-Sai Ltd,1172,,03/01/2013,812.5,,,,inv
1170-0374-Sai Ltd,1170,,08/01/2013,2771.7,,,,inv
0853-0200-Sai Ltd,853,3,09/01/2013,13615.31,,,,PartP
1180-0178-Sai Ltd,1180,,11/01/2013,63.56,,,,inv
1077-0377-Sai Ltd,1077,,17/01/2013,4500,,,,inv
1138-0130-Sai Ltd,1138,,17/01/2013,17628.45,,,,inv
1156-0130-Sai Ltd,1156,,17/01/2013,17628.45,,,,inv
1184-0999-Sai Ltd,1184,,21/01/2013,70,,,,inv
1086-0339-Sai Ltd,1086,2,23/01/2013,84745.76,,,,PartP
1185-0999-Sai Ltd,1185,,23/01/2013,100,,,,inv
1098-0359-Sai Ltd,1098,,28/01/2013,10250,,,,inv
1177-0999-Sai Ltd,1177,,30/01/2013,170,,,,inv
0853-0200-Sai Ltd,853,4,31/01/2013,9152.83,,,,PartP
0971-0999-Sai Ltd,971,,31/01/2013,127.12,,,,inv
1027-0394-Sai Ltd,1027,1,31/01/2013,7796.32,,,,PartP
1038-0999-Sai Ltd,1038,,31/01/2013,50,,,,inv
1149-0999-Sai Ltd,1149,,31/01/2013,60,,,,inv
0945-0064-Sai Ltd,945,6,04/02/2013,423.73,,,,PartP
1181-0443-Sai Ltd,1181,,06/02/2013,296.61,,,,inv
1192-0999-Sai Ltd,1192,,06/02/2013,50,,,,inv
1194-0999-Sai Ltd,1194,,06/02/2013,50,,,,inv
1199-0057-Sai Ltd,1199,,06/02/2013,50,,,,inv
1168-0057-Sai Ltd,1168,,07/02/2013,1565.36,,,,inv
1055-0272-Sai Ltd,1055,,13/02/2013,125,,,,inv
1193-0422-Sai Ltd,1193,,13/02/2013,740,,,,inv
1198-0999-Sai Ltd,1198,,13/02/2013,211.87,,,,inv
1162-0424-Sai Ltd,1162,,14/02/2013,842.37,1000110,14/02/2013,57.63,inv/CN
1197-0999-Sai Ltd,1197,,25/02/2013,389.83,,,,inv
0945-0064-Sai Ltd,945,7,04/03/2013,423.73,,,,PartP
1188-0335-Sai Ltd,1188,,04/03/2013,7392,,,,inv
1071-0096-Sai Ltd,1071,,06/03/2013,338.98,,,,inv
1203-0357-Sai Ltd,1203,,07/03/2013,33.9,,,,inv
1174-0999-Sai Ltd,1174,,08/03/2013,84.75,,,,inv
1114-0359-Sai Ltd,1114,,22/03/2013,10250,,,,inv
1206-0999-Sai Ltd,1206,,22/03/2013,100,,,,inv
1204-0441-Sai Ltd,1204,,26/03/2013,812.5,,,,inv
1205-0441-Sai Ltd,1205,,26/03/2013,812.5,,,,inv
1207-0457-Sai Ltd,1207,,27/03/2013,228.81,,,,inv
1208-0114-Sai Ltd,1208,,27/03/2013,50,,,,inv
1209-0999-Sai Ltd,1209,,27/03/2013,200,,,,inv
0945-0064-Sai Ltd,945,9,06/04/2013,423.73,,,,PartP
0945-0064-Sai Ltd,945,8,08/04/2013,423.73,,,,PartP
1210-0999-Sai Ltd,1210,,08/04/2013,42.37,,,,inv
1211-0064-Sai Ltd,1211,,10/04/2013,50,,,,inv
1189-0335-Sai Ltd,1189,,11/04/2013,7392,,,,inv
1190-0335-Sai Ltd,1190,,11/04/2013,7392,,,,inv
1200-0437-Sai Ltd,1200,,11/04/2013,1350,,,,inv
1122-0359-Sai Ltd,1122,,22/04/2013,10250,,,,inv
1173-0446-Sai Ltd,1173,,23/04/2013,945,,,,inv
1191-0335-Sai Ltd,1191,,03/05/2013,7392,,,,inv
1215-0999-iAS Pship,1215,,23/05/2013,70,,,,inv
1126-0341-Sai Ltd,1126,2,27/05/2013,975,,,,PartP
1135-0999-Sai Ltd,1135,,27/05/2013,253,,,,inv
1164-0130-Sai Ltd,1164,,31/05/2013,17628.45,,,,inv
1176-0130-Sai Ltd,1176,,31/05/2013,17628.45,,,,inv
1182-0130-Sai Ltd,1182,,31/05/2013,1128.72,,,,inv
1183-0130-Sai Ltd,1183,,31/05/2013,918.18,,,,inv
1187-0130-Sai Ltd,1187,,31/05/2013,17628.45,,,,inv
0945-0064-Sai Ltd,945,10,03/06/2013,423.73,,,,PartP
1140-0359-Sai Ltd,1140,,03/06/2013,17750,,,,inv
1225-0453-iAS Pship,1225,,05/06/2013,50,,,,inv
1236-0114-iAS Pship,1236,,05/06/2013,50,,,,inv
1213-0499-Sai Ltd,1213,1,06/06/2013,387.44,,,,PartP
1227-0308-iAS Pship,1227,,12/06/2013,84.75,,,,inv
1027-0394-Sai Ltd,1027,2,14/06/2013,8474.58,,,,PartP
1027-0394-Sai Ltd,1027,3,14/06/2013,8474.58,,,,PartP
1228-0999-iAS Pship,1228,,14/06/2013,450,,,,inv
1241-0439-iAS Pship,1241,,20/06/2013,275,,,,inv
1244-0441-iAS Pship,1244,,25/06/2013,487.5,,,,inv
1245-0441-iAS Pship,1245,,25/06/2013,325,,,,inv
1213-0499-Sai Ltd,1213,2,26/06/2013,423.73,,,,PartP
1186-0999-Sai Ltd,1186,,28/06/2013,42.37,,,,inv
1246-0464-iAS Pship,1246,,02/07/2013,450,,,,inv
1248-0156-iAS Pship,1248,,02/07/2013,50,,,,inv
1249-0312-iAS Pship,1249,,03/07/2013,42.37,,,,inv
0945-0064-Sai Ltd,945,11,08/07/2013,423.73,,,,PartP
1157-0359-Sai Ltd,1157,,12/07/2013,10250,,,,inv
1219-0335-iAS Pship,1219,,15/07/2013,7392,,,,inv
1220-0335-iAS Pship,1220,,15/07/2013,7392,,,,inv
1252-0472-iAS Pship,1252,,16/07/2013,2230,,,,inv
1213-0499-Sai Ltd,1213,3,19/07/2013,423.73,,,,PartP
0579-0304-Sai Ltd,579,,24/07/2013,600,,,,inv
0656-0304-Sai Ltd,656,2,24/07/2013,5043.56,,,,PartP
1247-0448-iAS Pship,1247,,30/07/2013,1348.65,,,,inv
1256-0467-iAS Pship,1256,,02/08/2013,300,,,,inv
1239-0400-iAS Pship,1239,1,05/08/2013,26500,,,,PartP
0945-0064-Sai Ltd,945,12,07/08/2013,423.73,,,,PartP
1221-0335-iAS Pship,1221,,07/08/2013,7392,,,,inv
1222-0335-iAS Pship,1222,,07/08/2013,7392,,,,inv
1253-0121-iAS Pship,1253,1,07/08/2013,1271.19,,,,PartP
1260-0427-iAS Pship,1260,,08/08/2013,50,,,,inv
1213-0130-iAS Pship,1213,,09/08/2013,17736.02,,,,inv
1214-0130-iAS Pship,1214,,09/08/2013,107.57,,,,inv
1216-0130-iAS Pship,1216,,09/08/2013,17736.02,,,,inv
1217-0130-iAS Pship,1217,,09/08/2013,17736.02,,,,inv
1254-0436-iAS Pship,1254,,19/08/2013,8415,,,,inv
1261-0999-iAS Pship,1261,,20/08/2013,70,,,,inv
1233-0455-iAS Pship,1233,,22/08/2013,2000,,,,inv
1262-0999-iAS Pship,1262,,22/08/2013,50,,,,inv
1264-0456-iAS Pship,1264,,26/08/2013,1150,,,,inv
1278-0999-iAS Pship,1278,,30/08/2013,152.54,,,,inv
0945-0064-Sai Ltd,945,13,30/08/2013,423.73,,,,PartP
1087-0390-Sai Ltd,1087,,03/09/2013,240,,,,inv
1088-0412-Sai Ltd,1088,,03/09/2013,240,,,,inv
1117-0412-Sai Ltd,1117,,03/09/2013,120,,,,inv
1179-0444-Sai Ltd,1179,,03/09/2013,2110.25,,,,inv
1239-0400-iAS Pship,1239,2,05/09/2013,26500,,,,PartP
1280-0022-iAS Pship,1280,,09/09/2013,50,,,,inv
1238-0467-iAS Pship,1238,,12/09/2013,800,,,,inv
1253-0121-iAS Pship,1253,2,12/09/2013,1271.19,,,,PartP
1214-0499-Sai Ltd,1214,,19/09/2013,191.95,,,,inv
1215-0499-Sai Ltd,1215,,19/09/2013,369.2,,,,inv
1270-0459-iAS Pship,1270,,23/09/2013,5400,,,,inv
1287-0999-iAS Pship,1287,,23/09/2013,50,,,,inv
1297-0276-iAS Pship,1297,,04/10/2013,1250,,,,inv
1298-0428-iAS Pship,1298,,04/10/2013,1000,,,,inv
1295-0020-iAS Pship,1295,,07/10/2013,50,,,,inv
1300-0999-iAS Pship,1300,,07/10/2013,50,,,,inv
0945-0064-Sai Ltd,945,14,07/10/2013,423.73,,,,PartP
1257-0449-iAS Pship,1257,,10/10/2013,165,,,,inv
1283-0371-iAS Pship,1283,,10/10/2013,1150,,,,inv
1253-0121-iAS Pship,1253,3,15/10/2013,957.62,,,,PartP
1272-0450-iAS Pship,1272,,16/10/2013,3500,,,,inv
1273-0450-iAS Pship,1273,,16/10/2013,1500,,,,inv
1274-0450-iAS Pship,1274,,16/10/2013,8250,,,,inv
1275-0454-iAS Pship,1275,,16/10/2013,1200,,,,inv
1229-0444-iAS Pship,1229,,17/10/2013,1548.5,,,,inv
1234-0379-iAS Pship,1234,,17/10/2013,365.52,,,,inv
1309-0020-iAS Pship,1309,,29/10/2013,50,,,,inv
1217-0498-Sai Ltd,1217,,30/10/2013,162826.81,,,,inv
1293-0999-iAS Pship,1293,,31/10/2013,169.49,,,,inv
1216-0499-Sai Ltd,1216,,31/10/2013,316.06,,,,inv
1311-0485-iAS Pship,1311,,31/10/2013,150,,,,inv
1316-0064-iAS Pship,1316,,31/10/2013,50,,,,inv
0945-0064-Sai Ltd,945,15,04/11/2013,554.44,,,,PartP
1142-0999-Sai Ltd,1142,,04/11/2013,100,,,,inv
1218-0130-iAS Pship,1218,,05/11/2013,17736.02,,,,inv
1243-0130-iAS Pship,1243,,05/11/2013,17736.02,,,,inv
1317-0999-iAS Pship,1317,,07/11/2013,50,,,,inv
1099-0377-Sai Ltd,1099,,07/11/2013,4500,,,,inv
1115-0377-Sai Ltd,1115,,07/11/2013,4500,,,,inv
1230-0444-iAS Pship,1230,,07/11/2013,2551.5,,,,inv
1123-0377-Sai Ltd,1123,,07/11/2013,4500,,,,inv
1318-0179-iAS Pship,1318,,11/11/2013,50,,,,inv
1310-0486-iAS Pship,1310,,11/11/2013,250,,,,inv
1271-0432-iAS Pship,1271,,15/11/2013,6000,,,,inv
0021-0070-Sai Ltd,,,,,,,,bd
0029-0062-Sai Ltd,,,,,1000056,20/09/2009,302.82,CN
0066-0034-Sai Ltd,,,,,1000004,25/09/2007,2086.98,CN
0067-0057-Sai Ltd,,,,,,,,bd
0068-0059-Sai Ltd,,,,,1000005,25/09/2007,698.81,CN
0087-0085-Sai Ltd,,,,,1000072,10/11/2010,1549.0333,CN
0095-0076-Sai Ltd,,,,,1000017,25/09/2007,1201.65,CN
0107-0116-Sai Ltd,,,,,1000006,25/09/2007,582.34,CN
0109-0120-Sai Ltd,,,,,1000007,25/09/2007,326.11,CN
0110-0122-Sai Ltd,,,,,1000008,25/09/2007,931.75,CN
0111-0123-Sai Ltd,,,,,,,,bd
0112-0126-Sai Ltd,,,,,1000009,25/09/2007,279.52,CN
0127-0086-Sai Ltd,,,,,1000011,25/09/2007,598.65,CN
0128-0155-Sai Ltd,,,,,1000073,10/11/2010,395.99,CN
0129-0146-Sai Ltd,,,,,1000012,25/09/2007,279.52,CN
0132-0040-Sai Ltd,,,,,1000029,25/09/2007,23293.734,CN
0140-0096-Sai Ltd,,,,,1000013,25/09/2007,931.75,CN
0142-0020-Sai Ltd,,,,,1000014,25/09/2007,2718.36,CN
0149-0152-Sai Ltd,,,,,,,,bd
0150-0151-Sai Ltd,,,,,,,,bd
0156-0999-Sai Ltd,,,,,1000061,29/09/2009,58.23,CN
0161-0999-Sai Ltd,,,,,,,,bd
0169-0091-Sai Ltd,,,,,1000040,09/09/2008,550.8036,CN
0185-0077-Sai Ltd,,,,,,,,bd
0207-0030-Sai Ltd,,,,,1000018,25/09/2007,3959.93,CN
0214-0033-Sai Ltd,,,,,1000020,25/09/2007,698.81,CN
0219-0171-Sai Ltd,,,,,,,,bd
0222-0156-Sai Ltd,,,,,1000021,25/09/2007,1164.69,CN
0226-0166-Sai Ltd,,,,,1000016,25/09/2007,757.0464,CN
0239-0179-Sai Ltd,,,,,1000022,25/09/2007,1514.09,CN
0240-0163-Sai Ltd,,,,,1000074,10/11/2010,116.4687,CN
0244-0185-Sai Ltd,,,,,1000023,25/09/2007,291.17,CN
0246-0191-Sai Ltd,,,,,1000032,30/05/2008,582.3433,CN
0248-0195-Sai Ltd,,,,,1000058,18/09/2009,291.17,CN
0259-0212-Sai Ltd,,,,,1000039,09/08/2008,232.94,CN
0262-0215-Sai Ltd,,,,,,,,bd
0279-0023-Sai Ltd,,,,,1000024,25/12/2007,606.03,CN
0298-0249-Sai Ltd,,,,,1000026,25/01/2008,465,CN
0299-0174-Sai Ltd,,,,,1000075,10/11/2010,4000,CN
0300-0227-Sai Ltd,,,,,1000067,10/11/2010,9429.31,CN
0306-0069-Sai Ltd,,,,,1000055,15/09/2009,2330,CN
0312-0999-Sai Ltd,,,,,1000053,24/06/2009,35,CN
0314-0034-Sai Ltd,,,,,1000038,26/06/2008,50,CN
0323-0077-Sai Ltd,,,,,1000034,20/06/2008,2513.33,CN
0324-0077-Sai Ltd,,,,,,,,bd
0341-0176-Sai Ltd,,,,,,,,bd
0355-0191-Sai Ltd,,,,,1000033,30/05/2008,380,CN
0367-0003-Sai Ltd,,,,,1000051,16/06/2009,40,CN
0381-0240-Sai Ltd,,,,,1000041,01/10/2008,900,CN
0389-0266-Sai Ltd,,,,,1000080,28/02/2011,700,CN
0409-0172-Sai Ltd,,,,,,,,bd
0419-0091-Sai Ltd,,,,,,,,bd
0450-0230-Sai Ltd,,,,,1000050,16/06/2009,335,CN
0460-0285-Sai Ltd,,,,,1000078,02/02/2011,19000,CN
0464-0176-Sai Ltd,,,,,,,,bd
0516-0283-Sai Ltd,,,,,1000065,09/09/2010,1600,CN
0517-0294-Sai Ltd,,,,,1000066,09/09/2010,1600,CN
0542-0999-Sai Ltd,,,,,,,,bd
0550-0300-Sai Ltd,,,,,,,,bd
0604-0304-Sai Ltd,,,,8075,,,,inv
0656-0304-Sai Ltd,656,1,,8856.4407,,,,PartP
0714-0098-Sai Ltd,,,,,1000079,18/02/2011,1750,CN
0725-0334-Sai Ltd,,,,,,,,bd
0744-0063-Sai Ltd,,,,,,,,bd
0780-0335-Sai Ltd,,,,,1000071,20/10/2010,17250,CN
0803-0285-Sai Ltd,,,,,1000109,12/12/2012,14666.67,CN
0808-0335-Sai Ltd,,,,,1000070,20/10/2010,17250,CN
0809-0335-Sai Ltd,,,,,1000068,20/10/2010,3400,CN
0810-0335-Sai Ltd,,,,,1000069,20/10/2010,3400,CN
0814-0280-Sai Ltd,,,,,1000083,17/05/2011,1600,CN
0863-0357-Sai Ltd,,,,,1000100,22/03/2012,95.58,CN
0866-0098-Sai Ltd,,,,,1000090,19/09/2011,1750,CN
0893-0130-Sai Ltd,,,,,1000084,18/05/2011,180,CN
0897-0388-Sai Ltd,,,,,1000095,17/11/2011,296.6102,CN
0910-0261-Sai Ltd,,,,,1000085,30/05/2011,88.36,CN
0970-0069-Sai Ltd,,,,,1000093,30/09/2011,914.02,CN
0993-0034-Sai Ltd,,,,,,,,bd
0091-0064-Sai Ltd,,,,,,,,bd
0096-3000-Sai Ltd,,,,,,,,bd
0097-3000-Sai Ltd,,,,,,,,bd
0102-3000-Sai Ltd,,,,,,,,bd
0220-3000-Sai Ltd,,,,,,,,bd
0295-0114-Sai Ltd,,,,,1000096,18/01/2012,4222.73,CN
0332-0240-Sai Ltd,,,,,,,,bd
0358-0172-Sai Ltd,,,,,,,,bd
0360-0114-Sai Ltd,,,,,1000097,18/01/2012,3312.74,CN
0443-0114-Sai Ltd,,,,,1000097,18/01/2012,3312.74,CN
0565-0219-Sai Ltd,,,,,,,,bd
0568-0188-Sai Ltd,,,,,,,,bd
0569-0188-Sai Ltd,,,,,,,,bd
0591-0999-Sai Ltd,,,,,,,,bd
0647-3000-Sai Ltd,,,,,,,,bd
0695-0203-Sai Ltd,,,,,,,,bd
0696-0203-Sai Ltd,,,,,,,,bd
0737-0271-Sai Ltd,,,,,,,,bd
0751-0269-Sai Ltd,,,,,,,,bd
0760-0048-Sai Ltd,,,,,,,,bd
0777-0347-Sai Ltd,,,,,,,,bd
0778-0352-Sai Ltd,,,,,,,,bd
0779-0028-Sai Ltd,,,,,,,,bd
0839-3000-Sai Ltd,,,,,,,,bd
0846-3000-Sai Ltd,,,,,,,,bd
0848-3000-Sai Ltd,,,,,,,,bd
0851-3000-Sai Ltd,,,,,,,,bd
0854-3000-Sai Ltd,,,,,,,,bd
0855-3000-Sai Ltd,,,,,,,,bd
0858-3000-Sai Ltd,,,,,,,,bd
0864-3000-Sai Ltd,,,,,,,,bd
0865-3000-Sai Ltd,,,,,,,,bd
0876-3000-Sai Ltd,,,,,,,,bd
0880-3000-Sai Ltd,,,,,,,,bd
0881-3000-Sai Ltd,,,,,,,,bd
0883-3000-Sai Ltd,,,,,,,,bd
0885-3000-Sai Ltd,,,,,,,,bd
0886-3000-Sai Ltd,,,,,,,,bd
0889-0100-Sai Ltd,,,,,1000094,30/09/2011,10349.3814,CN
0923-3000-Sai Ltd,,,,,,,,bd
0924-3000-Sai Ltd,,,,,,,,bd
0925-3000-Sai Ltd,,,,,,,,bd
0935-0392-Sai Ltd,,,,,,,,bd
0947-3000-Sai Ltd,,,,,,,,bd
0960-3000-Sai Ltd,,,,,,,,bd
0962-3000-Sai Ltd,,,,,,,,bd
0996-3000-Sai Ltd,,,,,,,,bd
1016-0357-Sai Ltd,,,,,1000101,22/03/2012,50,CN
1017-3000-Sai Ltd,,,,,,,,bd
1022-3000-Sai Ltd,,,,,,,,bd
1024-3000-Sai Ltd,,,,,,,,bd
1078-0260-Sai Ltd,,,,,,,,bd
1079-0999-Sai Ltd,,,,,1000102,05/06/2012,50,CN
1092-3000-Sai Ltd,,,,,,,,bd
1093-3000-Sai Ltd,,,,,,,,bd
1095-0999-Sai Ltd,,,,,1000103,04/07/2012,169.49,CN
1125-0392-Sai Ltd,,,,,1000105,31/08/2012,131829,CN
1166-0438-Sai Ltd,,,,,1000107,22/11/2012,100,CN
1178-0441-Sai Ltd,,,,,1000112,08/03/2013,812.5,CN
1195-0441-Sai Ltd,,,,,1000113,08/03/2013,812.5,CN
1201-0114-Sai Ltd,,,,,1000111,18/02/2013,50,CN
1223-0441-iAS Pship,,,,,1000114,25/06/2013,487.5,CN
1224-0441-iAS Pship,,,,,1000115,25/06/2013,325,CN
1250-0472-iAS Pship,,,,,1000116,03/07/2013,2230,CN
1291-0999-iAS Pship,,,,,1000118,26/09/2013,169.49,CN
0443-0114-Sai Ltd,,,,,1000098,18/01/2012,1198.19,CN
0849-0200-Sai Ltd,,,,,1000082,12/12/2012,9678,CN
0879-0179-Sai Ltd,,,,,1000095,17/11/2011,7.63,CN
0898-0064-Sai Ltd,,,,,1000088,01/08/2011,6486.66,CN
1128-0434-Sai Ltd,,,,,1000106,31/08/2012,30.51,CN
1086-0339-Sai Ltd,,,,,1000119,02/09/2013,17386.86,CN
1322-0479-iAS Pship,1322,,18/11/2013,4500,,,,inv
1276-0437-iAS Pship,1276,,18/11/2013,4050,,,,inv
1319-0132-iAS Pship,1319,,19/11/2013,2500,,,,inv
0115-0138-Sai Ltd,,,,,1000120,21/11/2013,2.7994,CN
0145-0098-Sai Ltd,,,,,1000121,21/11/2013,37.7598,CN
0147-0034-Sai Ltd,,,,,1000122,21/11/2013,12.9233,CN
0296-0110-Sai Ltd,,,,,1000123,21/11/2013,0.88,CN
0609-0334-Sai Ltd,,,,,1000124,21/11/2013,16.95,CN
0763-0342-Sai Ltd,,,,,1000125,21/11/2013,0.59,CN
0764-0362-Sai Ltd,,,,,1000126,21/11/2013,162.2,CN
1160-0379-Sai Ltd,,,,,,,,Rem
1160-0379-Sai Ltd,,,,,,,,Rem
1160-0379-Sai Ltd,,,,,,,,Rem
1160-0379-Sai Ltd,,,,,,,,Rem
1160-0379-Sai Ltd,,,,,,,,Rem
0926-0176-Sai Ltd,,,,,,,,Rem
0926-0176-Sai Ltd,,,,,,,,Rem
0926-0176-Sai Ltd,,,,,,,,Rem
0926-0176-Sai Ltd,,,,,,,,Rem
0874-0999-Sai Ltd,,,,,,,,Rem
0874-0999-Sai Ltd,,,,,,,,Rem
0874-0999-Sai Ltd,,,,,,,,Rem
0874-0999-Sai Ltd,,,,,,,,Rem
0874-0999-Sai Ltd,,,,,,,,Rem
0712-0361-Sai Ltd,,,,,,,,Rem
0712-0361-Sai Ltd,,,,,,,,Rem
0712-0361-Sai Ltd,,,,,,,,Rem
0712-0361-Sai Ltd,,,,,,,,Rem
0719-0302-Sai Ltd,,,,,,,,Rem
0719-0302-Sai Ltd,,,,,,,,Rem
0719-0302-Sai Ltd,,,,,,,,Rem
0719-0302-Sai Ltd,,,,,,,,Rem
1102-0419-Sai Ltd,,,,,,,,Rem
1102-0419-Sai Ltd,,,,,,,,Rem
1102-0419-Sai Ltd,,,,,,,,Rem
1102-0419-Sai Ltd,,,,,,,,Rem
1171-0374-Sai Ltd,,,,,,,,Rem
1171-0374-Sai Ltd,,,,,,,,Rem
1171-0374-Sai Ltd,,,,,,,,Rem
1226-0421-iAS Pship,,,,,,,,Rem
1226-0421-iAS Pship,,,,,,,,Rem
1226-0421-iAS Pship,,,,,,,,Rem
1159-0403-Sai Ltd,,,,,,,,Rem
1231-0444-iAS Pship,,,,,,,,Rem
1232-0444-iAS Pship,,,,,,,,Rem
1235-0444-iAS Pship,,,,,,,,Rem
1251-0444-iAS Pship,,,,,,,,Rem
1259-0444-iAS Pship,,,,,,,,Rem
1237-0429-iAS Pship,,,,,,,,Rem
1240-0335-iAS Pship,,,,,,,,Rem
1263-0468-iAS Pship,,,,,,,,Rem
1242-0471-iAS Pship,,,,,,,,Rem
0942-0332-Sai Ltd,,,,,,,,Rem
1141-0377-Sai Ltd,,,,,,,,Rem
1196-0377-Sai Ltd,,,,,,,,Rem
1284-0407-iAS Pship,1284,,28/11/2013,2000,,,,inv
1102-0419-Sai Ltd,,,,,,,,Rem
0712-0361-Sai Ltd,,,,,,,,Rem
0719-0302-Sai Ltd,,,,,,,,Rem
1141-0377-Sai Ltd,,,,,,,,Rem
1196-0377-Sai Ltd,,,,,,,,Rem
0942-0332-Sai Ltd,,,,,,,,Rem
0874-0999-Sai Ltd,,,,,,,,Rem
1171-0374-Sai Ltd,,,,,,,,Rem
1165-0359-Sai Ltd,,,,,,,,Rem
1175-0396-Sai Ltd,,,,,,,,Rem
0926-0176-Sai Ltd,,,,,,,,Rem
1160-0379-Sai Ltd,,,,,,,,Rem
1159-0403-Sai Ltd,,,,,,,,Rem
1237-0429-iAS Pship,,,,,,,,Rem
1281-0461-iAS Pship,,,,,,,,Rem
1292-0156-iAS Pship,,,,,,,,Rem
1226-0421-iAS Pship,,,,,,,,Rem
1231-0444-iAS Pship,,,,,,,,Rem
1232-0444-iAS Pship,,,,,,,,Rem
1235-0444-iAS Pship,,,,,,,,Rem
1251-0444-iAS Pship,,,,,,,,Rem
1259-0444-iAS Pship,,,,,,,,Rem
1279-0444-iAS Pship,,,,,,,,Rem
1301-0444-iAS Pship,,,,,,,,Rem
1302-0453-iAS Pship,,,,,,,,Rem
1304-0182-iAS Pship,,,,,,,,Rem
1282-0465-iAS Pship,,,,,,,,Rem
1240-0335-iAS Pship,,,,,,,,Rem
1294-0482-iAS Pship,,,,,,,,Rem
1263-0468-iAS Pship,,,,,,,,Rem
1242-0471-iAS Pship,,,,,,,,Rem
1265-0466-iAS Pship,,,,,,,,Rem
1266-0466-iAS Pship,,,,,,,,Rem
1267-0466-iAS Pship,,,,,,,,Rem
1268-0466-iAS Pship,,,,,,,,Rem
1269-0466-iAS Pship,,,,,,,,Rem
1277-0466-iAS Pship,,,,,,,,Rem
1255-0130-iAS Pship,,,,,,,,Rem
1258-0130-iAS Pship,,,,,,,,Rem
1286-0394-iAS Pship,,,,,,,,Rem
1285-0398-iAS Pship,,,,,,,,Rem
1288-0364-iAS Pship,,,,,,,,Rem
1299-0442-iAS Pship,,,,,,,,Rem
1344-0222-iAS Pship,1344,,02/12/2013,240,,,,inv
1325-0484-iAS Pship,1325,,03/12/2013,1000,,,,inv
1302-0453-iAS Pship,1302,,05/12/2013,1657.63,1000127,05/12/2013,42.37,inv/CN
1288-0364-iAS Pship,,,,,1000128,10/12/2013,50,CN
1299-0442-iAS Pship,,,,,1000129,10/12/2013,2125,CN
1320-0458-iAS Pship,1320,1,11/12/2013,1271.19,,,,PartP
1346-0064-iAS Pship,1346,,12/12/2013,42.37,1000130,12/12/2013,7.63,inv/CN
1353-0364-iAS Pship,1353,,16/12/2013,50,,,,inv
1354-0442-iAS Pship,1354,,16/12/2013,2125,,,,inv
1141-0377-Sai Ltd,1141,,16/12/2013,4500,,,,inv
1196-0377-Sai Ltd,1196,,16/12/2013,3000,,,,inv
1327-0448-iAS Pship,1327,,16/12/2013,2500,,,,inv
1328-0448-iAS Pship,1328,,16/12/2013,10000,,,,inv
1329-0448-iAS Pship,1329,,16/12/2013,10000,,,,inv
1330-0448-iAS Pship,1330,,16/12/2013,10000,,,,inv
1331-0448-iAS Pship,1331,,16/12/2013,10000,,,,inv
1332-0448-iAS Pship,1332,,16/12/2013,10000,,,,inv
1333-0448-iAS Pship,1333,,16/12/2013,5000,,,,inv
1334-0448-iAS Pship,1334,,16/12/2013,15000,,,,inv
1335-0448-iAS Pship,1335,,16/12/2013,10000,,,,inv
1336-0448-iAS Pship,1336,,16/12/2013,10000,,,,inv
1337-0448-iAS Pship,1337,,16/12/2013,10000,,,,inv
1338-0448-iAS Pship,1338,,16/12/2013,10000,,,,inv
1342-0448-iAS Pship,1342,,16/12/2013,10000,,,,inv
1343-0448-iAS Pship,1343,,16/12/2013,10000,,,,inv
1255-0130-iAS Pship,1255,,20/12/2013,17736.02,,,,inv
1289-0130-iAS Pship,1289,,20/12/2013,17736.02,,,,inv
1357-0114-iAS Pship,1357,,20/12/2013,50,,,,inv
1102-0419-Sai Ltd,1102,,02/01/2014,1250,,,,inv
1231-0444-iAS Pship,1231,1,02/01/2014,1694.92,,,,PartP
1312-0411-iAS Pship,1312,1,02/01/2014,1694.92,,,,PartP
1356-0489-iAS Pship,1356,,06/01/2014,269.49,1000131,06/01/2014,55.51,inv/CN
1258-0130-iAS Pship,,,,,1000132,07/01/2014,1048.93,CN
1358-0130-iAS Pship,,,,,1000133,07/01/2014,1242.92,CN
1027-0394-Sai Ltd,1027,4,07/01/2014,16949.15,,,,PartP
1341-0459-iAS Pship,1341,,08/01/2014,2550,,,,inv
0712-0361-Sai Ltd,,,,,,,,Rem
0719-0302-Sai Ltd,,,,,,,,Rem
0874-0999-Sai Ltd,,,,,,,,Rem
0926-0176-Sai Ltd,,,,,,,,Rem
0942-0332-Sai Ltd,,,,,,,,Rem
1159-0403-Sai Ltd,,,,,,,,Rem
1160-0379-Sai Ltd,,,,,,,,Rem
1171-0374-Sai Ltd,,,,,,,,Rem
1226-0421-iAS Pship,,,,,,,,Rem
1231-0444-iAS Pship,,,,,,,,Rem
1232-0444-iAS Pship,,,,,,,,Rem
1235-0444-iAS Pship,,,,,,,,Rem
1251-0444-iAS Pship,,,,,,,,Rem
1259-0444-iAS Pship,,,,,,,,Rem
1279-0444-iAS Pship,,,,,,,,Rem
1301-0444-iAS Pship,,,,,,,,Rem
1303-0460-iAS Pship,,,,,,,,Rem
1242-0471-iAS Pship,,,,,,,,Rem
1290-0130-iAS Pship,,,,,,,,Rem
1306-0130-iAS Pship,,,,,,,,Rem
1263-0468-iAS Pship,,,,,,,,Rem
1265-0466-iAS Pship,,,,,,,,Rem
1266-0466-iAS Pship,,,,,,,,Rem
1267-0466-iAS Pship,,,,,,,,Rem
1268-0466-iAS Pship,,,,,,,,Rem
1269-0466-iAS Pship,,,,,,,,Rem
1277-0466-iAS Pship,,,,,,,,Rem
1296-0466-iAS Pship,,,,,,,,Rem
1305-0466-iAS Pship,,,,,,,,Rem
1281-0461-iAS Pship,,,,,,,,Rem
1282-0465-iAS Pship,,,,,,,,Rem
1292-0156-iAS Pship,,,,,,,,Rem
1294-0482-iAS Pship,,,,,,,,Rem
1304-0182-iAS Pship,,,,,,,,Rem
1308-0449-iAS Pship,,,,,,,,Rem
1286-0394-iAS Pship,,,,,,,,Rem
1320-0458-iAS Pship,1320,2,09/01/2014,1028.81,,,,PartP
1360-0999-iAS Pship,1360,,10/01/2014,84.75,,,,inv
1363-0406-iAS Pship,1363,1,13/01/2014,5084.75,,,,PartP
1365-0486-iAS Pship,1365,,13/01/2014,50,,,,inv
1307-0057-iAS Pship,,,,,1000134,14/01/2014,9226.82,CN
1366-0057-iAS Pship,1366,,14/01/2014,2226.27,,,,inv
1220-0499-Sai Ltd,1220,,14/01/2014,301,,,,inv
1347-0371-iAS Pship,1347,,21/01/2014,105.93,,,,inv
1367-0999-iAS Pship,1367,,21/01/2014,50,,,,inv
1294-0482-iAS Pship,1294,,22/01/2014,2000,,,,inv
1350-0459-iAS Pship,1350,,23/01/2014,2550,,,,inv
0719-0302-Sai Ltd,,,,,1000137,30/01/2014,400,CN
0727-0360-Sai Ltd,,,,,1000138,30/01/2014,425,CN
0874-0999-Sai Ltd,,,,,1000140,30/01/2014,200,CN
0926-0176-Sai Ltd,,,,,1000141,30/01/2014,50,CN
0386-0269-Sai Ltd,,,,,,,,bd
0642-0089-Sai Ltd,,,,,,,,bd
0745-0063-Sai Ltd,,,,,,,,bd
1282-0465-iAS Pship,1282,,30/01/2014,4000,,,,inv
1086-0339-Sai Ltd,1086,3,31/01/2014,16949.15,,,,PartP
0712-0361-Sai Ltd,,,,,,,,Rem
0942-0332-Sai Ltd,,,,,,,,Rem
0967-0265-Sai Ltd,,,,,,,,Rem
0992-0100-Sai Ltd,,,,,,,,Rem
1165-0359-Sai Ltd,,,,,,,,Rem
1175-0396-Sai Ltd,,,,,,,,Rem
0983-0265-Sai Ltd,,,,,,,,Rem
1027-0394-Sai Ltd,,,,,,,,Rem
1159-0403-Sai Ltd,,,,,,,,Rem
1160-0379-Sai Ltd,,,,,,,,Rem
1171-0374-Sai Ltd,,,,,,,,Rem
1237-0429-iAS Pship,,,,,,,,Rem
1286-0394-iAS Pship,,,,,,,,Rem
1226-0421-iAS Pship,,,,,,,,Rem
1231-0444-iAS Pship,,,,,,,,Rem
1232-0444-iAS Pship,,,,,,,,Rem
1235-0444-iAS Pship,,,,,,,,Rem
1251-0444-iAS Pship,,,,,,,,Rem
1259-0444-iAS Pship,,,,,,,,Rem
1279-0444-iAS Pship,,,,,,,,Rem
1301-0444-iAS Pship,,,,,,,,Rem
1303-0460-iAS Pship,,,,,,,,Rem
1326-0444-iAS Pship,,,,,,,,Rem
1345-0444-iAS Pship,,,,,,,,Rem
1240-0335-iAS Pship,,,,,,,,Rem
1263-0468-iAS Pship,,,,,,,,Rem
1265-0466-iAS Pship,,,,,,,,Rem
1266-0466-iAS Pship,,,,,,,,Rem
1267-0466-iAS Pship,,,,,,,,Rem
1268-0466-iAS Pship,,,,,,,,Rem
1269-0466-iAS Pship,,,,,,,,Rem
1277-0466-iAS Pship,,,,,,,,Rem
1296-0466-iAS Pship,,,,,,,,Rem
1305-0466-iAS Pship,,,,,,,,Rem
1339-0466-iAS Pship,,,,,,,,Rem
1349-0466-iAS Pship,,,,,,,,Rem
1281-0461-iAS Pship,,,,,,,,Rem
1285-0398-iAS Pship,,,,,,,,Rem
1290-0130-iAS Pship,,,,,,,,Rem
1306-0130-iAS Pship,,,,,,,,Rem
1340-0130-iAS Pship,,,,,,,,Rem
1348-0130-iAS Pship,,,,,,,,Rem
1292-0156-iAS Pship,,,,,,,,Rem
1304-0182-iAS Pship,,,,,,,,Rem
1308-0449-iAS Pship,,,,,,,,Rem
1312-0411-iAS Pship,,,,,,,,Rem
1313-0385-iAS Pship,,,,,,,,Rem
1314-0384-iAS Pship,,,,,,,,Rem
1315-0467-iAS Pship,,,,,,,,Rem
1321-0469-iAS Pship,,,,,,,,Rem
1323-0999-iAS Pship,,,,,,,,Rem
1324-0481-iAS Pship,,,,,,,,Rem
1351-0448-iAS Pship,,,,,,,,Rem
1352-0448-iAS Pship,,,,,,,,Rem
1355-0488-iAS Pship,,,,,,,,Rem
1265-0466-iAS Pship,1265,,04/02/2014,38880,,,,inv
1266-0466-iAS Pship,1266,,04/02/2014,38880,,,,inv
1267-0466-iAS Pship,1267,,04/02/2014,38880,,,,inv
1268-0466-iAS Pship,1268,,04/02/2014,38880,,,,inv
1277-0466-iAS Pship,1277,,04/02/2014,5076.85,,,,inv
1379-0453-iAS Pship,1379,,05/02/2014,50,,,,inv
1374-0374-iAS Pship,1374,,05/02/2014,50,,,,inv
1292-0156-iAS Pship,,,,,1000135,06/02/2014,6391.69,CN
1376-0999-iAS Pship,1376,,07/02/2014,90,,,,inv
1364-0476-iAS Pship,1364,,11/02/2014,3920,,,,inv
1221-0498-Sai Ltd,1221,,31/12/2013,169293.3,,,,inv
0983-0265-Sai Ltd,,,,,1000136,12/02/2014,240,CN
1232-0444-iAS Pship,1232,1,12/02/2014,847.46,,,,PartP
1351-0448-iAS Pship,1351,,17/02/2014,10000,,,,inv
1352-0448-iAS Pship,1352,,17/02/2014,10000,,,,inv
1371-0448-iAS Pship,1371,,17/02/2014,1750,,,,inv
1372-0448-iAS Pship,1372,,17/02/2014,7900,,,,inv
1312-0411-iAS Pship,,,,,1000139,17/02/2014,2000,CN
1308-0449-iAS Pship,1308,,20/02/2014,290,,,,inv
1383-0462-iAS Pship,1383,,24/02/2014,12711.87,,,,inv
1290-0130-iAS Pship,1290,,24/02/2014,17736.02,,,,inv
1381-0447-iAS Pship,,,,,1000142,26/02/2014,33361.99,CN
1269-0466-iAS Pship,1269,,05/03/2014,38880,,,,inv
1296-0466-iAS Pship,1296,,05/03/2014,38880,,,,inv
1305-0466-iAS Pship,1305,,05/03/2014,38880,,,,inv
1339-0466-iAS Pship,1339,,05/03/2014,38880,,,,inv
1349-0466-iAS Pship,1349,,05/03/2014,38880,,,,inv
1086-0339-Sai Ltd,,,,,,,,Rem
0712-0361-Sai Ltd,,,,,,,,Rem
1027-0394-Sai Ltd,,,,,,,,Rem
1218-0130-Sai Ltd,,,,,,,,Rem
1219-0130-Sai Ltd,,,,,,,,Rem
0942-0332-Sai Ltd,,,,,,,,Rem
0967-0265-Sai Ltd,,,,,,,,Rem
1171-0374-Sai Ltd,,,,,,,,Rem
0992-0100-Sai Ltd,,,,,,,,Rem
1165-0359-Sai Ltd,,,,,,,,Rem
1175-0396-Sai Ltd,,,,,,,,Rem
1160-0379-Sai Ltd,,,,,,,,Rem
1159-0403-Sai Ltd,,,,,,,,Rem
1355-0488-iAS Pship,,,,,,,,Rem
1285-0398-iAS Pship,,,,,,,,Rem
1286-0394-iAS Pship,,,,,,,,Rem
1306-0130-iAS Pship,,,,,,,,Rem
1340-0130-iAS Pship,,,,,,,,Rem
1348-0130-iAS Pship,,,,,,,,Rem
1369-0130-iAS Pship,,,,,,,,Rem
1315-0467-iAS Pship,,,,,,,,Rem
1321-0469-iAS Pship,,,,,,,,Rem
1368-0493-iAS Pship,,,,,,,,Rem
1263-0468-iAS Pship,,,,,,,,Rem
1240-0335-iAS Pship,,,,,,,,Rem
1312-0411-iAS Pship,,,,,,,,Rem
1313-0385-iAS Pship,,,,,,,,Rem
1314-0384-iAS Pship,,,,,,,,Rem
1324-0481-iAS Pship,,,,,,,,Rem
1323-0999-iAS Pship,,,,,,,,Rem
1237-0429-iAS Pship,,,,,,,,Rem
1304-0182-iAS Pship,,,,,,,,Rem
1361-0379-iAS Pship,,,,,,,,Rem
1362-0379-iAS Pship,,,,,,,,Rem
1231-0444-iAS Pship,,,,,,,,Rem
1232-0444-iAS Pship,,,,,,,,Rem
1235-0444-iAS Pship,,,,,,,,Rem
1251-0444-iAS Pship,,,,,,,,Rem
1259-0444-iAS Pship,,,,,,,,Rem
1279-0444-iAS Pship,,,,,,,,Rem
1301-0444-iAS Pship,,,,,,,,Rem
1303-0460-iAS Pship,,,,,,,,Rem
1326-0444-iAS Pship,,,,,,,,Rem
1345-0444-iAS Pship,,,,,,,,Rem
1359-0444-iAS Pship,,,,,,,,Rem
1226-0421-iAS Pship,,,,,,,,Rem
1281-0461-iAS Pship,,,,,,,,Rem
1373-0461-iAS Pship,,,,,,,,Rem
1370-0459-iAS Pship,1370,,07/03/2014,2550,,,,inv
1382-0459-iAS Pship,1382,,07/03/2014,2550,,,,inv
1222-0499-Sai Ltd,1222,,10/03/2014,186.78,,,,inv
1388-0999-iAS Pship,1388,,13/03/2014,50,,,,inv
1387-0492-iAS Pship,1387,1,13/03/2014,423.73,,,,PartP
1231-0444-iAS Pship,1231,2,13/03/2014,719.08,,,,PartP
1306-0130-iAS Pship,1306,,26/03/2014,17736.02,,,,inv
1340-0130-iAS Pship,1340,,26/03/2014,17736.02,,,,inv
1218-0130-Sai Ltd,1218,,26/03/2014,1048.93,,,,inv
1240-0335-iAS Pship,1240,,26/03/2014,2139.22,,,,inv
1281-0461-iAS Pship,1281,,26/03/2014,7600,,,,inv
1373-0461-iAS Pship,1373,,26/03/2014,1900,,,,inv
0712-0361-Sai Ltd,,,,,,,,Rem
1219-0130-Sai Ltd,,,,,,,,Rem
0942-0332-Sai Ltd,,,,,,,,Rem
0967-0265-Sai Ltd,,,,,,,,Rem
0992-0100-Sai Ltd,,,,,,,,Rem
1165-0359-Sai Ltd,,,,,,,,Rem
1175-0396-Sai Ltd,,,,,,,,Rem
1027-0394-Sai Ltd,,,,,,,,Rem
1086-0339-Sai Ltd,,,,,,,,Rem
1159-0403-Sai Ltd,,,,,,,,Rem
1160-0379-Sai Ltd,,,,,,,,Rem
1171-0374-Sai Ltd,,,,,,,,Rem
1226-0421-iAS Pship,,,,,,,,Rem
1232-0444-iAS Pship,,,,,,,,Rem
1235-0444-iAS Pship,,,,,,,,Rem
1251-0444-iAS Pship,,,,,,,,Rem
1259-0444-iAS Pship,,,,,,,,Rem
1279-0444-iAS Pship,,,,,,,,Rem
1301-0444-iAS Pship,,,,,,,,Rem
1303-0460-iAS Pship,,,,,,,,Rem
1326-0444-iAS Pship,,,,,,,,Rem
1345-0444-iAS Pship,,,,,,,,Rem
1359-0444-iAS Pship,,,,,,,,Rem
1378-0444-iAS Pship,,,,,,,,Rem
1237-0429-iAS Pship,,,,,,,,Rem
1242-0471-iAS Pship,,,,,,,,Rem
1263-0468-iAS Pship,,,,,,,,Rem
1285-0398-iAS Pship,,,,,,,,Rem
1286-0394-iAS Pship,,,,,,,,Rem
1304-0182-iAS Pship,,,,,,,,Rem
1312-0411-iAS Pship,,,,,,,,Rem
1313-0385-iAS Pship,,,,,,,,Rem
1314-0384-iAS Pship,,,,,,,,Rem
1321-0469-iAS Pship,,,,,,,,Rem
1323-0999-iAS Pship,,,,,,,,Rem
1324-0481-iAS Pship,,,,,,,,Rem
1348-0130-iAS Pship,,,,,,,,Rem
1369-0130-iAS Pship,,,,,,,,Rem
1380-0130-iAS Pship,,,,,,,,Rem
1355-0488-iAS Pship,,,,,,,,Rem
1361-0379-iAS Pship,,,,,,,,Rem
1362-0379-iAS Pship,,,,,,,,Rem
1368-0493-iAS Pship,,,,,,,,Rem
1375-0379-iAS Pship,,,,,,,,Rem
1377-0470-iAS Pship,,,,,,,,Rem
1323-0999-iAS Pship,1323,,07/04/2014,150,,,,inv
1395-0999-iAS Pship,1395,,08/04/2014,50,,,,inv
1232-0444-iAS Pship,1232,2,09/04/2014,971.79,,,,PartP
1235-0444-iAS Pship,1235,,09/04/2014,201.25,,,,inv
1387-0492-iAS Pship,1387,2,16/04/2014,423.73,,,,PartP
1285-0398-iAS Pship,1285,1,16/04/2014,230,,,,PartP
1393-0449-iAS Pship,1393,,21/04/2014,635.59,,,,inv
1219-0130-Sai Ltd,1219,,23/04/2014,1242.92,,,,inv
1348-0130-iAS Pship,1348,,23/04/2014,17736.02,,,,inv
1369-0130-iAS Pship,1369,,23/04/2014,17736.02,,,,inv
1368-0493-iAS Pship,1368,,23/04/2014,3500,,,,inv
1223-0498-Sai Ltd,1223,,29/04/2014,379293.3,,,,inv
1304-0182-iAS Pship,1304,,29/04/2014,410.59,1000143,29/04/2014,229.41,inv/CN
1399-0999-iAS Pship,1399,,30/04/2014,25.42,,,,inv
0919-0301-Sai Ltd,919,,17/11/2011,300,,,,inv
1400-0513-iAS Pship,1400,,05/05/2014,200,1000144,05/05/2014,200,inv/CN
1401-0513-iAS Pship,1401,,05/05/2014,200,,,,inv
0942-0332-Sai Ltd,,,,,,,,Rem
0967-0265-Sai Ltd,,,,,,,,Rem
1171-0374-Sai Ltd,,,,,,,,Rem
0992-0100-Sai Ltd,,,,,,,,Rem
1165-0359-Sai Ltd,,,,,,,,Rem
1175-0396-Sai Ltd,,,,,,,,Rem
1160-0379-Sai Ltd,,,,,,,,Rem
1159-0403-Sai Ltd,,,,,,,,Rem
1086-0339-Sai Ltd,,,,,,,,Rem
0712-0361-Sai Ltd,,,,,,,,Rem
1027-0394-Sai Ltd,,,,,,,,Rem
1391-0459-iAS Pship,,,,,,,,Rem
1324-0481-iAS Pship,,,,,,,,Rem
1387-0492-iAS Pship,,,,,,,,Rem
1355-0488-iAS Pship,,,,,,,,Rem
1286-0394-iAS Pship,,,,,,,,Rem
1380-0130-iAS Pship,,,,,,,,Rem
1390-0130-iAS Pship,,,,,,,,Rem
1226-0421-iAS Pship,,,,,,,,Rem
1377-0470-iAS Pship,,,,,,,,Rem
1251-0444-iAS Pship,,,,,,,,Rem
1259-0444-iAS Pship,,,,,,,,Rem
1279-0444-iAS Pship,,,,,,,,Rem
1301-0444-iAS Pship,,,,,,,,Rem
1303-0460-iAS Pship,,,,,,,,Rem
1326-0444-iAS Pship,,,,,,,,Rem
1345-0444-iAS Pship,,,,,,,,Rem
1359-0444-iAS Pship,,,,,,,,Rem
1378-0444-iAS Pship,,,,,,,,Rem
1386-0444-iAS Pship,,,,,,,,Rem
1375-0379-iAS Pship,,,,,,,,Rem
1361-0379-iAS Pship,,,,,,,,Rem
1362-0379-iAS Pship,,,,,,,,Rem
1389-0379-iAS Pship,,,,,,,,Rem
1384-0447-iAS Pship,,,,,,,,Rem
1237-0429-iAS Pship,,,,,,,,Rem
1385-0505-iAS Pship,,,,,,,,Rem
1312-0411-iAS Pship,,,,,,,,Rem
1313-0385-iAS Pship,,,,,,,,Rem
1314-0384-iAS Pship,,,,,,,,Rem
1263-0468-iAS Pship,,,,,,,,Rem
1242-0471-iAS Pship,,,,,,,,Rem
1321-0469-iAS Pship,,,,,,,,Rem
1224-0499-Sai Ltd,1224,,09/05/2014,132.21,,,,inv
1391-0459-iAS Pship,1391,,09/05/2014,2550,,,,inv
1160-0379-Sai Ltd,1160,,12/05/2014,3200,,,,inv
1375-0379-iAS Pship,1375,,12/05/2014,50,,,,inv
1285-0398-iAS Pship,1285,2,16/05/2014,230,,,,PartP
1403-0999-iAS Pship,1403,,20/05/2014,25.42,,,,inv
1407-0999-iAS Pship,1407,,20/05/2014,50,,,,inv
1408-0057-iAS Pship,1408,,21/05/2014,42.37,,,,inv
1396-0470-iAS Pship,,,,,1000145,23/05/2014,8500,CN
1398-0459-iAS Pship,1398,,26/05/2014,2550,,,,inv
1251-0444-iAS Pship,1251,,26/05/2014,4238,,,,inv
1410-0999-iAS Pship,1410,,27/05/2014,84.75,,,,inv
1086-0339-Sai Ltd,1086,4,29/05/2014,12525.42,,,,PartP
1086-0339-Sai Ltd,,,,,1000146,29/05/2014,0.4,CN
1380-0130-iAS Pship,1380,,29/05/2014,17736.02,,,,inv
1413-0999-iAS Pship,1413,,30/05/2014,118.64,1000147,30/05/2014,1.36,inv/CN
0712-0361-Sai Ltd,,,,,,,,Rem
0942-0332-Sai Ltd,,,,,,,,Rem
0967-0265-Sai Ltd,,,,,,,,Rem
0992-0100-Sai Ltd,,,,,,,,Rem
1165-0359-Sai Ltd,,,,,,,,Rem
1175-0396-Sai Ltd,,,,,,,,Rem
1027-0394-Sai Ltd,,,,,,,,Rem
1159-0403-Sai Ltd,,,,,,,,Rem
1171-0374-Sai Ltd,,,,,,,,Rem
1226-0421-iAS Pship,,,,,,,,Rem
1237-0429-iAS Pship,,,,,,,,Rem
1242-0471-iAS Pship,,,,,,,,Rem
1259-0444-iAS Pship,,,,,,,,Rem
1279-0444-iAS Pship,,,,,,,,Rem
1301-0444-iAS Pship,,,,,,,,Rem
1303-0460-iAS Pship,,,,,,,,Rem
1326-0444-iAS Pship,,,,,,,,Rem
1345-0444-iAS Pship,,,,,,,,Rem
1359-0444-iAS Pship,,,,,,,,Rem
1378-0444-iAS Pship,,,,,,,,Rem
1386-0444-iAS Pship,,,,,,,,Rem
1392-0444-iAS Pship,,,,,,,,Rem
1263-0468-iAS Pship,,,,,,,,Rem
1286-0394-iAS Pship,,,,,,,,Rem
1312-0411-iAS Pship,,,,,,,,Rem
1313-0385-iAS Pship,,,,,,,,Rem
1314-0384-iAS Pship,,,,,,,,Rem
1321-0469-iAS Pship,,,,,,,,Rem
1324-0481-iAS Pship,,,,,,,,Rem
1394-0479-iAS Pship,,,,,,,,Rem
1355-0488-iAS Pship,,,,,,,,Rem
1361-0379-iAS Pship,,,,,,,,Rem
1362-0379-iAS Pship,,,,,,,,Rem
1389-0379-iAS Pship,,,,,,,,Rem
1377-0470-iAS Pship,,,,,,,,Rem
1396-0470-iAS Pship,,,,,,,,Rem
1384-0447-iAS Pship,,,,,,,,Rem
1387-0492-iAS Pship,,,,,,,,Rem
1390-0130-iAS Pship,,,,,,,,Rem
1397-0130-iAS Pship,,,,,,,,Rem
0571-0136-Sai Ltd,,,,,,,,bd
1419-0401-iAS Pship,1419,,05/06/2014,1000,,,,inv
1429-0525-iAS Pship,1429,,06/06/2014,225,,,,inv
1431-0999-iAS Pship,1431,,10/06/2014,42.37,,,,inv
1430-0172-iAS Pship,1430,,10/06/2014,120,,,,inv
1406-0172-iAS Pship,1406,,10/06/2014,70,,,,inv
1390-0130-iAS Pship,1390,,11/06/2014,17736.02,,,,inv
1397-0130-iAS Pship,1397,,11/06/2014,17736.02,,,,inv
1385-0505-iAS Pship,1385,,12/06/2014,350,,,,inv
1432-0067-iAS Pship,1432,,13/06/2014,84.75,,,,inv
1225-0130-Sai Ltd,,,,,1000148,13/06/2014,965.27,CN
1411-0459-iAS Pship,1411,,16/06/2014,2550,,,,inv
1412-0272-iAS Pship,1412,,16/06/2014,42.37,,,,inv
1416-0514-iAS Pship,1416,,16/06/2014,5250,,,,inv
1361-0379-iAS Pship,,,,,1000149,16/06/2014,172.8,CN
1362-0379-iAS Pship,,,,,1000150,16/06/2014,321.49,CN
1389-0379-iAS Pship,,,,,1000151,16/06/2014,188.51,CN
1433-0379-iAS Pship,1433,,16/06/2014,538.31,,,,inv
1377-0470-iAS Pship,1377,,17/06/2014,2400,,,,inv
1396-0470-iAS Pship,1396,1,17/06/2014,880,,,,PartP
1259-0444-iAS Pship,1259,,18/06/2014,5852.5,,,,inv
1417-0485-iAS Pship,1417,,20/06/2014,150,,,,inv
1434-0476-iAS Pship,1434,,23/06/2014,1000.05,,,,inv
1387-0492-iAS Pship,1387,3,25/06/2014,423.73,,,,PartP
1165-0359-Sai Ltd,1165,1,01/07/2014,6000,,,,PartP
0712-0361-Sai Ltd,,,,,,,,Rem
0942-0332-Sai Ltd,,,,,,,,Rem
0967-0265-Sai Ltd,,,,,,,,Rem
0992-0100-Sai Ltd,,,,,,,,Rem
1165-0359-Sai Ltd,,,,,,,,Rem
1175-0396-Sai Ltd,,,,,,,,Rem
1027-0394-Sai Ltd,,,,,,,,Rem
1159-0403-Sai Ltd,,,,,,,,Rem
1171-0374-Sai Ltd,,,,,,,,Rem
1226-0421-iAS Pship,,,,,,,,Rem
1237-0429-iAS Pship,,,,,,,,Rem
1242-0471-iAS Pship,,,,,,,,Rem
1263-0468-iAS Pship,,,,,,,,Rem
1279-0444-iAS Pship,,,,,,,,Rem
1301-0444-iAS Pship,,,,,,,,Rem
1303-0460-iAS Pship,,,,,,,,Rem
1326-0444-iAS Pship,,,,,,,,Rem
1345-0444-iAS Pship,,,,,,,,Rem
1359-0444-iAS Pship,,,,,,,,Rem
1378-0444-iAS Pship,,,,,,,,Rem
1386-0444-iAS Pship,,,,,,,,Rem
1392-0444-iAS Pship,,,,,,,,Rem
1402-0444-iAS Pship,,,,,,,,Rem
1286-0394-iAS Pship,,,,,,,,Rem
1312-0411-iAS Pship,,,,,,,,Rem
1313-0385-iAS Pship,,,,,,,,Rem
1314-0384-iAS Pship,,,,,,,,Rem
1321-0469-iAS Pship,,,,,,,,Rem
1324-0481-iAS Pship,,,,,,,,Rem
1394-0479-iAS Pship,,,,,,,,Rem
1355-0488-iAS Pship,,,,,,,,Rem
1384-0447-iAS Pship,,,,,,,,Rem
1396-0470-iAS Pship,,,,,,,,Rem
1404-0172-iAS Pship,,,,,,,,Rem
1405-0172-iAS Pship,,,,,,,,Rem
1409-0130-iAS Pship,,,,,,,,Rem
1312-0411-iAS Pship,1312,2,03/07/2014,1694.92,,,,PartP
1409-0130-iAS Pship,1409,,07/07/2014,17736.02,,,,inv
1396-0470-iAS Pship,1396,2,10/07/2014,3280,,,,PartP
1226-0130-Sai Ltd,1226,,11/07/2014,965.04,,,,inv
1303-0460-iAS Pship,1303,1,11/07/2014,4237.29,,,,PartP
1404-0172-iAS Pship,1404,,11/07/2014,70,,,,inv
1442-0999-iAS Pship,1442,,11/07/2014,70,,,,inv
1437-0476-iAS Pship,1437,,15/07/2014,324.5,,,,inv
1428-0432-iAS Pship,1428,,15/07/2014,6250,,,,inv
1436-0459-iAS Pship,1436,,18/07/2014,2550,,,,inv
1443-0999-iAS Pship,1443,,18/07/2014,300,,,,inv
1435-0130-iAS Pship,1435,,28/07/2014,17736.02,,,,inv
1165-0359-Sai Ltd,1165,2,31/07/2014,4250,,,,PartP
0712-0361-Sai Ltd,,,,,,,,Rem
0942-0332-Sai Ltd,,,,,,,,Rem
0967-0265-Sai Ltd,,,,,,,,Rem
0992-0100-Sai Ltd,,,,,,,,Rem
1027-0394-Sai Ltd,,,,,,,,Rem
1171-0374-Sai Ltd,,,,,,,,Rem
1159-0403-Sai Ltd,,,,,,,,Rem
1226-0421-iAS Pship,,,,,,,,Rem
1237-0429-iAS Pship,,,,,,,,Rem
1242-0471-iAS Pship,,,,,,,,Rem
1263-0468-iAS Pship,,,,,,,,Rem
1279-0444-iAS Pship,,,,,,,,Rem
1301-0444-iAS Pship,,,,,,,,Rem
1303-0460-iAS Pship,,,,,,,,Rem
1326-0444-iAS Pship,,,,,,,,Rem
1345-0444-iAS Pship,,,,,,,,Rem
1359-0444-iAS Pship,,,,,,,,Rem
1378-0444-iAS Pship,,,,,,,,Rem
1386-0444-iAS Pship,,,,,,,,Rem
1392-0444-iAS Pship,,,,,,,,Rem
1402-0444-iAS Pship,,,,,,,,Rem
1415-0444-iAS Pship,,,,,,,,Rem
1286-0394-iAS Pship,,,,,,,,Rem
1312-0411-iAS Pship,,,,,,,,Rem
1313-0385-iAS Pship,,,,,,,,Rem
1314-0384-iAS Pship,,,,,,,,Rem
1321-0469-iAS Pship,,,,,,,,Rem
1324-0481-iAS Pship,,,,,,,,Rem
1394-0479-iAS Pship,,,,,,,,Rem
1384-0447-iAS Pship,,,,,,,,Rem
1355-0488-iAS Pship,,,,,,,,Rem
1396-0470-iAS Pship,,,,,,,,Rem
1405-0172-iAS Pship,,,,,,,,Rem
1414-0518-iAS Pship,,,,,,,,Rem
1418-0512-iAS Pship,,,,,,,,Rem
1420-0431-iAS Pship,,,,,,,,Rem
1421-0431-iAS Pship,,,,,,,,Rem
1422-0431-iAS Pship,,,,,,,,Rem
1423-0431-iAS Pship,,,,,,,,Rem
1424-0431-iAS Pship,,,,,,,,Rem
1425-0431-iAS Pship,,,,,,,,Rem
1426-0431-iAS Pship,,,,,,,,Rem
1427-0431-iAS Pship,,,,,,,,Rem
1438-0517-iAS Pship,,,,,,,,Rem
1175-0396-Sai Ltd,,,,,,,,Rem
1447-0319-iAS Pship,1447,,01/08/2014,200,,,,inv
1396-0470-iAS Pship,1396,3,01/08/2014,3280,,,,PartP
1405-0172-iAS Pship,1405,,06/08/2014,70,,,,inv
1228-0499-Sai Ltd,1228,,07/08/2014,259.49,,,,inv
1440-0462-iAS Pship,1440,,08/08/2014,13333.33,,,,inv
1441-0462-iAS Pship,1441,,08/08/2014,13333.33,,,,inv
1446-0459-iAS Pship,1446,,11/08/2014,2550,,,,inv
1229-0498-Sai Ltd,1229,,31/07/2014,305084.75,,,,inv
1324-0481-iAS Pship,1324,,12/08/2014,500,,,,inv
1439-0462-iAS Pship,1439,,18/08/2014,13333.33,,,,inv
1226-0421-iAS Pship,1226,,20/08/2014,750,,,,inv
1303-0460-iAS Pship,1303,2,22/08/2014,4237.29,,,,PartP
1279-0444-iAS Pship,1279,,22/08/2014,3079,,,,inv
1445-0130-iAS Pship,1445,,26/08/2014,17736.02,,,,inv
1420-0431-iAS Pship,1420,,01/09/2014,11070,,,,inv
0712-0361-Sai Ltd,,,,,,,,Rem
0942-0332-Sai Ltd,,,,,,,,Rem
0967-0265-Sai Ltd,,,,,,,,Rem
0992-0100-Sai Ltd,,,,,,,,Rem
1175-0396-Sai Ltd,,,,,,,,Rem
1027-0394-Sai Ltd,,,,,,,,Rem
1159-0403-Sai Ltd,,,,,,,,Rem
1171-0374-Sai Ltd,,,,,,,,Rem
1237-0429-iAS Pship,,,,,,,,Rem
1242-0471-iAS Pship,,,,,,,,Rem
1263-0468-iAS Pship,,,,,,,,Rem
1286-0394-iAS Pship,,,,,,,,Rem
1301-0444-iAS Pship,,,,,,,,Rem
1303-0460-iAS Pship,,,,,,,,Rem
1326-0444-iAS Pship,,,,,,,,Rem
1345-0444-iAS Pship,,,,,,,,Rem
1359-0444-iAS Pship,,,,,,,,Rem
1378-0444-iAS Pship,,,,,,,,Rem
1386-0444-iAS Pship,,,,,,,,Rem
1392-0444-iAS Pship,,,,,,,,Rem
1402-0444-iAS Pship,,,,,,,,Rem
1415-0444-iAS Pship,,,,,,,,Rem
1444-0444-iAS Pship,,,,,,,,Rem
1312-0411-iAS Pship,,,,,,,,Rem
1313-0385-iAS Pship,,,,,,,,Rem
1314-0384-iAS Pship,,,,,,,,Rem
1321-0469-iAS Pship,,,,,,,,Rem
1355-0488-iAS Pship,,,,,,,,Rem
1384-0447-iAS Pship,,,,,,,,Rem
1394-0479-iAS Pship,,,,,,,,Rem
1396-0470-iAS Pship,,,,,,,,Rem
1414-0518-iAS Pship,,,,,,,,Rem
1418-0512-iAS Pship,,,,,,,,Rem
1421-0431-iAS Pship,,,,,,,,Rem
1422-0431-iAS Pship,,,,,,,,Rem
1423-0431-iAS Pship,,,,,,,,Rem
1424-0431-iAS Pship,,,,,,,,Rem
1425-0431-iAS Pship,,,,,,,,Rem
1426-0431-iAS Pship,,,,,,,,Rem
1427-0431-iAS Pship,,,,,,,,Rem
1438-0517-iAS Pship,,,,,,,,Rem
1456-0462-iAS Pship,1456,1,02/09/2014,13559.32,,,,PartP
1396-0470-iAS Pship,1396,4,03/09/2014,3280,,,,PartP
1454-0172-iAS Pship,1454,,09/09/2014,12.77,,,,inv
1462-0172-iAS Pship,1462,,09/09/2014,12.77,,,,inv
1418-0512-iAS Pship,1418,,10/09/2014,100,,,,inv
1449-0459-iAS Pship,1449,,11/09/2014,2550,,,,inv
1450-0999-iAS Pship,1450,,15/09/2014,200,,,,inv
1301-0444-iAS Pship,1301,,16/09/2014,4708.5,,,,inv
1230-0476-Sai Ltd,1230,,16/09/2014,1492.94,,,,inv
1466-0999-iAS Pship,1466,,25/09/2014,140,,,,inv
1421-0431-iAS Pship,1421,,29/09/2014,11070,,,,inv
1452-0476-iAS Pship,1452,,29/09/2014,26000,,,,inv
0712-0361-Sai Ltd,,,,,,,,Rem
0942-0332-Sai Ltd,,,,,,,,Rem
0992-0100-Sai Ltd,,,,,,,,Rem
1175-0396-Sai Ltd,,,,,,,,Rem
0967-0265-Sai Ltd,,,,,,,,Rem
1027-0394-Sai Ltd,,,,,,,,Rem
1159-0403-Sai Ltd,,,,,,,,Rem
1171-0374-Sai Ltd,,,,,,,,Rem
1237-0429-iAS Pship,,,,,,,,Rem
1455-0527-iAS Pship,,,,,,,,Rem
1242-0471-iAS Pship,,,,,,,,Rem
1263-0468-iAS Pship,,,,,,,,Rem
1286-0394-iAS Pship,,,,,,,,Rem
1303-0460-iAS Pship,,,,,,,,Rem
1326-0444-iAS Pship,,,,,,,,Rem
1345-0444-iAS Pship,,,,,,,,Rem
1359-0444-iAS Pship,,,,,,,,Rem
1378-0444-iAS Pship,,,,,,,,Rem
1386-0444-iAS Pship,,,,,,,,Rem
1392-0444-iAS Pship,,,,,,,,Rem
1402-0444-iAS Pship,,,,,,,,Rem
1415-0444-iAS Pship,,,,,,,,Rem
1444-0444-iAS Pship,,,,,,,,Rem
1451-0444-iAS Pship,,,,,,,,Rem
1312-0411-iAS Pship,,,,,,,,Rem
1313-0385-iAS Pship,,,,,,,,Rem
1314-0384-iAS Pship,,,,,,,,Rem
1321-0469-iAS Pship,,,,,,,,Rem
1355-0488-iAS Pship,,,,,,,,Rem
1384-0447-iAS Pship,,,,,,,,Rem
1394-0479-iAS Pship,,,,,,,,Rem
1396-0470-iAS Pship,,,,,,,,Rem
1414-0518-iAS Pship,,,,,,,,Rem
1422-0431-iAS Pship,,,,,,,,Rem
1423-0431-iAS Pship,,,,,,,,Rem
1424-0431-iAS Pship,,,,,,,,Rem
1425-0431-iAS Pship,,,,,,,,Rem
1426-0431-iAS Pship,,,,,,,,Rem
1427-0431-iAS Pship,,,,,,,,Rem
1438-0517-iAS Pship,,,,,,,,Rem
1448-0130-iAS Pship,,,,,,,,Rem
1453-0374-iAS Pship,,,,,,,,Rem
1472-0172-iAS Pship,1472,,06/10/2014,50,,,,inv
1321-0469-iAS Pship,1321,,07/10/2014,2200,,,,inv
1465-0462-iAS Pship,1465,,08/10/2014,2000,,,,inv
1396-0470-iAS Pship,1396,5,09/10/2014,3280,,,,PartP
1467-0999-iAS Pship,1467,,09/10/2014,175,,,,inv
1303-0460-iAS Pship,1303,3,10/10/2014,4237.29,,,,PartP
1326-0444-iAS Pship,1326,,10/10/2014,3546.75,,,,inv
1438-0517-iAS Pship,1438,,14/10/2014,4850,,,,inv
1475-0453-iAS Pship,1475,,17/10/2014,243.94,,,,inv
1474-0999-iAS Pship,1474,,20/10/2014,300,,,,inv
1448-0130-iAS Pship,1448,,21/10/2014,17736.02,,,,inv
1481-0999-iAS Pship,1481,,23/10/2014,50,,,,inv
1484-0532-iAS Pship,1484,,23/10/2014,50,,,,inv
1464-0459-iAS Pship,1464,,24/10/2014,2550,,,,inv
1453-0374-iAS Pship,1453,1,24/10/2014,355.93,,,,PartP
1482-0401-iAS Pship,1482,,28/10/2014,850,,,,inv
1453-0374-iAS Pship,1453,2,29/10/2014,64.07,,,,PartP
1485-0203-iAS Pship,1485,,29/10/2014,12.71,,,,inv
0712-0361-Sai Ltd,,,,,,,,Rem
0942-0332-Sai Ltd,,,,,,,,Rem
0992-0100-Sai Ltd,,,,,,,,Rem
1175-0396-Sai Ltd,,,,,,,,Rem
1027-0394-Sai Ltd,,,,,,,,Rem
1159-0403-Sai Ltd,,,,,,,,Rem
1171-0374-Sai Ltd,,,,,,,,Rem
1237-0429-iAS Pship,,,,,,,,Rem
1455-0527-iAS Pship,,,,,,,,Rem
1242-0471-iAS Pship,,,,,,,,Rem
1263-0468-iAS Pship,,,,,,,,Rem
1286-0394-iAS Pship,,,,,,,,Rem
1303-0460-iAS Pship,,,,,,,,Rem
1345-0444-iAS Pship,,,,,,,,Rem
1359-0444-iAS Pship,,,,,,,,Rem
1378-0444-iAS Pship,,,,,,,,Rem
1386-0444-iAS Pship,,,,,,,,Rem
1392-0444-iAS Pship,,,,,,,,Rem
1402-0444-iAS Pship,,,,,,,,Rem
1415-0444-iAS Pship,,,,,,,,Rem
1444-0444-iAS Pship,,,,,,,,Rem
1451-0444-iAS Pship,,,,,,,,Rem
1312-0411-iAS Pship,,,,,,,,Rem
1313-0385-iAS Pship,,,,,,,,Rem
1314-0384-iAS Pship,,,,,,,,Rem
1355-0488-iAS Pship,,,,,,,,Rem
1384-0447-iAS Pship,,,,,,,,Rem
1394-0479-iAS Pship,,,,,,,,Rem
1414-0518-iAS Pship,,,,,,,,Rem
1422-0431-iAS Pship,,,,,,,,Rem
1423-0431-iAS Pship,,,,,,,,Rem
1424-0431-iAS Pship,,,,,,,,Rem
1425-0431-iAS Pship,,,,,,,,Rem
1426-0431-iAS Pship,,,,,,,,Rem
1427-0431-iAS Pship,,,,,,,,Rem
1468-0431-iAS Pship,,,,,,,,Rem
1469-0431-iAS Pship,,,,,,,,Rem
1470-0431-iAS Pship,,,,,,,,Rem
1471-0431-iAS Pship,,,,,,,,Rem
1456-0462-iAS Pship,,,,,,,,Rem
1457-0462-iAS Pship,,,,,,,,Rem
1458-0462-iAS Pship,,,,,,,,Rem
1459-0462-iAS Pship,,,,,,,,Rem
1460-0999-iAS Pship,,,,,,,,Rem
1461-0999-iAS Pship,,,,,,,,Rem
1463-0130-iAS Pship,,,,,,,,Rem
1478-0459-iAS Pship,1478,,04/11/2014,2550,,,,inv
1488-0999-iAS Pship,1488,,04/11/2014,50,,,,inv
1489-0999-iAS Pship,1489,,04/11/2014,50,,,,inv
1384-0447-iAS Pship,1384,1,04/11/2014,847.46,,,,PartP
1384-0447-iAS Pship,1384,2,04/11/2014,847.46,,,,PartP
1490-0464-iAS Pship,1490,,04/11/2014,30,,,,inv
1384-0447-iAS Pship,1384,3,06/11/2014,847.46,,,,PartP
1455-0527-iAS Pship,1455,,06/11/2014,508.47,,,,inv
1494-0999-iAS Pship,1494,,07/11/2014,50,,,,inv
1456-0462-iAS Pship,1456,2,10/11/2014,5440.68,,,,PartP
1457-0462-iAS Pship,1457,,10/11/2014,2000,,,,inv
1384-0447-iAS Pship,1384,4,11/11/2014,847.46,,,,PartP
1345-0444-iAS Pship,1345,,13/11/2014,3942.75,,,,inv
1303-0460-iAS Pship,1303,4,13/11/2014,4237.29,,,,PartP
1492-0999-iAS Pship,1492,,13/11/2014,186.44,,,,inv
1384-0447-iAS Pship,1384,5,25/11/2014,847.46,,,,PartP
1231-0498-Sai Ltd,1231,,20/11/2014,275000,,,,inv
1463-0130-iAS Pship,1463,,20/11/2014,17736.02,,,,inv
1477-0130-iAS Pship,1477,,20/11/2014,17736.02,,,,inv
1384-0447-iAS Pship,1384,6,02/12/2014,847.46,,,,PartP
1493-0999-iAS Pship,1493,,20/11/2014,76.27,,,,inv
1027-0394-Sai Ltd,1027,5,21/11/2014,3305.37,,,,PartP
1286-0394-iAS Pship,1286,1,21/11/2014,13643.78,,,,PartP
1486-0477-iAS Pship,,,,,1000152,24/11/2014,155000,CN
1507-0156-iAS Pship,1507,,27/11/2014,50.85,,,,inv
0712-0361-Sai Ltd,,,,,,,,Rem
0942-0332-Sai Ltd,,,,,,,,Rem
0992-0100-Sai Ltd,,,,,,,,Rem
1175-0396-Sai Ltd,,,,,,,,Rem
1159-0403-Sai Ltd,,,,,,,,Rem
1171-0374-Sai Ltd,,,,,,,,Rem
1237-0429-iAS Pship,,,,,,,,Rem
1242-0471-iAS Pship,,,,,,,,Rem
1263-0468-iAS Pship,,,,,,,,Rem
1286-0394-iAS Pship,,,,,,,,Rem
1303-0460-iAS Pship,,,,,,,,Rem
1359-0444-iAS Pship,,,,,,,,Rem
1378-0444-iAS Pship,,,,,,,,Rem
1386-0444-iAS Pship,,,,,,,,Rem
1392-0444-iAS Pship,,,,,,,,Rem
1402-0444-iAS Pship,,,,,,,,Rem
1415-0444-iAS Pship,,,,,,,,Rem
1444-0444-iAS Pship,,,,,,,,Rem
1451-0444-iAS Pship,,,,,,,,Rem
1473-0444-iAS Pship,,,,,,,,Rem
1312-0411-iAS Pship,,,,,,,,Rem
1313-0385-iAS Pship,,,,,,,,Rem
1314-0384-iAS Pship,,,,,,,,Rem
1355-0488-iAS Pship,,,,,,,,Rem
1384-0447-iAS Pship,,,,,,,,Rem
1394-0479-iAS Pship,,,,,,,,Rem
1422-0431-iAS Pship,,,,,,,,Rem
1423-0431-iAS Pship,,,,,,,,Rem
1424-0431-iAS Pship,,,,,,,,Rem
1425-0431-iAS Pship,,,,,,,,Rem
1426-0431-iAS Pship,,,,,,,,Rem
1427-0431-iAS Pship,,,,,,,,Rem
1468-0431-iAS Pship,,,,,,,,Rem
1469-0431-iAS Pship,,,,,,,,Rem
1470-0431-iAS Pship,,,,,,,,Rem
1471-0431-iAS Pship,,,,,,,,Rem
1480-0431-iAS Pship,,,,,,,,Rem
1414-0518-iAS Pship,,,,,,,,Rem
1458-0462-iAS Pship,,,,,,,,Rem
1459-0462-iAS Pship,,,,,,,,Rem
1479-0462-iAS Pship,,,,,,,,Rem
1460-0999-iAS Pship,,,,,,,,Rem
1461-0999-iAS Pship,,,,,,,,Rem
1476-0453-iAS Pship,,,,,,,,Rem
1483-0516-iAS Pship,,,,,,,,Rem
1460-0999-iAS Pship,1460,,05/12/2014,400,,,,inv
1487-0415-iAS Pship,1487,1,05/12/2014,16949.15,,,,PartP
1384-0447-iAS Pship,1384,7,12/12/2014,847.46,,,,PartP
1303-0460-iAS Pship,1303,5,12/12/2014,16949.15,,,,PartP
1422-0431-iAS Pship,1422,,12/12/2014,11070,,,,inv
1423-0431-iAS Pship,1423,,12/12/2014,11070,,,,inv
1424-0431-iAS Pship,1424,,12/12/2014,11070,,,,inv
1512-0506-iAS Pship,1512,1,16/12/2014,20000,,,,PartP
1499-0130-iAS Pship,1499,,17/12/2014,17736.02,,,,inv
1359-0444-iAS Pship,1359,,18/12/2014,1860,,,,inv
1506-0477-iAS Pship,1506,1,19/12/2014,21186.44,,,,PartP
1513-0999-iAS Pship,1513,,19/12/2014,495,,,,inv
1425-0431-iAS Pship,1425,,19/12/2014,11070,,,,inv
1426-0431-iAS Pship,1426,,19/12/2014,11070,,,,inv
1427-0431-iAS Pship,1427,,19/12/2014,11070,,,,inv
1303-0460-iAS Pship,1303,6,22/12/2014,1101.69,,,,PartP
1514-0460-iAS Pship,1514,1,22/12/2014,15847.46,,,,PartP
1515-0064-iAS Pship,1515,,22/12/2014,50,,,,inv
1498-0488-iAS Pship,1498,1,23/12/2014,10000,,,,PartP
1458-0462-iAS Pship,1458,,23/12/2014,2000,,,,inv
1461-0999-iAS Pship,1461,,05/01/2015,50,,,,inv
1517-0423-iAS Pship,1517,,05/01/2015,142.68,,,,inv
0712-0361-Sai Ltd,,,,,,,,Rem
0942-0332-Sai Ltd,,,,,,,,Rem
0992-0100-Sai Ltd,,,,,,,,Rem
1175-0396-Sai Ltd,,,,,,,,Rem
1159-0403-Sai Ltd,,,,,,,,Rem
1171-0374-Sai Ltd,,,,,,,,Rem
1237-0429-iAS Pship,,,,,,,,Rem
1242-0471-iAS Pship,,,,,,,,Rem
1263-0468-iAS Pship,,,,,,,,Rem
1286-0394-iAS Pship,,,,,,,,Rem
1312-0411-iAS Pship,,,,,,,,Rem
1313-0385-iAS Pship,,,,,,,,Rem
1314-0384-iAS Pship,,,,,,,,Rem
1355-0488-iAS Pship,,,,,,,,Rem
1378-0444-iAS Pship,,,,,,,,Rem
1386-0444-iAS Pship,,,,,,,,Rem
1392-0444-iAS Pship,,,,,,,,Rem
1402-0444-iAS Pship,,,,,,,,Rem
1415-0444-iAS Pship,,,,,,,,Rem
1444-0444-iAS Pship,,,,,,,,Rem
1451-0444-iAS Pship,,,,,,,,Rem
1473-0444-iAS Pship,,,,,,,,Rem
1491-0444-iAS Pship,,,,,,,,Rem
1384-0447-iAS Pship,,,,,,,,Rem
1414-0518-iAS Pship,,,,,,,,Rem
1394-0479-iAS Pship,,,,,,,,Rem
1459-0462-iAS Pship,,,,,,,,Rem
1479-0462-iAS Pship,,,,,,,,Rem
1501-0462-iAS Pship,,,,,,,,Rem
1468-0431-iAS Pship,,,,,,,,Rem
1469-0431-iAS Pship,,,,,,,,Rem
1470-0431-iAS Pship,,,,,,,,Rem
1471-0431-iAS Pship,,,,,,,,Rem
1480-0431-iAS Pship,,,,,,,,Rem
1502-0431-iAS Pship,,,,,,,,Rem
1476-0453-iAS Pship,,,,,,,,Rem
1483-0516-iAS Pship,,,,,,,,Rem
1487-0415-iAS Pship,,,,,,,,Rem
1495-0495-iAS Pship,,,,,,,,Rem
1496-0999-iAS Pship,,,,,,,,Rem
1497-0476-iAS Pship,,,,,,,,Rem
1498-0488-iAS Pship,,,,,,,,Rem
1500-0459-iAS Pship,,,,,,,,Rem
1503-0999-iAS Pship,,,,,,,,Rem
1506-0477-iAS Pship,,,,,,,,Rem
1519-0999-iAS Pship,1519,,09/01/2015,100,,,,inv
1500-0459-iAS Pship,1500,,12/01/2015,2550,,,,inv
1509-0459-iAS Pship,1509,,12/01/2015,2550,,,,inv
1505-0493-iAS Pship,1505,1,12/01/2015,30000,,,,PartP
1520-0172-iAS Pship,1520,,13/01/2015,50,,,,inv
1523-0538-iAS Pship,1523,,19/01/2015,1059.32,,,,inv
1524-0456-iAS Pship,1524,,19/01/2015,338.98,,,,inv
1495-0495-iAS Pship,1495,,28/01/2015,2750,,,,inv
0712-0361-Sai Ltd,,,,,,,,Rem
0942-0332-Sai Ltd,,,,,,,,Rem
1159-0403-Sai Ltd,,,,,,,,Rem
1171-0374-Sai Ltd,,,,,,,,Rem
1175-0396-Sai Ltd,,,,,,,,Rem
1237-0429-iAS Pship,,,,,,,,Rem
1242-0471-iAS Pship,,,,,,,,Rem
1263-0468-iAS Pship,,,,,,,,Rem
1286-0394-iAS Pship,,,,,,,,Rem
1312-0411-iAS Pship,,,,,,,,Rem
1313-0385-iAS Pship,,,,,,,,Rem
1314-0384-iAS Pship,,,,,,,,Rem
1355-0488-iAS Pship,,,,,,,,Rem
1378-0444-iAS Pship,,,,,,,,Rem
1386-0444-iAS Pship,,,,,,,,Rem
1392-0444-iAS Pship,,,,,,,,Rem
1402-0444-iAS Pship,,,,,,,,Rem
1415-0444-iAS Pship,,,,,,,,Rem
1444-0444-iAS Pship,,,,,,,,Rem
1451-0444-iAS Pship,,,,,,,,Rem
1473-0444-iAS Pship,,,,,,,,Rem
1491-0444-iAS Pship,,,,,,,,Rem
1504-0444-iAS Pship,,,,,,,,Rem
1514-0460-iAS Pship,,,,,,,,Rem
1384-0447-iAS Pship,,,,,,,,Rem
1394-0479-iAS Pship,,,,,,,,Rem
1414-0518-iAS Pship,,,,,,,,Rem
1468-0431-iAS Pship,,,,,,,,Rem
1469-0431-iAS Pship,,,,,,,,Rem
1470-0431-iAS Pship,,,,,,,,Rem
1471-0431-iAS Pship,,,,,,,,Rem
1480-0431-iAS Pship,,,,,,,,Rem
1502-0431-iAS Pship,,,,,,,,Rem
1511-0431-iAS Pship,,,,,,,,Rem
1483-0516-iAS Pship,,,,,,,,Rem
1487-0415-iAS Pship,,,,,,,,Rem
1496-0999-iAS Pship,,,,,,,,Rem
1497-0476-iAS Pship,,,,,,,,Rem
1498-0488-iAS Pship,,,,,,,,Rem
1503-0999-iAS Pship,,,,,,,,Rem
1505-0493-iAS Pship,,,,,,,,Rem
1506-0477-iAS Pship,,,,,,,,Rem
1508-0130-iAS Pship,,,,,,,,Rem
1512-0506-iAS Pship,,,,,,,,Rem
1496-0999-iAS Pship,1496,,04/02/2015,847.46,,,,inv
1530-0453-iAS Pship,1530,,04/02/2015,200,,,,inv
1532-0069-iAS Pship,,,,,1000153,05/02/2015,391.84,CN
1508-0130-iAS Pship,1508,,05/02/2015,17736.02,,,,inv
1503-0999-iAS Pship,1503,,06/02/2015,50,,,,inv
1459-0462-iAS Pship,1459,,06/02/2015,2000,,,,inv
1479-0462-iAS Pship,1479,,06/02/2015,2000,,,,inv
1233-0498-Sai Ltd,1233,,11/02/2015,269500,,,,inv
1312-0411-iAS Pship,1312,3,11/02/2015,1694.92,,,,PartP
1529-0359-iAS Pship,,,,,1000154,11/02/2015,425,CN
1514-0460-iAS Pship,1514,2,16/02/2015,16949.15,,,,PartP
1378-0444-iAS Pship,1378,,16/02/2015,5091.25,,,,inv
1516-0423-iAS Pship,1516,,18/02/2015,447.93,,,,inv
1514-0460-iAS Pship,1514,3,20/02/2015,16949.15,,,,PartP
1526-0459-iAS Pship,1526,,25/02/2015,2550,,,,inv
1522-0432-iAS Pship,1522,,25/02/2015,24500,,,,inv
1506-0477-iAS Pship,1506,2,02/03/2015,25423.73,,,,PartP
0712-0361-Sai Ltd,,,,,,,,Rem
0942-0332-Sai Ltd,,,,,,,,Rem
0992-0100-Sai Ltd,,,,,,,,Rem
1175-0396-Sai Ltd,,,,,,,,Rem
1159-0403-Sai Ltd,,,,,,,,Rem
1171-0374-Sai Ltd,,,,,,,,Rem
1232-0130-Sai Ltd,,,,,,,,Rem
1237-0429-iAS Pship,,,,,,,,Rem
1242-0471-iAS Pship,,,,,,,,Rem
1263-0468-iAS Pship,,,,,,,,Rem
1286-0394-iAS Pship,,,,,,,,Rem
1312-0411-iAS Pship,,,,,,,,Rem
1313-0385-iAS Pship,,,,,,,,Rem
1314-0384-iAS Pship,,,,,,,,Rem
1355-0488-iAS Pship,,,,,,,,Rem
1384-0447-iAS Pship,,,,,,,,Rem
1386-0444-iAS Pship,,,,,,,,Rem
1392-0444-iAS Pship,,,,,,,,Rem
1402-0444-iAS Pship,,,,,,,,Rem
1415-0444-iAS Pship,,,,,,,,Rem
1444-0444-iAS Pship,,,,,,,,Rem
1451-0444-iAS Pship,,,,,,,,Rem
1473-0444-iAS Pship,,,,,,,,Rem
1491-0444-iAS Pship,,,,,,,,Rem
1504-0444-iAS Pship,,,,,,,,Rem
1514-0460-iAS Pship,,,,,,,,Rem
1518-0444-iAS Pship,,,,,,,,Rem
1525-0460-iAS Pship,,,,,,,,Rem
1394-0479-iAS Pship,,,,,,,,Rem
1414-0518-iAS Pship,,,,,,,,Rem
1468-0431-iAS Pship,,,,,,,,Rem
1469-0431-iAS Pship,,,,,,,,Rem
1470-0431-iAS Pship,,,,,,,,Rem
1480-0431-iAS Pship,,,,,,,,Rem
1502-0431-iAS Pship,,,,,,,,Rem
1505-0493-iAS Pship,,,,,,,,Rem
1511-0431-iAS Pship,,,,,,,,Rem
1528-0431-iAS Pship,,,,,,,,Rem
1483-0516-iAS Pship,,,,,,,,Rem
1487-0415-iAS Pship,,,,,,,,Rem
1497-0476-iAS Pship,,,,,,,,Rem
1521-0476-iAS Pship,,,,,,,,Rem
1498-0488-iAS Pship,,,,,,,,Rem
1501-0462-iAS Pship,,,,,,,,Rem
1510-0462-iAS Pship,,,,,,,,Rem
1527-0462-iAS Pship,,,,,,,,Rem
1506-0477-iAS Pship,,,,,,,,Rem
1512-0506-iAS Pship,,,,,,,,Rem
1471-0431-iAS Pship,,,,,,,,Rem
1497-0476-iAS Pship,1497,,05/03/2015,9000,,,,inv
1501-0462-iAS Pship,1501,,09/03/2015,2000,,,,inv
1510-0462-iAS Pship,1510,,09/03/2015,2000,,,,inv
1535-0204-iAS Pship,1535,,12/03/2015,275.42,,,,inv
1537-0459-iAS Pship,1537,,16/03/2015,2550,,,,inv
1514-0460-iAS Pship,1514,4,23/03/2015,16949.15,,,,PartP
1232-0130-Sai Ltd,1232,,23/03/2015,766.29,,,,inv
1542-0130-iAS Pship,1542,,23/03/2015,18946.74,,,,inv
1386-0444-iAS Pship,1386,,01/04/2015,3388.25,,,,inv
0712-0361-Sai Ltd,,,,,,,,Rem
0942-0332-Sai Ltd,,,,,,,,Rem
0992-0100-Sai Ltd,,,,,,,,Rem
1175-0396-Sai Ltd,,,,,,,,Rem
1159-0403-Sai Ltd,,,,,,,,Rem
1171-0374-Sai Ltd,,,,,,,,Rem
1237-0429-iAS Pship,,,,,,,,Rem
1263-0468-iAS Pship,,,,,,,,Rem
1286-0394-iAS Pship,,,,,,,,Rem
1540-1100-iAS Pship,,,,,,,,Rem
1312-0411-iAS Pship,,,,,,,,Rem
1313-0385-iAS Pship,,,,,,,,Rem
1314-0384-iAS Pship,,,,,,,,Rem
1392-0444-iAS Pship,,,,,,,,Rem
1402-0444-iAS Pship,,,,,,,,Rem
1415-0444-iAS Pship,,,,,,,,Rem
1444-0444-iAS Pship,,,,,,,,Rem
1451-0444-iAS Pship,,,,,,,,Rem
1473-0444-iAS Pship,,,,,,,,Rem
1491-0444-iAS Pship,,,,,,,,Rem
1504-0444-iAS Pship,,,,,,,,Rem
1514-0460-iAS Pship,,,,,,,,Rem
1518-0444-iAS Pship,,,,,,,,Rem
1525-0460-iAS Pship,,,,,,,,Rem
1531-0444-iAS Pship,,,,,,,,Rem
1536-0460-iAS Pship,,,,,,,,Rem
1394-0479-iAS Pship,,,,,,,,Rem
1414-0518-iAS Pship,,,,,,,,Rem
1468-0431-iAS Pship,,,,,,,,Rem
1469-0431-iAS Pship,,,,,,,,Rem
1470-0431-iAS Pship,,,,,,,,Rem
1471-0431-iAS Pship,,,,,,,,Rem
1480-0431-iAS Pship,,,,,,,,Rem
1502-0431-iAS Pship,,,,,,,,Rem
1505-0493-iAS Pship,,,,,,,,Rem
1511-0431-iAS Pship,,,,,,,,Rem
1528-0431-iAS Pship,,,,,,,,Rem
1539-0431-iAS Pship,,,,,,,,Rem
1483-0516-iAS Pship,,,,,,,,Rem
1487-0415-iAS Pship,,,,,,,,Rem
1506-0477-iAS Pship,,,,,,,,Rem
1512-0506-iAS Pship,,,,,,,,Rem
1521-0476-iAS Pship,,,,,,,,Rem
1527-0462-iAS Pship,,,,,,,,Rem
1538-0462-iAS Pship,,,,,,,,Rem
1533-0359-iAS Pship,,,,,,,,Rem
1534-0532-iAS Pship,,,,,,,,Rem
1541-0999-iAS Pship,,,,,,,,Rem
1355-0488-iAS Pship,,,,,,,,Rem
1384-0447-iAS Pship,,,,,,,,Rem
1498-0488-iAS Pship,,,,,,,,Rem
1315-0467-iAS Pship,1315,1,07/04/2015,423.73,,,,PartP
1546-0459-iAS Pship,1546,,13/04/2015,2550,,,,inv
0006-0025-Sai Ltd,,,,,,,,bd
1315-0467-iAS Pship,,,,,,,,bd
1562-0999-iAS Pship,1562,,17/04/2015,50,,,,inv
1543-0130-iAS Pship,1543,,17/04/2015,18946.74,,,,inv
1234-0498-Sai Ltd,1234,,31/03/2015,269500,,,,inv
0992-0100-Sai Ltd,992,,21/04/2015,349.38,,,,inv
1175-0396-Sai Ltd,1175,1,21/04/2015,6947.13,,,,PartP
0716-0326-Sai Ltd,716,,21/04/2015,100,,,,inv
0740-0349-Sai Ltd,740,,21/04/2015,749.25,,,,inv
0768-0999-Sai Ltd,768,,21/04/2015,241.63,,,,inv
0772-0325-Sai Ltd,772,,21/04/2015,1100,,,,inv
0799-0334-Sai Ltd,799,,21/04/2015,13827.07,,,,inv
0802-0285-Sai Ltd,802,,21/04/2015,13500,,,,inv
0811-0325-Sai Ltd,811,,21/04/2015,890.05,,,,inv
0831-0325-Sai Ltd,831,,21/04/2015,75,,,,inv
0832-0325-Sai Ltd,832,,21/04/2015,400,,,,inv
0943-0325-Sai Ltd,943,,21/04/2015,148,,,,inv
0944-0325-Sai Ltd,944,,21/04/2015,92.5,,,,inv
1242-0471-iAS Pship,1242,,21/04/2015,350,,,,inv
1363-0406-iAS Pship,1363,2,21/04/2015,3648.41,,,,PartP
1570-0999-iAS Pship,1570,,22/04/2015,50,,,,inv
1560-0999-iAS Pship,1560,,24/04/2015,50.85,,,,inv
1541-0999-iAS Pship,,,,,1000155,24/04/2015,1320,CN
1534-0532-iAS Pship,1534,1,24/04/2015,423.73,,,,PartP
1527-0462-iAS Pship,1527,,27/04/2015,2000,,,,inv
1538-0462-iAS Pship,1538,,27/04/2015,2000,,,,inv
1506-0477-iAS Pship,1506,3,27/04/2015,25423.73,,,,PartP
1549-0130-iAS Pship,1549,,27/04/2015,18946.74,,,,inv
1552-0520-iAS Pship,1552,1,29/04/2015,37500,,,,PartP
1498-0488-iAS Pship,1498,2,30/04/2015,50000,,,,PartP
0967-0265-Sai Ltd,967,,30/04/2015,7383.05,,,,inv
0712-0361-Sai Ltd,,,,,,,,Rem
0942-0332-Sai Ltd,,,,,,,,Rem
1171-0374-Sai Ltd,,,,,,,,Rem
1175-0396-Sai Ltd,,,,,,,,Rem
1237-0429-iAS Pship,,,,,,,,Rem
1263-0468-iAS Pship,,,,,,,,Rem
1286-0394-iAS Pship,,,,,,,,Rem
1540-1100-iAS Pship,,,,,,,,Rem
1312-0411-iAS Pship,,,,,,,,Rem
1313-0385-iAS Pship,,,,,,,,Rem
1314-0384-iAS Pship,,,,,,,,Rem
1355-0488-iAS Pship,,,,,,,,Rem
1553-0543-iAS Pship,,,,,,,,Rem
1384-0447-iAS Pship,,,,,,,,Rem
1392-0444-iAS Pship,,,,,,,,Rem
1402-0444-iAS Pship,,,,,,,,Rem
1415-0444-iAS Pship,,,,,,,,Rem
1444-0444-iAS Pship,,,,,,,,Rem
1451-0444-iAS Pship,,,,,,,,Rem
1473-0444-iAS Pship,,,,,,,,Rem
1491-0444-iAS Pship,,,,,,,,Rem
1504-0444-iAS Pship,,,,,,,,Rem
1514-0460-iAS Pship,,,,,,,,Rem
1518-0444-iAS Pship,,,,,,,,Rem
1525-0460-iAS Pship,,,,,,,,Rem
1531-0444-iAS Pship,,,,,,,,Rem
1536-0460-iAS Pship,,,,,,,,Rem
1544-0444-iAS Pship,,,,,,,,Rem
1545-0460-iAS Pship,,,,,,,,Rem
1414-0518-iAS Pship,,,,,,,,Rem
1468-0431-iAS Pship,,,,,,,,Rem
1469-0431-iAS Pship,,,,,,,,Rem
1470-0431-iAS Pship,,,,,,,,Rem
1471-0431-iAS Pship,,,,,,,,Rem
1480-0431-iAS Pship,,,,,,,,Rem
1502-0431-iAS Pship,,,,,,,,Rem
1505-0493-iAS Pship,,,,,,,,Rem
1511-0431-iAS Pship,,,,,,,,Rem
1528-0431-iAS Pship,,,,,,,,Rem
1539-0431-iAS Pship,,,,,,,,Rem
1548-0431-iAS Pship,,,,,,,,Rem
1483-0516-iAS Pship,,,,,,,,Rem
1487-0415-iAS Pship,,,,,,,,Rem
1506-0477-iAS Pship,,,,,,,,Rem
1512-0506-iAS Pship,,,,,,,,Rem
1521-0476-iAS Pship,,,,,,,,Rem
1533-0359-iAS Pship,,,,,,,,Rem
1547-0462-iAS Pship,,,,,,,,Rem
1551-0453-iAS Pship,,,,,,,,Rem
1555-0453-iAS Pship,,,,,,,,Rem
1557-0453-iAS Pship,,,,,,,,Rem
1552-0520-iAS Pship,,,,,,,,Rem
1534-0532-iAS Pship,1534,2,10/05/2015,423.73,,,,PartP
1533-0359-iAS Pship,1533,,08/05/2015,425,,,,inv
1505-0493-iAS Pship,1505,2,11/05/2015,30000,,,,PartP
1487-0415-iAS Pship,1487,2,11/05/2015,16949,,,,PartP
1392-0444-iAS Pship,1392,,12/05/2015,1691.75,,,,inv
1514-0460-iAS Pship,1514,5,12/05/2015,16949.15,,,,PartP
1551-0453-iAS Pship,,,,,1000156,13/05/2015,237.6,CN
1555-0453-iAS Pship,,,,,1000157,13/05/2015,77.64,CN
1557-0453-iAS Pship,,,,,1000158,13/05/2015,82.06,CN
1564-0459-iAS Pship,1564,,18/05/2015,2550,,,,inv
1514-0460-iAS Pship,1514,6,19/05/2015,25423.73,,,,PartP
1402-0444-iAS Pship,1402,,25/05/2015,1800.25,,,,inv
1561-0999-iAS Pship,1561,1,25/05/2015,152.55,,,,PartP
1579-0528-iAS Pship,,,,,1000159,26/05/2015,7.63,CN
1579-0528-iAS Pship,1579,1,26/05/2015,42.37,,,,PartP
1583-0428-iAS Pship,1583,,28/05/2015,2596.6,,,,inv
1506-0477-iAS Pship,1506,4,01/06/2015,25423.73,,,,PartP
1561-0999-iAS Pship,1561,2,01/06/2015,27.45,,,,PartP
0712-0361-Sai Ltd,,,,,,,,Rem
0942-0332-Sai Ltd,,,,,,,,Rem
1171-0374-Sai Ltd,,,,,,,,Rem
1175-0396-Sai Ltd,,,,,,,,Rem
1237-0429-iAS Pship,,,,,,,,Rem
1263-0468-iAS Pship,,,,,,,,Rem
1286-0394-iAS Pship,,,,,,,,Rem
1312-0411-iAS Pship,,,,,,,,Rem
1313-0385-iAS Pship,,,,,,,,Rem
1314-0384-iAS Pship,,,,,,,,Rem
1355-0488-iAS Pship,,,,,,,,Rem
1553-0543-iAS Pship,,,,,,,,Rem
1384-0447-iAS Pship,,,,,,,,Rem
1394-0479-iAS Pship,,,,,,,,Rem
1414-0518-iAS Pship,,,,,,,,Rem
1415-0444-iAS Pship,,,,,,,,Rem
1444-0444-iAS Pship,,,,,,,,Rem
1451-0444-iAS Pship,,,,,,,,Rem
1473-0444-iAS Pship,,,,,,,,Rem
1491-0444-iAS Pship,,,,,,,,Rem
1504-0444-iAS Pship,,,,,,,,Rem
1514-0460-iAS Pship,,,,,,,,Rem
1518-0444-iAS Pship,,,,,,,,Rem
1525-0460-iAS Pship,,,,,,,,Rem
1531-0444-iAS Pship,,,,,,,,Rem
1536-0460-iAS Pship,,,,,,,,Rem
1544-0444-iAS Pship,,,,,,,,Rem
1545-0460-iAS Pship,,,,,,,,Rem
1559-0444-iAS Pship,,,,,,,,Rem
1563-0460-iAS Pship,,,,,,,,Rem
1547-0462-iAS Pship,,,,,,,,Rem
1565-0462-iAS Pship,,,,,,,,Rem
1468-0431-iAS Pship,,,,,,,,Rem
1469-0431-iAS Pship,,,,,,,,Rem
1470-0431-iAS Pship,,,,,,,,Rem
1471-0431-iAS Pship,,,,,,,,Rem
1480-0431-iAS Pship,,,,,,,,Rem
1502-0431-iAS Pship,,,,,,,,Rem
1511-0431-iAS Pship,,,,,,,,Rem
1528-0431-iAS Pship,,,,,,,,Rem
1539-0431-iAS Pship,,,,,,,,Rem
1548-0431-iAS Pship,,,,,,,,Rem
1566-0431-iAS Pship,,,,,,,,Rem
1487-0415-iAS Pship,,,,,,,,Rem
1483-0516-iAS Pship,,,,,,,,Rem
1512-0506-iAS Pship,,,,,,,,Rem
1521-0476-iAS Pship,,,,,,,,Rem
1558-0476-iAS Pship,,,,,,,,Rem
1506-0477-iAS Pship,,,,,,,,Rem
1552-0520-iAS Pship,,,,,,,,Rem
1567-0130-iAS Pship,,,,,,,,Rem
1568-0999-iAS Pship,,,,,,,,Rem
1569-0545-iAS Pship,,,,,,,,Rem
1175-0396-Sai Ltd,1175,2,04/06/2015,423.73,,,,PartP
1384-0447-iAS Pship,1384,8,04/06/2015,635.59,,,,PartP
1588-0552-iAS Pship,1588,,08/06/2015,200,,,,inv
1175-0396-Sai Ltd,1175,3,08/06/2015,423.73,,,,PartP
1384-0447-iAS Pship,1384,9,08/06/2015,635.59,,,,PartP
1589-0003-iAS Pship,1589,,08/06/2015,50,,,,inv
1580-0528-iAS Pship,1580,,10/06/2015,50,,,,inv
1175-0396-Sai Ltd,1175,4,16/06/2015,423.73,,,,PartP
1384-0447-iAS Pship,1384,10,16/06/2015,635.59,,,,PartP
1572-0453-iAS Pship,1572,1,17/06/2015,2542.37,,,,PartP
1591-0538-iAS Pship,1591,,17/06/2015,50,,,,inv
1575-0459-iAS Pship,1575,,17/06/2015,2550,,,,inv
1415-0444-iAS Pship,1415,,18/06/2015,1549.25,,,,inv
1514-0460-iAS Pship,1514,7,18/06/2015,23932.21,,,,PartP
1592-0999-iAS Pship,,,,,1000160,18/06/2015,750,CN
1603-0999-iAS Pship,1603,,19/06/2015,750,,,,inv
1547-0462-iAS Pship,1547,,22/06/2015,2000,,,,inv
1594-0533-iAS Pship,1594,,22/06/2015,450,,,,inv
1175-0396-Sai Ltd,1175,5,22/06/2015,423.73,,,,PartP
1384-0447-iAS Pship,1384,11,22/06/2015,635.59,,,,PartP
1585-0999-iAS Pship,1585,1,25/06/2015,105.93,,,,PartP
1286-0394-iAS Pship,1286,2,30/06/2015,8474.58,,,,PartP
1553-0543-iAS Pship,1553,,30/06/2015,3500,,,,inv
1567-0130-iAS Pship,1567,,30/06/2015,18946.74,,,,inv
1605-0172-iAS Pship,1605,,01/07/2015,100,,,,inv
0712-0361-Sai Ltd,,,,,,,,Rem
0942-0332-Sai Ltd,,,,,,,,Rem
1159-0403-Sai Ltd,,,,,,,,Rem
1171-0374-Sai Ltd,,,,,,,,Rem
1175-0396-Sai Ltd,,,,,,,,Rem
1237-0429-iAS Pship,,,,,,,,Rem
1263-0468-iAS Pship,,,,,,,,Rem
1286-0394-iAS Pship,,,,,,,,Rem
1540-1100-iAS Pship,,,,,,,,Rem
1312-0411-iAS Pship,,,,,,,,Rem
1314-0384-iAS Pship,,,,,,,,Rem
1313-0385-iAS Pship,,,,,,,,Rem
1355-0488-iAS Pship,,,,,,,,Rem
1384-0447-iAS Pship,,,,,,,,Rem
1394-0479-iAS Pship,,,,,,,,Rem
1414-0518-iAS Pship,,,,,,,,Rem
1444-0444-iAS Pship,,,,,,,,Rem
1451-0444-iAS Pship,,,,,,,,Rem
1473-0444-iAS Pship,,,,,,,,Rem
1491-0444-iAS Pship,,,,,,,,Rem
1504-0444-iAS Pship,,,,,,,,Rem
1518-0444-iAS Pship,,,,,,,,Rem
1525-0460-iAS Pship,,,,,,,,Rem
1531-0444-iAS Pship,,,,,,,,Rem
1536-0460-iAS Pship,,,,,,,,Rem
1544-0444-iAS Pship,,,,,,,,Rem
1545-0460-iAS Pship,,,,,,,,Rem
1559-0444-iAS Pship,,,,,,,,Rem
1563-0460-iAS Pship,,,,,,,,Rem
1571-0444-iAS Pship,,,,,,,,Rem
1574-0460-iAS Pship,,,,,,,,Rem
1468-0431-iAS Pship,,,,,,,,Rem
1469-0431-iAS Pship,,,,,,,,Rem
1470-0431-iAS Pship,,,,,,,,Rem
1471-0431-iAS Pship,,,,,,,,Rem
1480-0431-iAS Pship,,,,,,,,Rem
1502-0431-iAS Pship,,,,,,,,Rem
1511-0431-iAS Pship,,,,,,,,Rem
1528-0431-iAS Pship,,,,,,,,Rem
1539-0431-iAS Pship,,,,,,,,Rem
1548-0431-iAS Pship,,,,,,,,Rem
1566-0431-iAS Pship,,,,,,,,Rem
1582-0493-iAS Pship,,,,,,,,Rem
1577-0431-iAS Pship,,,,,,,,Rem
1487-0415-iAS Pship,,,,,,,,Rem
1483-0516-iAS Pship,,,,,,,,Rem
1506-0477-iAS Pship,,,,,,,,Rem
1512-0506-iAS Pship,,,,,,,,Rem
1521-0476-iAS Pship,,,,,,,,Rem
1558-0476-iAS Pship,,,,,,,,Rem
1552-0520-iAS Pship,,,,,,,,Rem
1565-0462-iAS Pship,,,,,,,,Rem
1576-0462-iAS Pship,,,,,,,,Rem
1578-0130-iAS Pship,,,,,,,,Rem
1568-0999-iAS Pship,,,,,,,,Rem
1569-0545-iAS Pship,,,,,,,,Rem
1572-0453-iAS Pship,,,,,,,,Rem
1581-0488-iAS Pship,,,,,,,,Rem
1584-0449-iAS Pship,,,,,,,,Rem
1586-0999-iAS Pship,,,,,,,,Rem
1587-0999-iAS Pship,,,,,,,,Rem
1590-0428-iAS Pship,,,,,,,,Rem
1175-0396-Sai Ltd,1175,6,06/07/2015,423.73,,,,PartP
1384-0447-iAS Pship,1384,12,06/07/2015,635.59,,,,PartP
1534-0532-iAS Pship,1534,3,10/07/2015,423.73,,,,PartP
1175-0396-Sai Ltd,1175,7,10/07/2015,423.73,,,,PartP
1384-0447-iAS Pship,1384,13,10/07/2015,635.59,,,,PartP
1606-0538-iAS Pship,1606,,08/07/2015,820,,,,inv
1587-0999-iAS Pship,1587,,09/07/2015,100,,,,inv
1607-0064-iAS Pship,1607,,10/07/2015,50,,,,inv
1600-0466-iAS Pship,,,,,1000161,10/07/2015,12420,CN
1601-0466-iAS Pship,,,,,1000162,10/07/2015,13170,CN
1608-0064-iAS Pship,1608,,13/07/2015,42.37,,,,inv
1487-0415-iAS Pship,1487,3,13/07/2015,33898.31,,,,PartP
1175-0396-Sai Ltd,1175,8,17/07/2015,410.49,,,,PartP
1384-0447-iAS Pship,1384,14,17/07/2015,635.59,,,,PartP
1596-0459-iAS Pship,1596,,15/07/2015,2550,,,,inv
1593-0335-iAS Pship,1593,,16/07/2015,33000,,,,inv
1476-0453-iAS Pship,1476,,16/07/2015,243.94,,,,inv
1550-0453-iAS Pship,1550,,16/07/2015,237.6,,,,inv
1554-0453-iAS Pship,1554,,16/07/2015,77.64,,,,inv
1556-0453-iAS Pship,1556,,16/07/2015,82.06,,,,inv
1573-0453-iAS Pship,1573,,16/07/2015,64.37,,,,inv
1384-0447-iAS Pship,1384,15,24/07/2015,635.59,,,,PartP
1237-0429-iAS Pship,1237,1,24/07/2015,423.73,,,,PartP
1616-0064-iAS Pship,1616,,22/07/2015,50,,,,inv
1585-0999-iAS Pship,1585,2,23/07/2015,19.07,,,,PartP
1506-0477-iAS Pship,1506,5,23/07/2015,25423.73,,,,PartP
1586-0999-iAS Pship,1586,,24/07/2015,1120,,,,inv
1578-0130-iAS Pship,1578,,27/07/2015,18946.74,,,,inv
1237-0429-iAS Pship,1237,2,31/07/2015,423.73,,,,PartP
1384-0447-iAS Pship,1384,16,31/07/2015,635.59,,,,PartP
1618-0541-iAS Pship,,,,,1000163,29/07/2015,635.59,CN
1623-0064-iAS Pship,1623,,30/07/2015,50,,,,inv
1617-0219-iAS Pship,1617,,30/07/2015,308.05,,,,inv
1525-0460-iAS Pship,1525,,31/07/2015,9333.33,,,,inv
1622-0309-iAS Pship,1622,1,31/07/2015,42.37,,,,PartP
1622-0309-iAS Pship,,,,,1000164,31/07/2015,7.63,CN
0712-0361-Sai Ltd,,,,,,,,Rem
0942-0332-Sai Ltd,,,,,,,,Rem
1159-0403-Sai Ltd,,,,,,,,Rem
1171-0374-Sai Ltd,,,,,,,,Rem
1237-0429-iAS Pship,,,,,,,,Rem
1263-0468-iAS Pship,,,,,,,,Rem
1286-0394-iAS Pship,,,,,,,,Rem
1540-1100-iAS Pship,,,,,,,,Rem
1312-0411-iAS Pship,,,,,,,,Rem
1313-0385-iAS Pship,,,,,,,,Rem
1314-0384-iAS Pship,,,,,,,,Rem
1355-0488-iAS Pship,,,,,,,,Rem
1384-0447-iAS Pship,,,,,,,,Rem
1394-0479-iAS Pship,,,,,,,,Rem
1414-0518-iAS Pship,,,,,,,,Rem
1444-0444-iAS Pship,,,,,,,,Rem
1451-0444-iAS Pship,,,,,,,,Rem
1473-0444-iAS Pship,,,,,,,,Rem
1491-0444-iAS Pship,,,,,,,,Rem
1504-0444-iAS Pship,,,,,,,,Rem
1518-0444-iAS Pship,,,,,,,,Rem
1531-0444-iAS Pship,,,,,,,,Rem
1536-0460-iAS Pship,,,,,,,,Rem
1544-0444-iAS Pship,,,,,,,,Rem
1545-0460-iAS Pship,,,,,,,,Rem
1559-0444-iAS Pship,,,,,,,,Rem
1563-0460-iAS Pship,,,,,,,,Rem
1571-0444-iAS Pship,,,,,,,,Rem
1574-0460-iAS Pship,,,,,,,,Rem
1595-0460-iAS Pship,,,,,,,,Rem
1468-0431-iAS Pship,,,,,,,,Rem
1469-0431-iAS Pship,,,,,,,,Rem
1470-0431-iAS Pship,,,,,,,,Rem
1471-0431-iAS Pship,,,,,,,,Rem
1480-0431-iAS Pship,,,,,,,,Rem
1502-0431-iAS Pship,,,,,,,,Rem
1511-0431-iAS Pship,,,,,,,,Rem
1528-0431-iAS Pship,,,,,,,,Rem
1539-0431-iAS Pship,,,,,,,,Rem
1548-0431-iAS Pship,,,,,,,,Rem
1566-0431-iAS Pship,,,,,,,,Rem
1577-0431-iAS Pship,,,,,,,,Rem
1582-0493-iAS Pship,,,,,,,,Rem
1598-0431-iAS Pship,,,,,,,,Rem
1565-0462-iAS Pship,,,,,,,,Rem
1576-0462-iAS Pship,,,,,,,,Rem
1597-0462-iAS Pship,,,,,,,,Rem
1483-0516-iAS Pship,,,,,,,,Rem
1487-0415-iAS Pship,,,,,,,,Rem
1512-0506-iAS Pship,,,,,,,,Rem
1506-0477-iAS Pship,,,,,,,,Rem
1521-0476-iAS Pship,,,,,,,,Rem
1558-0476-iAS Pship,,,,,,,,Rem
1552-0520-iAS Pship,,,,,,,,Rem
1568-0999-iAS Pship,,,,,,,,Rem
1569-0545-iAS Pship,,,,,,,,Rem
1581-0488-iAS Pship,,,,,,,,Rem
1604-0488-iAS Pship,,,,,,,,Rem
1590-0428-iAS Pship,,,,,,,,Rem
1584-0449-iAS Pship,,,,,,,,Rem
1602-0999-iAS Pship,,,,,,,,Rem
1599-0130-iAS Pship,,,,,,,,Rem
1572-0453-iAS Pship,,,,,,,,Rem
1236-0498-Sai Ltd,1236,,30/06/2015,50000,,,,inv
1237-0498-Sai Ltd,1237,,30/07/2015,140000,,,,inv
1621-0064-iAS Pship,1621,,06/08/2015,1125,,,,inv
1568-0999-iAS Pship,1568,,13/08/2015,575,,,,inv
1536-0460-iAS Pship,1536,,17/08/2015,9333.33,,,,inv
1468-0431-iAS Pship,1468,,17/08/2015,11070,,,,inv
1469-0431-iAS Pship,1469,,17/08/2015,11070,,,,inv
1470-0431-iAS Pship,1470,,17/08/2015,11070,,,,inv
1512-0506-iAS Pship,1512,2,18/08/2015,20000,,,,PartP
1572-0453-iAS Pship,,,,,1000165,18/08/2015,847.46,CN
1631-0453-iAS Pship,1631,,18/08/2015,847.46,,,,inv
1609-0466-iAS Pship,1609,,21/08/2015,12420,,,,inv
1610-0466-iAS Pship,1610,,21/08/2015,13170,,,,inv
1632-0999-iAS Pship,,,,,1000166,21/08/2015,200,CN
1633-0999-iAS Pship,1633,,21/08/2015,200,,,,inv
1613-0459-iAS Pship,1613,,25/08/2015,2550,,,,inv
1636-0999-iAS Pship,1636,,28/08/2015,50,,,,inv
1444-0444-iAS Pship,1444,,31/08/2015,182.25,,,,inv
1451-0444-iAS Pship,1451,,31/08/2015,424.25,,,,inv
1473-0444-iAS Pship,1473,,31/08/2015,229.5,,,,inv
1491-0444-iAS Pship,1491,,31/08/2015,669.5,,,,inv
0712-0361-Sai Ltd,,,,,,,,Rem
0942-0332-Sai Ltd,,,,,,,,Rem
1159-0403-Sai Ltd,,,,,,,,Rem
1171-0374-Sai Ltd,,,,,,,,Rem
1235-0130-Sai Ltd,,,,,,,,Rem
1237-0429-iAS Pship,,,,,,,,Rem
1263-0468-iAS Pship,,,,,,,,Rem
1286-0394-iAS Pship,,,,,,,,Rem
1540-1100-iAS Pship,,,,,,,,Rem
1312-0411-iAS Pship,,,,,,,,Rem
1313-0385-iAS Pship,,,,,,,,Rem
1314-0384-iAS Pship,,,,,,,,Rem
1355-0488-iAS Pship,,,,,,,,Rem
1384-0447-iAS Pship,,,,,,,,Rem
1394-0479-iAS Pship,,,,,,,,Rem
1414-0518-iAS Pship,,,,,,,,Rem
1471-0431-iAS Pship,,,,,,,,Rem
1480-0431-iAS Pship,,,,,,,,Rem
1502-0431-iAS Pship,,,,,,,,Rem
1511-0431-iAS Pship,,,,,,,,Rem
1528-0431-iAS Pship,,,,,,,,Rem
1539-0431-iAS Pship,,,,,,,,Rem
1548-0431-iAS Pship,,,,,,,,Rem
1566-0431-iAS Pship,,,,,,,,Rem
1577-0431-iAS Pship,,,,,,,,Rem
1582-0493-iAS Pship,,,,,,,,Rem
1598-0431-iAS Pship,,,,,,,,Rem
1614-0431-iAS Pship,,,,,,,,Rem
1483-0516-iAS Pship,,,,,,,,Rem
1487-0415-iAS Pship,,,,,,,,Rem
1504-0444-iAS Pship,,,,,,,,Rem
1518-0444-iAS Pship,,,,,,,,Rem
1531-0444-iAS Pship,,,,,,,,Rem
1544-0444-iAS Pship,,,,,,,,Rem
1545-0460-iAS Pship,,,,,,,,Rem
1559-0444-iAS Pship,,,,,,,,Rem
1563-0460-iAS Pship,,,,,,,,Rem
1571-0444-iAS Pship,,,,,,,,Rem
1574-0460-iAS Pship,,,,,,,,Rem
1595-0460-iAS Pship,,,,,,,,Rem
1612-0460-iAS Pship,,,,,,,,Rem
1506-0477-iAS Pship,,,,,,,,Rem
1521-0476-iAS Pship,,,,,,,,Rem
1558-0476-iAS Pship,,,,,,,,Rem
1619-0476-iAS Pship,,,,,,,,Rem
1620-0476-iAS Pship,,,,,,,,Rem
1569-0545-iAS Pship,,,,,,,,Rem
1565-0462-iAS Pship,,,,,,,,Rem
1576-0462-iAS Pship,,,,,,,,Rem
1597-0462-iAS Pship,,,,,,,,Rem
1581-0488-iAS Pship,,,,,,,,Rem
1604-0488-iAS Pship,,,,,,,,Rem
1584-0449-iAS Pship,,,,,,,,Rem
1602-0999-iAS Pship,,,,,,,,Rem
1599-0130-iAS Pship,,,,,,,,Rem
1615-0130-iAS Pship,,,,,,,,Rem
1611-0466-iAS Pship,,,,,,,,Rem
1590-0428-iAS Pship,,,,,,,,Rem
1312-0411-iAS Pship,1312,4,03/09/2015,3389.83,,,,PartP
1629-0459-iAS Pship,1629,,03/09/2015,2550,,,,inv
1504-0444-iAS Pship,1504,,03/09/2015,1599.75,,,,inv
1599-0130-iAS Pship,1599,,04/09/2015,18946.74,,,,inv
1235-0130-Sai Ltd,1235,,04/09/2015,495.69,,,,inv
1545-0460-iAS Pship,1545,,09/09/2015,9333.33,,,,inv
1637-0219-iAS Pship,1637,1,09/09/2015,23.34,,,,PartP
1637-0219-iAS Pship,,,,,1000167,09/09/2015,4.2,CN
1615-0130-iAS Pship,1615,,11/09/2015,18946.74,,,,inv
1638-0130-iAS Pship,1638,,11/09/2015,562.52,,,,inv
1572-0453-iAS Pship,,,,,1000168,15/09/2015,847.46,CN
1644-0453-iAS Pship,1644,,15/09/2015,847.46,,,,inv
1634-0432-iAS Pship,1634,1,22/09/2015,8305.08,,,,PartP
1651-0421-iAS Pship,1651,,24/09/2015,100,,,,inv
1581-0488-iAS Pship,1581,,29/09/2015,50000,,,,inv
1635-0999-iAS Pship,1635,,29/09/2015,50,,,,inv
1649-0064-iAS Pship,1649,,29/09/2015,250,,,,inv
0712-0361-Sai Ltd,,,,,,,,Rem
0942-0332-Sai Ltd,,,,,,,,Rem
1171-0374-Sai Ltd,,,,,,,,Rem
1237-0429-iAS Pship,,,,,,,,Rem
1263-0468-iAS Pship,,,,,,,,Rem
1286-0394-iAS Pship,,,,,,,,Rem
1540-1100-iAS Pship,,,,,,,,Rem
1312-0411-iAS Pship,,,,,,,,Rem
1313-0385-iAS Pship,,,,,,,,Rem
1314-0384-iAS Pship,,,,,,,,Rem
1355-0488-iAS Pship,,,,,,,,Rem
1624-0543-iAS Pship,,,,,,,,Rem
1384-0447-iAS Pship,,,,,,,,Rem
1394-0479-iAS Pship,,,,,,,,Rem
1414-0518-iAS Pship,,,,,,,,Rem
1471-0431-iAS Pship,,,,,,,,Rem
1480-0431-iAS Pship,,,,,,,,Rem
1502-0431-iAS Pship,,,,,,,,Rem
1511-0431-iAS Pship,,,,,,,,Rem
1528-0431-iAS Pship,,,,,,,,Rem
1539-0431-iAS Pship,,,,,,,,Rem
1548-0431-iAS Pship,,,,,,,,Rem
1566-0431-iAS Pship,,,,,,,,Rem
1577-0431-iAS Pship,,,,,,,,Rem
1582-0493-iAS Pship,,,,,,,,Rem
1598-0431-iAS Pship,,,,,,,,Rem
1614-0431-iAS Pship,,,,,,,,Rem
1630-0431-iAS Pship,,,,,,,,Rem
1483-0516-iAS Pship,,,,,,,,Rem
1487-0415-iAS Pship,,,,,,,,Rem
1506-0477-iAS Pship,,,,,,,,Rem
1563-0460-iAS Pship,,,,,,,,Rem
1571-0444-iAS Pship,,,,,,,,Rem
1574-0460-iAS Pship,,,,,,,,Rem
1595-0460-iAS Pship,,,,,,,,Rem
1612-0460-iAS Pship,,,,,,,,Rem
1628-0460-iAS Pship,,,,,,,,Rem
1521-0476-iAS Pship,,,,,,,,Rem
1558-0476-iAS Pship,,,,,,,,Rem
1619-0476-iAS Pship,,,,,,,,Rem
1620-0476-iAS Pship,,,,,,,,Rem
1552-0520-iAS Pship,,,,,,,,Rem
1569-0545-iAS Pship,,,,,,,,Rem
1572-0453-iAS Pship,,,,,,,,Rem
1576-0462-iAS Pship,,,,,,,,Rem
1597-0462-iAS Pship,,,,,,,,Rem
1565-0462-iAS Pship,,,,,,,,Rem
1584-0449-iAS Pship,,,,,,,,Rem
1602-0999-iAS Pship,,,,,,,,Rem
1590-0428-iAS Pship,,,,,,,,Rem
1604-0488-iAS Pship,,,,,,,,Rem
1611-0466-iAS Pship,,,,,,,,Rem
1627-0466-iAS Pship,,,,,,,,Rem
1625-0488-iAS Pship,,,,,,,,Rem
1626-0371-iAS Pship,,,,,,,,Rem
1634-0432-iAS Pship,,,,,,,,Rem
1518-0444-iAS Pship,1518,,01/10/2015,40.5,,,,inv
1531-0444-iAS Pship,1531,,01/10/2015,308.5,,,,inv
1544-0444-iAS Pship,1544,,01/10/2015,320,,,,inv
1559-0444-iAS Pship,1559,,01/10/2015,200,,,,inv
1650-0064-iAS Pship,1650,,01/10/2015,50,,,,inv
1625-0488-iAS Pship,1625,,05/10/2015,5000,,,,inv
1506-0477-iAS Pship,1506,6,05/10/2015,15169.49,,,,PartP
1652-0999-iAS Pship,1652,,06/10/2015,70,,,,inv
1558-0476-iAS Pship,1558,,09/10/2015,20000,,,,inv
1639-0130-iAS Pship,1639,,14/10/2015,16347.21,,,,inv
1571-0444-iAS Pship,1571,,14/10/2015,526.5,,,,inv
1563-0460-iAS Pship,1563,,14/10/2015,9333.33,,,,inv
1611-0466-iAS Pship,1611,,14/10/2015,15945,,,,inv
1627-0466-iAS Pship,1627,,14/10/2015,16515,,,,inv
1384-0447-iAS Pship,1384,17,14/10/2015,847.46,,,,PartP
1384-0447-iAS Pship,1384,18,14/10/2015,847.46,,,,PartP
1384-0447-iAS Pship,1384,19,23/10/2015,847.46,,,,PartP
1626-0371-iAS Pship,1626,,22/10/2015,425,,,,inv
1654-0448-iAS Pship,1654,,23/10/2015,7000,,,,inv
1384-0447-iAS Pship,1384,20,30/10/2015,847.46,,,,PartP
1645-0130-iAS Pship,1645,,26/10/2015,16347.21,,,,inv
1647-0459-iAS Pship,1647,,27/10/2015,2550,,,,inv
1604-0488-iAS Pship,1604,,30/10/2015,7627.12,,,,inv
1384-0447-iAS Pship,1384,21,06/11/2015,847.46,,,,PartP
1584-0449-iAS Pship,1584,,02/11/2015,169.49,,,,inv
1602-0999-iAS Pship,1602,,02/11/2015,423.73,,,,inv
1640-0554-iAS Pship,1640,,02/11/2015,1500,,,,inv
1656-0558-iAS Pship,1656,,02/11/2015,300,,,,inv
0712-0361-Sai Ltd,,,,,,,,Rem
0942-0332-Sai Ltd,,,,,,,,Rem
1159-0403-Sai Ltd,,,,,,,,Rem
1171-0374-Sai Ltd,,,,,,,,Rem
1237-0429-iAS Pship,,,,,,,,Rem
1263-0468-iAS Pship,,,,,,,,Rem
1286-0394-iAS Pship,,,,,,,,Rem
1540-1100-iAS Pship,,,,,,,,Rem
1312-0411-iAS Pship,,,,,,,,Rem
1313-0385-iAS Pship,,,,,,,,Rem
1314-0384-iAS Pship,,,,,,,,Rem
1355-0488-iAS Pship,,,,,,,,Rem
1624-0543-iAS Pship,,,,,,,,Rem
1394-0479-iAS Pship,,,,,,,,Rem
1414-0518-iAS Pship,,,,,,,,Rem
1471-0431-iAS Pship,,,,,,,,Rem
1480-0431-iAS Pship,,,,,,,,Rem
1502-0431-iAS Pship,,,,,,,,Rem
1511-0431-iAS Pship,,,,,,,,Rem
1528-0431-iAS Pship,,,,,,,,Rem
1539-0431-iAS Pship,,,,,,,,Rem
1548-0431-iAS Pship,,,,,,,,Rem
1566-0431-iAS Pship,,,,,,,,Rem
1577-0431-iAS Pship,,,,,,,,Rem
1582-0493-iAS Pship,,,,,,,,Rem
1598-0431-iAS Pship,,,,,,,,Rem
1614-0431-iAS Pship,,,,,,,,Rem
1630-0431-iAS Pship,,,,,,,,Rem
1648-0431-iAS Pship,,,,,,,,Rem
1483-0516-iAS Pship,,,,,,,,Rem
1487-0415-iAS Pship,,,,,,,,Rem
1506-0477-iAS Pship,,,,,,,,Rem
1521-0476-iAS Pship,,,,,,,,Rem
1619-0476-iAS Pship,,,,,,,,Rem
1620-0476-iAS Pship,,,,,,,,Rem
1552-0520-iAS Pship,,,,,,,,Rem
1565-0462-iAS Pship,,,,,,,,Rem
1576-0462-iAS Pship,,,,,,,,Rem
1597-0462-iAS Pship,,,,,,,,Rem
1569-0545-iAS Pship,,,,,,,,Rem
1574-0460-iAS Pship,,,,,,,,Rem
1595-0460-iAS Pship,,,,,,,,Rem
1612-0460-iAS Pship,,,,,,,,Rem
1628-0460-iAS Pship,,,,,,,,Rem
1646-0460-iAS Pship,,,,,,,,Rem
1590-0428-iAS Pship,,,,,,,,Rem
1634-0432-iAS Pship,,,,,,,,Rem
1641-0352-iAS Pship,,,,,,,,Rem
1642-0488-iAS Pship,,,,,,,,Rem
1643-0466-iAS Pship,,,,,,,,Rem
1572-0453-iAS Pship,,,,,,,,Rem
1662-0260-iAS Pship,1662,,05/11/2015,84.75,,,,inv
1572-0453-iAS Pship,,,,,1000169,05/11/2015,242.79,CN
1663-0453-iAS Pship,1663,,05/11/2015,242.79,,,,inv
1384-0447-iAS Pship,1384,22,13/11/2015,847.46,,,,PartP
1487-0415-iAS Pship,1487,4,11/11/2015,25423.73,,,,PartP
1238-0498-Sai Ltd,1238,,15/09/2015,112474.58,,,,inv
1384-0447-iAS Pship,1384,23,20/11/2015,847.46,,,,PartP
1574-0460-iAS Pship,1574,,13/11/2015,9333.33,,,,inv
1312-0411-iAS Pship,1312,5,17/11/2015,3389.83,,,,PartP
1239-0064-Sai Ltd,1239,,15/10/2015,525,,,,inv
1659-0459-iAS Pship,1659,,17/11/2015,2550,,,,inv
1384-0447-iAS Pship,1384,24,27/11/2015,847.46,,,,PartP
1672-0999-iAS Pship,1672,,18/11/2015,250,,,,inv
1263-0468-iAS Pship,,,,,,,,bd
1657-0130-iAS Pship,1657,,24/11/2015,20373.69,,,,inv
1674-0064-iAS Pship,1674,,24/11/2015,50,,,,inv
1675-0203-iAS Pship,1675,,26/11/2015,50,,,,inv
1676-0999-iAS Pship,1676,,30/11/2015,50,,,,inv
0942-0332-Sai Ltd,,,,,,,,Rem
1159-0403-Sai Ltd,,,,,,,,Rem
1171-0374-Sai Ltd,,,,,,,,Rem
1237-0429-iAS Pship,,,,,,,,Rem
1286-0394-iAS Pship,,,,,,,,Rem
1540-1100-iAS Pship,,,,,,,,Rem
1312-0411-iAS Pship,,,,,,,,Rem
1313-0385-iAS Pship,,,,,,,,Rem
1314-0384-iAS Pship,,,,,,,,Rem
1355-0488-iAS Pship,,,,,,,,Rem
1624-0543-iAS Pship,,,,,,,,Rem
1384-0447-iAS Pship,,,,,,,,Rem
1394-0479-iAS Pship,,,,,,,,Rem
1414-0518-iAS Pship,,,,,,,,Rem
1471-0431-iAS Pship,,,,,,,,Rem
1480-0431-iAS Pship,,,,,,,,Rem
1502-0431-iAS Pship,,,,,,,,Rem
1511-0431-iAS Pship,,,,,,,,Rem
1528-0431-iAS Pship,,,,,,,,Rem
1539-0431-iAS Pship,,,,,,,,Rem
1548-0431-iAS Pship,,,,,,,,Rem
1566-0431-iAS Pship,,,,,,,,Rem
1577-0431-iAS Pship,,,,,,,,Rem
1582-0493-iAS Pship,,,,,,,,Rem
1598-0431-iAS Pship,,,,,,,,Rem
1614-0431-iAS Pship,,,,,,,,Rem
1630-0431-iAS Pship,,,,,,,,Rem
1648-0431-iAS Pship,,,,,,,,Rem
1660-0431-iAS Pship,,,,,,,,Rem
1483-0516-iAS Pship,,,,,,,,Rem
1487-0415-iAS Pship,,,,,,,,Rem
1655-0415-iAS Pship,,,,,,,,Rem
1506-0477-iAS Pship,,,,,,,,Rem
1521-0476-iAS Pship,,,,,,,,Rem
1619-0476-iAS Pship,,,,,,,,Rem
1620-0476-iAS Pship,,,,,,,,Rem
1565-0462-iAS Pship,,,,,,,,Rem
1576-0462-iAS Pship,,,,,,,,Rem
1597-0462-iAS Pship,,,,,,,,Rem
1552-0520-iAS Pship,,,,,,,,Rem
1569-0545-iAS Pship,,,,,,,,Rem
1590-0428-iAS Pship,,,,,,,,Rem
1595-0460-iAS Pship,,,,,,,,Rem
1612-0460-iAS Pship,,,,,,,,Rem
1628-0460-iAS Pship,,,,,,,,Rem
1646-0460-iAS Pship,,,,,,,,Rem
1658-0460-iAS Pship,,,,,,,,Rem
1634-0432-iAS Pship,,,,,,,,Rem
1641-0352-iAS Pship,,,,,,,,Rem
1642-0488-iAS Pship,,,,,,,,Rem
1643-0466-iAS Pship,,,,,,,,Rem
1653-0466-iAS Pship,,,,,,,,Rem
1677-0064-iAS Pship,1677,,30/11/2015,50,,,,inv
1312-0411-iAS Pship,1312,6,14/12/2015,3389.83,,,,PartP
1641-0352-iAS Pship,,,,,1000170,15/12/2015,612.46,CN
1582-0493-iAS Pship,,,,,1000171,17/12/2015,60000,CN
1664-0466-iAS Pship,1664,,18/12/2015,11550,,,,inv
1679-0219-iAS Pship,1679,,21/12/2015,275,,,,inv
1688-0470-iAS Pship,1688,,11/11/2015,16949.15,,,,inv
1667-0470-iAS Pship,,,,,1000172,22/12/2015,16949.15,CN
1286-0394-iAS Pship,1286,3,23/12/2015,8474.58,,,,PartP
1487-0415-iAS Pship,1487,5,30/12/2015,25423.73,,,,PartP
1668-0130-iAS Pship,1668,,24/12/2015,20373.69,,,,inv
1471-0431-iAS Pship,1471,,04/01/2016,11070,,,,inv
1480-0431-iAS Pship,1480,,04/01/2016,11070,,,,inv
1648-0431-iAS Pship,,,,,1000173,04/01/2016,3321,CN
1660-0431-iAS Pship,,,,,1000174,04/01/2016,3321,CN
1671-0431-iAS Pship,,,,,1000175,04/01/2016,3321,CN
1684-0431-iAS Pship,,,,,1000176,04/01/2016,3321,CN
1690-0999-iAS Pship,1690,,04/01/2016,50,,,,inv
1312-0411-iAS Pship,1312,7,06/01/2016,3389.83,,,,PartP
1686-0476-iAS Pship,1686,,07/01/2016,39750,,,,inv
0712-0361-Sai Ltd,,,,,,,,Rem
0942-0332-Sai Ltd,,,,,,,,Rem
1159-0403-Sai Ltd,,,,,,,,Rem
1171-0374-Sai Ltd,,,,,,,,Rem
1237-0429-iAS Pship,,,,,,,,Rem
1286-0394-iAS Pship,,,,,,,,Rem
1540-1100-iAS Pship,,,,,,,,Rem
1312-0411-iAS Pship,,,,,,,,Rem
1313-0385-iAS Pship,,,,,,,,Rem
1314-0384-iAS Pship,,,,,,,,Rem
1355-0488-iAS Pship,,,,,,,,Rem
1624-0543-iAS Pship,,,,,,,,Rem
1384-0447-iAS Pship,,,,,,,,Rem
1394-0479-iAS Pship,,,,,,,,Rem
1414-0518-iAS Pship,,,,,,,,Rem
1483-0516-iAS Pship,,,,,,,,Rem
1487-0415-iAS Pship,,,,,,,,Rem
1655-0415-iAS Pship,,,,,,,,Rem
1502-0431-iAS Pship,,,,,,,,Rem
1511-0431-iAS Pship,,,,,,,,Rem
1528-0431-iAS Pship,,,,,,,,Rem
1539-0431-iAS Pship,,,,,,,,Rem
1548-0431-iAS Pship,,,,,,,,Rem
1566-0431-iAS Pship,,,,,,,,Rem
1577-0431-iAS Pship,,,,,,,,Rem
1598-0431-iAS Pship,,,,,,,,Rem
1614-0431-iAS Pship,,,,,,,,Rem
1630-0431-iAS Pship,,,,,,,,Rem
1648-0431-iAS Pship,,,,,,,,Rem
1660-0431-iAS Pship,,,,,,,,Rem
1671-0431-iAS Pship,,,,,,,,Rem
1521-0476-iAS Pship,,,,,,,,Rem
1619-0476-iAS Pship,,,,,,,,Rem
1620-0476-iAS Pship,,,,,,,,Rem
1506-0477-iAS Pship,,,,,,,,Rem
1552-0520-iAS Pship,,,,,,,,Rem
1565-0462-iAS Pship,,,,,,,,Rem
1576-0462-iAS Pship,,,,,,,,Rem
1597-0462-iAS Pship,,,,,,,,Rem
1569-0545-iAS Pship,,,,,,,,Rem
1590-0428-iAS Pship,,,,,,,,Rem
1595-0460-iAS Pship,,,,,,,,Rem
1612-0460-iAS Pship,,,,,,,,Rem
1628-0460-iAS Pship,,,,,,,,Rem
1646-0460-iAS Pship,,,,,,,,Rem
1658-0460-iAS Pship,,,,,,,,Rem
1669-0460-iAS Pship,,,,,,,,Rem
1634-0432-iAS Pship,,,,,,,,Rem
1641-0352-iAS Pship,,,,,,,,Rem
1642-0488-iAS Pship,,,,,,,,Rem
1643-0466-iAS Pship,,,,,,,,Rem
1653-0466-iAS Pship,,,,,,,,Rem
1666-0999-iAS Pship,,,,,,,,Rem
1673-0999-iAS Pship,,,,,,,,Rem
1670-0459-iAS Pship,,,,,,,,Rem
1670-0459-iAS Pship,1670,,11/01/2016,2550,,,,inv
1595-0460-iAS Pship,1595,,14/01/2016,9333.33,,,,inv
1612-0460-iAS Pship,1612,,14/01/2016,9333.33,,,,inv
1628-0460-iAS Pship,1628,,14/01/2016,9333.33,,,,inv
1634-0432-iAS Pship,1634,2,14/01/2016,1494.92,,,,PartP
1683-0459-iAS Pship,1683,,15/01/2016,2550,,,,inv
1701-0528-iAS Pship,1701,,18/01/2016,42.37,,,,inv
1700-0366-iAS Pship,1700,,18/01/2016,231.78,,,,inv
1702-0064-iAS Pship,1702,,21/01/2016,50,,,,inv
1552-0520-iAS Pship,1552,2,25/01/2016,6250,,,,PartP
1384-0447-iAS Pship,1384,25,27/01/2016,847.46,,,,PartP
1703-0130-iAS Pship,,,,,1000177,29/01/2016,13419,CN
1384-0447-iAS Pship,1384,26,04/02/2016,847.46,,,,PartP
1666-0999-iAS Pship,1666,,01/02/2016,50,,,,inv
1673-0999-iAS Pship,1673,,01/02/2016,70,,,,inv
0712-0361-Sai Ltd,,,,,,,,Rem
0942-0332-Sai Ltd,,,,,,,,Rem
1159-0403-Sai Ltd,,,,,,,,Rem
1171-0374-Sai Ltd,,,,,,,,Rem
1237-0429-iAS Pship,,,,,,,,Rem
1286-0394-iAS Pship,,,,,,,,Rem
1312-0411-iAS Pship,,,,,,,,Rem
1313-0385-iAS Pship,,,,,,,,Rem
1314-0384-iAS Pship,,,,,,,,Rem
1355-0488-iAS Pship,,,,,,,,Rem
1624-0543-iAS Pship,,,,,,,,Rem
1414-0518-iAS Pship,,,,,,,,Rem
1483-0516-iAS Pship,,,,,,,,Rem
1487-0415-iAS Pship,,,,,,,,Rem
1655-0415-iAS Pship,,,,,,,,Rem
1502-0431-iAS Pship,,,,,,,,Rem
1511-0431-iAS Pship,,,,,,,,Rem
1528-0431-iAS Pship,,,,,,,,Rem
1539-0431-iAS Pship,,,,,,,,Rem
1548-0431-iAS Pship,,,,,,,,Rem
1566-0431-iAS Pship,,,,,,,,Rem
1577-0431-iAS Pship,,,,,,,,Rem
1598-0431-iAS Pship,,,,,,,,Rem
1614-0431-iAS Pship,,,,,,,,Rem
1630-0431-iAS Pship,,,,,,,,Rem
1648-0431-iAS Pship,,,,,,,,Rem
1660-0431-iAS Pship,,,,,,,,Rem
1671-0431-iAS Pship,,,,,,,,Rem
1684-0431-iAS Pship,,,,,,,,Rem
1687-0493-iAS Pship,,,,,,,,Rem
1506-0477-iAS Pship,,,,,,,,Rem
1521-0476-iAS Pship,,,,,,,,Rem
1619-0476-iAS Pship,,,,,,,,Rem
1620-0476-iAS Pship,,,,,,,,Rem
1565-0462-iAS Pship,,,,,,,,Rem
1576-0462-iAS Pship,,,,,,,,Rem
1597-0462-iAS Pship,,,,,,,,Rem
1569-0545-iAS Pship,,,,,,,,Rem
1590-0428-iAS Pship,,,,,,,,Rem
1641-0352-iAS Pship,,,,,,,,Rem
1642-0488-iAS Pship,,,,,,,,Rem
1643-0466-iAS Pship,,,,,,,,Rem
1653-0466-iAS Pship,,,,,,,,Rem
1685-0466-iAS Pship,,,,,,,,Rem
1646-0460-iAS Pship,,,,,,,,Rem
1658-0460-iAS Pship,,,,,,,,Rem
1669-0460-iAS Pship,,,,,,,,Rem
1682-0460-iAS Pship,,,,,,,,Rem
1681-0130-iAS Pship,,,,,,,,Rem
1689-0555-iAS Pship,,,,,,,,Rem
1384-0447-iAS Pship,1384,27,11/02/2016,847.46,,,,PartP
1708-0203-iAS Pship,1708,,09/02/2016,50,,,,inv
1707-0214-iAS Pship,1707,,09/02/2016,1500,,,,inv
1569-0545-iAS Pship,1569,,09/02/2016,847.46,,,,inv
1709-0064-iAS Pship,1709,,12/02/2016,50,,,,inv
1384-0447-iAS Pship,1384,28,18/02/2016,847.46,,,,PartP
1685-0466-iAS Pship,1685,,15/02/2016,8430,,,,inv
1691-0466-iAS Pship,1691,,15/02/2016,15030,,,,inv
1696-0459-iAS Pship,1696,,18/02/2016,2550,,,,inv
1241-0498-Sai Ltd,1241,,31/12/2015,218500,,,,inv
1681-0130-iAS Pship,1681,,19/02/2016,20373.69,,,,inv
1646-0460-iAS Pship,1646,,22/02/2016,9333.33,,,,inv
1687-0493-iAS Pship,1687,1,23/02/2016,81355.93,,,,PartP
1699-0064-iAS Pship,1699,,23/02/2016,340.68,,,,inv
1384-0447-iAS Pship,1384,29,25/02/2016,847.46,,,,PartP
1719-0339-iAS Pship,1719,,25/02/2016,1675,,,,inv
1384-0447-iAS Pship,1384,30,03/03/2016,847.46,,,,PartP
1721-0528-iAS Pship,,,,,1000178,29/02/2016,568.51,CN
1720-0999-iAS Pship,1720,,29/02/2016,50,,,,inv
0712-0361-Sai Ltd,,,,,,,,Rem
0942-0332-Sai Ltd,,,,,,,,Rem
1159-0403-Sai Ltd,,,,,,,,Rem
1171-0374-Sai Ltd,,,,,,,,Rem
1240-0130-Sai Ltd,,,,,,,,Rem
1237-0429-iAS Pship,,,,,,,,Rem
1286-0394-iAS Pship,,,,,,,,Rem
1540-1100-iAS Pship,,,,,,,,Rem
1312-0411-iAS Pship,,,,,,,,Rem
1313-0385-iAS Pship,,,,,,,,Rem
1314-0384-iAS Pship,,,,,,,,Rem
1355-0488-iAS Pship,,,,,,,,Rem
1624-0543-iAS Pship,,,,,,,,Rem
1384-0447-iAS Pship,,,,,,,,Rem
1394-0479-iAS Pship,,,,,,,,Rem
1414-0518-iAS Pship,,,,,,,,Rem
1483-0516-iAS Pship,,,,,,,,Rem
1487-0415-iAS Pship,,,,,,,,Rem
1655-0415-iAS Pship,,,,,,,,Rem
1502-0431-iAS Pship,,,,,,,,Rem
1511-0431-iAS Pship,,,,,,,,Rem
1528-0431-iAS Pship,,,,,,,,Rem
1539-0431-iAS Pship,,,,,,,,Rem
1548-0431-iAS Pship,,,,,,,,Rem
1566-0431-iAS Pship,,,,,,,,Rem
1577-0431-iAS Pship,,,,,,,,Rem
1598-0431-iAS Pship,,,,,,,,Rem
1614-0431-iAS Pship,,,,,,,,Rem
1630-0431-iAS Pship,,,,,,,,Rem
1648-0431-iAS Pship,,,,,,,,Rem
1660-0431-iAS Pship,,,,,,,,Rem
1671-0431-iAS Pship,,,,,,,,Rem
1684-0431-iAS Pship,,,,,,,,Rem
1687-0493-iAS Pship,,,,,,,,Rem
1697-0431-iAS Pship,,,,,,,,Rem
1521-0476-iAS Pship,,,,,,,,Rem
1619-0476-iAS Pship,,,,,,,,Rem
1620-0476-iAS Pship,,,,,,,,Rem
1698-0476-iAS Pship,,,,,,,,Rem
1565-0462-iAS Pship,,,,,,,,Rem
1576-0462-iAS Pship,,,,,,,,Rem
1597-0462-iAS Pship,,,,,,,,Rem
1590-0428-iAS Pship,,,,,,,,Rem
1506-0477-iAS Pship,,,,,,,,Rem
1641-0352-iAS Pship,,,,,,,,Rem
1642-0488-iAS Pship,,,,,,,,Rem
1643-0466-iAS Pship,,,,,,,,Rem
1653-0466-iAS Pship,,,,,,,,Rem
1658-0460-iAS Pship,,,,,,,,Rem
1669-0460-iAS Pship,,,,,,,,Rem
1682-0460-iAS Pship,,,,,,,,Rem
1689-0555-iAS Pship,,,,,,,,Rem
1692-0470-iAS Pship,,,,,,,,Rem
1693-0470-iAS Pship,,,,,,,,Rem
1694-0470-iAS Pship,,,,,,,,Rem
1695-0470-iAS Pship,,,,,,,,Rem
1704-0130-iAS Pship,,,,,,,,Rem
1723-0565-iAS Pship,1723,,02/03/2016,211.87,,,,inv
1724-0547-iAS Pship,1724,,02/03/2016,211.87,,,,inv
1725-0547-iAS Pship,1725,,02/03/2016,211.87,,,,inv
1384-0447-iAS Pship,1384,31,10/03/2016,847.46,,,,PartP
1704-0130-iAS Pship,1704,,04/03/2016,9388,,,,inv
1705-0130-iAS Pship,1705,,04/03/2016,13419,,,,inv
1728-0565-iAS Pship,1728,,08/03/2016,211.87,,,,inv
1729-0547-iAS Pship,1729,,08/03/2016,211.87,,,,inv
1730-0547-iAS Pship,1730,,08/03/2016,211.87,,,,inv
1731-0528-iAS Pship,1731,,09/03/2016,100,,,,inv
1706-0466-iAS Pship,1706,,09/03/2016,13200,,,,inv
1384-0447-iAS Pship,1384,32,17/03/2016,847.46,,,,PartP
1735-0565-iAS Pship,1735,,11/03/2016,211.87,,,,inv
1736-0547-iAS Pship,1736,,11/03/2016,211.87,,,,inv
1737-0547-iAS Pship,1737,,11/03/2016,211.87,,,,inv
1692-0470-iAS Pship,1692,1,14/03/2016,8474.58,,,,PartP
1712-0459-iAS Pship,1712,,15/03/2016,2550,,,,inv
1744-0547-iAS Pship,1744,,18/03/2016,211.87,,,,inv
1240-0130-Sai Ltd,1240,,21/03/2016,482.98,,,,inv
1732-0034-iAS Pship,1732,,21/03/2016,50,,,,inv
1745-0547-iAS Pship,1745,,22/03/2016,211.87,,,,inv
1746-0547-iAS Pship,1746,,22/03/2016,211.87,,,,inv
1748-0547-iAS Pship,1748,,23/03/2016,211.87,,,,inv
1749-0547-iAS Pship,1749,,23/03/2016,211.87,,,,inv
1722-0528-iAS Pship,,,,,1000179,23/03/2016,570.14,CN
1750-0547-iAS Pship,1750,,24/03/2016,211.87,,,,inv
1751-0999-iAS Pship,1751,,04/04/2016,84.75,,,,inv
1692-0470-iAS Pship,1692,2,04/04/2016,8474.58,,,,PartP
0712-0361-Sai Ltd,,,,,,,,Rem
0942-0332-Sai Ltd,,,,,,,,Rem
1159-0403-Sai Ltd,,,,,,,,Rem
1171-0374-Sai Ltd,,,,,,,,Rem
1237-0429-iAS Pship,,,,,,,,Rem
1286-0394-iAS Pship,,,,,,,,Rem
1540-1100-iAS Pship,,,,,,,,Rem
1312-0411-iAS Pship,,,,,,,,Rem
1313-0385-iAS Pship,,,,,,,,Rem
1314-0384-iAS Pship,,,,,,,,Rem
1355-0488-iAS Pship,,,,,,,,Rem
1624-0543-iAS Pship,,,,,,,,Rem
1384-0447-iAS Pship,,,,,,,,Rem
1394-0479-iAS Pship,,,,,,,,Rem
1414-0518-iAS Pship,,,,,,,,Rem
1483-0516-iAS Pship,,,,,,,,Rem
1487-0415-iAS Pship,,,,,,,,Rem
1655-0415-iAS Pship,,,,,,,,Rem
1502-0431-iAS Pship,,,,,,,,Rem
1511-0431-iAS Pship,,,,,,,,Rem
1528-0431-iAS Pship,,,,,,,,Rem
1539-0431-iAS Pship,,,,,,,,Rem
1548-0431-iAS Pship,,,,,,,,Rem
1566-0431-iAS Pship,,,,,,,,Rem
1577-0431-iAS Pship,,,,,,,,Rem
1598-0431-iAS Pship,,,,,,,,Rem
1614-0431-iAS Pship,,,,,,,,Rem
1630-0431-iAS Pship,,,,,,,,Rem
1648-0431-iAS Pship,,,,,,,,Rem
1660-0431-iAS Pship,,,,,,,,Rem
1671-0431-iAS Pship,,,,,,,,Rem
1684-0431-iAS Pship,,,,,,,,Rem
1687-0493-iAS Pship,,,,,,,,Rem
1697-0431-iAS Pship,,,,,,,,Rem
1713-0431-iAS Pship,,,,,,,,Rem
1506-0477-iAS Pship,,,,,,,,Rem
1521-0476-iAS Pship,,,,,,,,Rem
1619-0476-iAS Pship,,,,,,,,Rem
1620-0476-iAS Pship,,,,,,,,Rem
1698-0476-iAS Pship,,,,,,,,Rem
1714-0476-iAS Pship,,,,,,,,Rem
1565-0462-iAS Pship,,,,,,,,Rem
1576-0462-iAS Pship,,,,,,,,Rem
1597-0462-iAS Pship,,,,,,,,Rem
1641-0352-iAS Pship,,,,,,,,Rem
1642-0488-iAS Pship,,,,,,,,Rem
1643-0466-iAS Pship,,,,,,,,Rem
1653-0466-iAS Pship,,,,,,,,Rem
1658-0460-iAS Pship,,,,,,,,Rem
1669-0460-iAS Pship,,,,,,,,Rem
1682-0460-iAS Pship,,,,,,,,Rem
1661-0547-iAS Pship,,,,,,,,Rem
1665-0547-iAS Pship,,,,,,,,Rem
1678-0547-iAS Pship,,,,,,,,Rem
1680-0547-iAS Pship,,,,,,,,Rem
1716-0547-iAS Pship,,,,,,,,Rem
1717-0565-iAS Pship,,,,,,,,Rem
1718-0547-iAS Pship,,,,,,,,Rem
1689-0555-iAS Pship,,,,,,,,Rem
1692-0470-iAS Pship,,,,,,,,Rem
1693-0470-iAS Pship,,,,,,,,Rem
1694-0470-iAS Pship,,,,,,,,Rem
1695-0470-iAS Pship,,,,,,,,Rem
1715-0470-iAS Pship,,,,,,,,Rem
1710-0130-iAS Pship,,,,,,,,Rem
1711-0130-iAS Pship,,,,,,,,Rem
1502-0431-iAS Pship,1502,,08/04/2016,11070,,,,inv
1511-0431-iAS Pship,1511,,08/04/2016,11070,,,,inv
1487-0415-iAS Pship,1487,6,08/04/2016,31356.08,,,,PartP
1655-0415-iAS Pship,1655,1,08/04/2016,2542.23,,,,PartP
1227-0099-Sai Ltd,1227,,13/04/2016,34600.5,,,,inv
1747-0069-iAS Pship,,,,,1000180,14/04/2016,83.29,CN
1743-0466-iAS Pship,1743,,20/04/2016,13050,,,,inv
1717-0565-iAS Pship,,,,,1000181,20/04/2016,51500,CN
1718-0547-iAS Pship,,,,,1000182,20/04/2016,9000,CN
1726-0565-iAS Pship,,,,,1000183,20/04/2016,51500,CN
1727-0547-iAS Pship,,,,,1000184,20/04/2016,9000,CN
1506-0477-iAS Pship,1506,7,21/04/2016,16949.15,,,,PartP
1689-0555-iAS Pship,,,,,1000185,22/04/2016,27848.21,CN
1692-0470-iAS Pship,1692,3,22/04/2016,6101.69,,,,PartP
1765-0555-iAS Pship,1765,,22/04/2016,28296.7,,,,inv
1754-0999-iAS Pship,1754,,25/04/2016,211.86,,,,inv
1766-0565-iAS Pship,1766,,27/04/2016,211.87,,,,inv
1658-0460-iAS Pship,1658,,28/04/2016,9333.33,,,,inv
1752-0466-iAS Pship,1752,,04/05/2016,5625,,,,inv
0712-0361-Sai Ltd,,,,,,,,Rem
0942-0332-Sai Ltd,,,,,,,,Rem
1171-0374-Sai Ltd,,,,,,,,Rem
1159-0403-Sai Ltd,,,,,,,,Rem
1237-0429-iAS Pship,,,,,,,,Rem
1286-0394-iAS Pship,,,,,,,,Rem
1540-1100-iAS Pship,,,,,,,,Rem
1312-0411-iAS Pship,,,,,,,,Rem
1313-0385-iAS Pship,,,,,,,,Rem
1314-0384-iAS Pship,,,,,,,,Rem
1355-0488-iAS Pship,,,,,,,,Rem
1624-0543-iAS Pship,,,,,,,,Rem
1384-0447-iAS Pship,,,,,,,,Rem
1394-0479-iAS Pship,,,,,,,,Rem
1414-0518-iAS Pship,,,,,,,,Rem
1483-0516-iAS Pship,,,,,,,,Rem
1521-0476-iAS Pship,,,,,,,,Rem
1619-0476-iAS Pship,,,,,,,,Rem
1620-0476-iAS Pship,,,,,,,,Rem
1698-0476-iAS Pship,,,,,,,,Rem
1714-0476-iAS Pship,,,,,,,,Rem
1741-0476-iAS Pship,,,,,,,,Rem
1528-0431-iAS Pship,,,,,,,,Rem
1539-0431-iAS Pship,,,,,,,,Rem
1548-0431-iAS Pship,,,,,,,,Rem
1566-0431-iAS Pship,,,,,,,,Rem
1577-0431-iAS Pship,,,,,,,,Rem
1598-0431-iAS Pship,,,,,,,,Rem
1614-0431-iAS Pship,,,,,,,,Rem
1630-0431-iAS Pship,,,,,,,,Rem
1648-0431-iAS Pship,,,,,,,,Rem
1660-0431-iAS Pship,,,,,,,,Rem
1671-0431-iAS Pship,,,,,,,,Rem
1684-0431-iAS Pship,,,,,,,,Rem
1687-0493-iAS Pship,,,,,,,,Rem
1697-0431-iAS Pship,,,,,,,,Rem
1713-0431-iAS Pship,,,,,,,,Rem
1565-0462-iAS Pship,,,,,,,,Rem
1576-0462-iAS Pship,,,,,,,,Rem
1597-0462-iAS Pship,,,,,,,,Rem
1590-0428-iAS Pship,,,,,,,,Rem
1641-0352-iAS Pship,,,,,,,,Rem
1655-0415-iAS Pship,,,,,,,,Rem
1642-0488-iAS Pship,,,,,,,,Rem
1661-0547-iAS Pship,,,,,,,,Rem
1665-0547-iAS Pship,,,,,,,,Rem
1678-0547-iAS Pship,,,,,,,,Rem
1680-0547-iAS Pship,,,,,,,,Rem
1716-0547-iAS Pship,,,,,,,,Rem
1669-0460-iAS Pship,,,,,,,,Rem
1682-0460-iAS Pship,,,,,,,,Rem
1693-0470-iAS Pship,,,,,,,,Rem
1694-0470-iAS Pship,,,,,,,,Rem
1695-0470-iAS Pship,,,,,,,,Rem
1715-0470-iAS Pship,,,,,,,,Rem
1742-0470-iAS Pship,,,,,,,,Rem
1710-0130-iAS Pship,,,,,,,,Rem
1738-0130-iAS Pship,,,,,,,,Rem
1711-0130-iAS Pship,,,,,,,,Rem
1739-0130-iAS Pship,,,,,,,,Rem
1733-0525-iAS Pship,,,,,,,,Rem
1734-0525-iAS Pship,,,,,,,,Rem
1740-0459-iAS Pship,,,,,,,,Rem
1710-0130-iAS Pship,1710,,06/05/2016,15086,,,,inv
1711-0130-iAS Pship,1711,1,06/05/2016,8577.12,,,,PartP
0002-4000-PSM Ltd,2,,06/05/2016,1848.49,,,,inv
0003-4000-PSM Ltd,3,,06/05/2016,1848.49,,,,inv
0004-4000-PSM Ltd,4,,06/05/2016,1848.49,,,,inv
0005-4000-PSM Ltd,5,,06/05/2016,1848.49,,,,inv
0006-4000-PSM Ltd,6,,06/05/2016,1848.49,,,,inv
0001-4000-PSM Ltd,100,,06/05/2016,1848.49,,,,inv
0007-4100-PSM Ltd,,,,,1000186,06/05/2016,829.51,CN
0008-4100-PSM Ltd,,,,,1000187,06/05/2016,829.51,CN
1643-0466-iAS Pship,1643,,06/05/2016,15135,,,,inv
1653-0466-iAS Pship,1653,,06/05/2016,10260,,,,inv
0009-4100-PSM Ltd,9,,06/05/2016,829.51,,,,inv
0010-4100-PSM Ltd,10,,06/05/2016,829.51,,,,inv
0011-4100-PSM Ltd,11,,06/05/2016,829.51,,,,inv
0012-4100-PSM Ltd,12,,06/05/2016,829.51,,,,inv
0013-4100-PSM Ltd,13,,06/05/2016,245.44,,,,inv
0014-4000-PSM Ltd,14,,06/05/2016,525.57,,,,inv
0015-4000-PSM Ltd,15,,06/05/2016,525.57,,,,inv
0016-4000-PSM Ltd,16,,06/05/2016,525.57,,,,inv
0017-4000-PSM Ltd,17,,06/05/2016,525.57,,,,inv
0018-4000-PSM Ltd,18,,06/05/2016,1692.24,,,,inv
0019-4000-PSM Ltd,19,,06/05/2016,1692.24,,,,inv
0020-4100-PSM Ltd,20,,06/05/2016,50.42,,,,inv
0021-4100-PSM Ltd,21,,06/05/2016,170.4,,,,inv
0022-4100-PSM Ltd,22,,06/05/2016,170.4,,,,inv
0023-4100-PSM Ltd,23,,06/05/2016,170.4,,,,inv
0024-4100-PSM Ltd,24,,06/05/2016,170.4,,,,inv
0025-4000-PSM Ltd,25,,06/05/2016,1848.49,,,,inv
0026-4100-PSM Ltd,26,,06/05/2016,829.51,,,,inv
0027-4000-PSM Ltd,27,,06/05/2016,1692.24,,,,inv
0028-4100-PSM Ltd,28,,06/05/2016,170.4,,,,inv
0029-4000-PSM Ltd,29,,06/05/2016,1848.49,,,,inv
0030-4100-PSM Ltd,30,,06/05/2016,829.51,,,,inv
0031-4000-PSM Ltd,31,,06/05/2016,1692.24,,,,inv
0032-4100-PSM Ltd,32,,06/05/2016,170.4,,,,inv
0033-4000-PSM Ltd,33,,06/05/2016,1848.49,,,,inv
0034-4100-PSM Ltd,34,,06/05/2016,829.51,,,,inv
0035-4000-PSM Ltd,35,,06/05/2016,1692.24,,,,inv
0036-4100-PSM Ltd,36,,06/05/2016,170.4,,,,inv
0037-4000-PSM Ltd,37,,06/05/2016,1848.49,,,,inv
0038-4100-PSM Ltd,38,,06/05/2016,829.51,,,,inv
0039-4000-PSM Ltd,39,,06/05/2016,1692.24,,,,inv
0040-4100-PSM Ltd,40,,06/05/2016,170.4,,,,inv
0041-4000-PSM Ltd,41,,06/05/2016,1848.49,,,,inv
0042-4100-PSM Ltd,42,,06/05/2016,829.51,,,,inv
0043-4000-PSM Ltd,43,,06/05/2016,1692.24,,,,inv
0044-4100-PSM Ltd,44,,06/05/2016,170.4,,,,inv
0045-4000-PSM Ltd,45,,06/05/2016,1848.49,,,,inv
0046-4100-PSM Ltd,46,,06/05/2016,829.51,,,,inv
0047-4000-PSM Ltd,47,,06/05/2016,1692.24,,,,inv
0048-4100-PSM Ltd,48,,06/05/2016,170.4,,,,inv
0049-4000-PSM Ltd,49,,06/05/2016,1848.49,,,,inv
0050-4100-PSM Ltd,50,,06/05/2016,829.51,,,,inv
0051-4000-PSM Ltd,51,,06/05/2016,1692.24,,,,inv
0052-4100-PSM Ltd,52,,06/05/2016,170.4,,,,inv
0053-4000-PSM Ltd,53,,06/05/2016,1848.49,,,,inv
0054-4100-PSM Ltd,54,,06/05/2016,829.51,,,,inv
0055-4000-PSM Ltd,55,,06/05/2016,1692.24,,,,inv
0056-4100-PSM Ltd,56,,06/05/2016,170.4,,,,inv
0057-4000-PSM Ltd,57,,06/05/2016,1848.49,,,,inv
0058-4100-PSM Ltd,58,,06/05/2016,829.51,,,,inv
0059-4000-PSM Ltd,59,,06/05/2016,1692.24,,,,inv
0060-4100-PSM Ltd,60,,06/05/2016,170.4,,,,inv
0061-4000-PSM Ltd,61,,06/05/2016,1848.49,,,,inv
0062-4100-PSM Ltd,62,,06/05/2016,829.51,,,,inv
0063-4000-PSM Ltd,63,,06/05/2016,1692.24,,,,inv
0064-4100-PSM Ltd,64,,06/05/2016,170.4,,,,inv
0065-4000-PSM Ltd,65,,06/05/2016,1848.49,,,,inv
0066-4100-PSM Ltd,66,,06/05/2016,829.51,,,,inv
0067-4000-PSM Ltd,67,,06/05/2016,1692.24,,,,inv
0068-4100-PSM Ltd,68,,06/05/2016,170.4,,,,inv
0069-4000-PSM Ltd,69,,06/05/2016,1848.49,,,,inv
0070-4100-PSM Ltd,70,,06/05/2016,829.51,,,,inv
0071-4000-PSM Ltd,71,,06/05/2016,1692.24,,,,inv
0072-4100-PSM Ltd,72,,06/05/2016,170.4,,,,inv
0073-4000-PSM Ltd,73,,06/05/2016,1848.49,,,,inv
0074-4100-PSM Ltd,74,,06/05/2016,829.51,,,,inv
0075-4000-PSM Ltd,75,,06/05/2016,1692.24,,,,inv
0076-4100-PSM Ltd,76,,06/05/2016,170.4,,,,inv
0077-4000-PSM Ltd,77,,06/05/2016,1848.49,,,,inv
0078-4100-PSM Ltd,78,,06/05/2016,829.51,,,,inv
0079-4000-PSM Ltd,79,,06/05/2016,1692.24,,,,inv
0080-4100-PSM Ltd,80,,06/05/2016,170.4,,,,inv
0081-4000-PSM Ltd,81,,06/05/2016,1848.49,,,,inv
0082-4100-PSM Ltd,82,,06/05/2016,829.51,,,,inv
0083-4000-PSM Ltd,83,,06/05/2016,1692.24,,,,inv
0084-4100-PSM Ltd,84,,06/05/2016,170.4,,,,inv
0085-4000-PSM Ltd,85,,06/05/2016,1848.49,,,,inv
0086-4100-PSM Ltd,86,,06/05/2016,829.51,,,,inv
0087-4000-PSM Ltd,87,,06/05/2016,1692.24,,,,inv
0088-4100-PSM Ltd,88,,06/05/2016,170.4,,,,inv
0089-4000-PSM Ltd,89,,06/05/2016,1848.49,,,,inv
0090-4100-PSM Ltd,90,,06/05/2016,829.51,,,,inv
0091-4000-PSM Ltd,91,,06/05/2016,1692.24,,,,inv
0092-4100-PSM Ltd,92,,06/05/2016,170.4,,,,inv
0093-4000-PSM Ltd,93,,06/05/2016,1848.49,,,,inv
0094-4100-PSM Ltd,94,,06/05/2016,829.51,,,,inv
0095-4000-PSM Ltd,95,,06/05/2016,1692.24,,,,inv
0096-4100-PSM Ltd,96,,06/05/2016,170.4,,,,inv
0097-4000-PSM Ltd,97,,06/05/2016,1848.49,,,,inv
0098-4100-PSM Ltd,98,,06/05/2016,829.51,,,,inv
0099-4000-PSM Ltd,99,,06/05/2016,1692.24,,,,inv
0100-4100-PSM Ltd,100,,06/05/2016,170.4,,,,inv
0101-4000-PSM Ltd,101,,06/05/2016,1848.49,,,,inv
0102-4100-PSM Ltd,102,,06/05/2016,829.51,,,,inv
0103-4000-PSM Ltd,103,,06/05/2016,1692.24,,,,inv
0104-4100-PSM Ltd,104,,06/05/2016,170.4,,,,inv
0105-4000-PSM Ltd,105,,06/05/2016,1848.49,,,,inv
0106-4100-PSM Ltd,106,,06/05/2016,829.51,,,,inv
0107-4000-PSM Ltd,107,,06/05/2016,1692.24,,,,inv
0108-4100-PSM Ltd,108,,06/05/2016,170.4,,,,inv
0109-4000-PSM Ltd,109,,06/05/2016,1848.49,,,,inv
0110-4100-PSM Ltd,110,,06/05/2016,829.51,,,,inv
0111-4000-PSM Ltd,111,,06/05/2016,1692.24,,,,inv
0112-4100-PSM Ltd,112,,06/05/2016,170.4,,,,inv
0113-4000-PSM Ltd,113,,06/05/2016,1848.49,,,,inv
0114-4100-PSM Ltd,114,,06/05/2016,829.51,,,,inv
0115-4000-PSM Ltd,115,,06/05/2016,1692.24,,,,inv
0116-4100-PSM Ltd,116,,06/05/2016,170.4,,,,inv
0117-4000-PSM Ltd,117,,06/05/2016,1848.49,,,,inv
0118-4100-PSM Ltd,118,,06/05/2016,829.51,,,,inv
0119-4000-PSM Ltd,119,,06/05/2016,1692.24,,,,inv
0120-4100-PSM Ltd,120,,06/05/2016,170.4,,,,inv
0121-4000-PSM Ltd,121,,06/05/2016,1848.49,,,,inv
0122-4100-PSM Ltd,122,,06/05/2016,829.51,,,,inv
0123-4000-PSM Ltd,123,,06/05/2016,1692.24,,,,inv
0124-4100-PSM Ltd,124,,06/05/2016,170.4,,,,inv
0125-4000-PSM Ltd,125,,06/05/2016,609.21,,,,inv
0126-4000-PSM Ltd,126,,06/05/2016,721.4,,,,inv
0127-4100-PSM Ltd,127,,06/05/2016,57.74,,,,inv
0128-4100-PSM Ltd,128,,06/05/2016,53.45,,,,inv
0129-4000-PSM Ltd,129,,06/05/2016,1848.49,,,,inv
0130-4100-PSM Ltd,130,,06/05/2016,829.51,,,,inv
0131-4000-PSM Ltd,131,,06/05/2016,1795.29,,,,inv
0132-4100-PSM Ltd,132,,06/05/2016,180.78,,,,inv
0133-4000-PSM Ltd,133,,06/05/2016,1848.49,,,,inv
0134-4100-PSM Ltd,134,,06/05/2016,829.51,,,,inv
0135-4000-PSM Ltd,135,,06/05/2016,1795.29,,,,inv
0136-4100-PSM Ltd,136,,06/05/2016,180.78,,,,inv
0137-4000-PSM Ltd,137,,06/05/2016,1848.49,,,,inv
0138-4100-PSM Ltd,138,,06/05/2016,829.51,,,,inv
0139-4000-PSM Ltd,139,,06/05/2016,1795.29,,,,inv
0140-4100-PSM Ltd,140,,06/05/2016,180.78,,,,inv
0141-4000-PSM Ltd,141,,06/05/2016,1848.49,,,,inv
0142-4100-PSM Ltd,142,,06/05/2016,829.51,,,,inv
0143-4000-PSM Ltd,143,,06/05/2016,1795.29,,,,inv
0144-4100-PSM Ltd,144,,06/05/2016,180.78,,,,inv
0145-4000-PSM Ltd,145,,06/05/2016,1848.49,,,,inv
0146-4100-PSM Ltd,146,,06/05/2016,829.51,,,,inv
0147-4000-PSM Ltd,147,,06/05/2016,1795.29,,,,inv
0148-4100-PSM Ltd,148,,06/05/2016,180.78,,,,inv
0149-4000-PSM Ltd,149,,06/05/2016,1848.49,,,,inv
0150-4100-PSM Ltd,150,,06/05/2016,829.51,,,,inv
1312-0411-iAS Pship,1312,8,09/05/2016,2055.92,,,,PartP
1313-0385-iAS Pship,1313,1,09/05/2016,3876.28,,,,PartP
1767-0999-iAS Pship,1767,,09/05/2016,50,,,,inv
0151-4000-PSM Ltd,151,,09/05/2016,1795.29,,,,inv
0152-4100-PSM Ltd,152,,09/05/2016,180.78,,,,inv
0153-4000-PSM Ltd,153,,09/05/2016,1848.49,,,,inv
0154-4100-PSM Ltd,154,,09/05/2016,829.51,,,,inv
0155-4000-PSM Ltd,155,,09/05/2016,1795.29,,,,inv
0156-4100-PSM Ltd,156,,09/05/2016,180.78,,,,inv
0157-4000-PSM Ltd,157,,09/05/2016,1848.49,,,,inv
0158-4100-PSM Ltd,158,,09/05/2016,829.51,,,,inv
0159-4000-PSM Ltd,159,,09/05/2016,1795.29,,,,inv
0160-4100-PSM Ltd,160,,09/05/2016,180.78,,,,inv
0161-4000-PSM Ltd,161,,09/05/2016,1848.49,,,,inv
0162-4100-PSM Ltd,162,,09/05/2016,829.51,,,,inv
0163-4000-PSM Ltd,163,,09/05/2016,1795.29,,,,inv
0164-4100-PSM Ltd,164,,09/05/2016,180.78,,,,inv
0165-4000-PSM Ltd,165,,09/05/2016,1848.49,,,,inv
0166-4100-PSM Ltd,166,,09/05/2016,829.51,,,,inv
0167-4000-PSM Ltd,167,,09/05/2016,1795.29,,,,inv
0168-4100-PSM Ltd,168,,09/05/2016,180.78,,,,inv
0169-4000-PSM Ltd,169,,09/05/2016,1848.49,,,,inv
0170-4100-PSM Ltd,170,,09/05/2016,829.51,,,,inv
0171-4000-PSM Ltd,171,,09/05/2016,1795.29,,,,inv
0172-4100-PSM Ltd,172,,09/05/2016,180.78,,,,inv
0173-4000-PSM Ltd,173,,09/05/2016,1848.49,,,,inv
0174-4100-PSM Ltd,174,,09/05/2016,829.51,,,,inv
0175-4000-PSM Ltd,175,,09/05/2016,1795.29,,,,inv
0176-4100-PSM Ltd,176,,09/05/2016,180.78,,,,inv
0177-4000-PSM Ltd,177,,09/05/2016,1848.49,,,,inv
0178-4100-PSM Ltd,178,,09/05/2016,829.51,,,,inv
0179-4000-PSM Ltd,179,,09/05/2016,1795.29,,,,inv
0180-4100-PSM Ltd,180,,09/05/2016,180.78,,,,inv
0181-4000-PSM Ltd,181,,09/05/2016,1848.49,,,,inv
0182-4000-PSM Ltd,182,,09/05/2016,1795.29,,,,inv
0183-4000-PSM Ltd,183,,09/05/2016,1848.49,,,,inv
0184-4000-PSM Ltd,184,,09/05/2016,1795.29,,,,inv
0185-4000-PSM Ltd,185,,09/05/2016,1848.49,,,,inv
0186-4000-PSM Ltd,186,,09/05/2016,1795.29,,,,inv
0187-4000-PSM Ltd,187,,09/05/2016,1848.49,,,,inv
0188-4000-PSM Ltd,188,,09/05/2016,1795.29,,,,inv
0189-4000-PSM Ltd,189,,09/05/2016,1848.49,,,,inv
0190-4000-PSM Ltd,190,,09/05/2016,1795.29,,,,inv
0191-4000-PSM Ltd,191,,09/05/2016,1848.49,,,,inv
0192-4000-PSM Ltd,192,,09/05/2016,1795.29,,,,inv
0193-4000-PSM Ltd,193,,09/05/2016,1848.49,,,,inv
0194-4000-PSM Ltd,194,,09/05/2016,1795.29,,,,inv
0195-4000-PSM Ltd,195,,09/05/2016,1848.49,,,,inv
0196-4000-PSM Ltd,196,,09/05/2016,1795.29,,,,inv
0197-4000-PSM Ltd,197,,09/05/2016,1848.49,,,,inv
0198-4000-PSM Ltd,198,,09/05/2016,1795.29,,,,inv
0199-4000-PSM Ltd,199,,09/05/2016,1848.49,,,,inv
0200-4000-PSM Ltd,200,,09/05/2016,1795.29,,,,inv
0201-4000-PSM Ltd,201,,09/05/2016,1848.49,,,,inv
0202-4000-PSM Ltd,202,,09/05/2016,1795.29,,,,inv
0203-4000-PSM Ltd,203,,09/05/2016,1848.49,,,,inv
0204-4000-PSM Ltd,204,,09/05/2016,1795.29,,,,inv
0205-4000-PSM Ltd,205,,09/05/2016,1848.49,,,,inv
0206-4000-PSM Ltd,206,,09/05/2016,1795.29,,,,inv
0207-4000-PSM Ltd,207,,09/05/2016,1848.49,,,,inv
0208-4000-PSM Ltd,208,,09/05/2016,1795.29,,,,inv
0209-4000-PSM Ltd,209,,09/05/2016,1848.49,,,,inv
0210-4000-PSM Ltd,210,,09/05/2016,1795.29,,,,inv
0211-4000-PSM Ltd,211,,09/05/2016,1848.49,,,,inv
0212-4000-PSM Ltd,212,,09/05/2016,1795.29,,,,inv
0213-4000-PSM Ltd,213,,09/05/2016,1848.49,,,,inv
0214-4000-PSM Ltd,214,,09/05/2016,1795.29,,,,inv
0215-4000-PSM Ltd,215,,09/05/2016,1848.49,,,,inv
0216-4000-PSM Ltd,216,,09/05/2016,1795.29,,,,inv
0217-4000-PSM Ltd,217,,09/05/2016,1848.49,,,,inv
0218-4000-PSM Ltd,218,,09/05/2016,1795.29,,,,inv
0219-4000-PSM Ltd,219,,09/05/2016,1848.49,,,,inv
0220-4000-PSM Ltd,220,,09/05/2016,1795.29,,,,inv
0221-4000-PSM Ltd,221,,09/05/2016,1848.49,,,,inv
0222-4000-PSM Ltd,222,,09/05/2016,1795.29,,,,inv
0225-4000-PSM Ltd,225,,09/05/2016,2677.99,,,,inv
0226-4000-PSM Ltd,226,,09/05/2016,1976.07,,,,inv
0227-4000-PSM Ltd,227,,09/05/2016,1659,,,,inv
0228-4000-PSM Ltd,228,,09/05/2016,361.56,,,,inv
0229-4000-PSM Ltd,229,,09/05/2016,2677.99,,,,inv
0230-4000-PSM Ltd,230,,09/05/2016,1976.07,,,,inv
0231-4000-PSM Ltd,231,,10/05/2016,2677.99,,,,inv
0232-4000-PSM Ltd,232,,10/05/2016,1976.07,,,,inv
1242-0498-Sai Ltd,1242,,10/05/2016,320000,,,,inv
0223-4000-PSM Ltd,223,,10/05/2016,12441.36,,,,inv
0224-4000-PSM Ltd,224,,10/05/2016,2711.7,,,,inv
1773-0999-iAS Pship,1773,,10/05/2016,120,,,,inv
1775-0568-iAS Pship,1775,,13/05/2016,50.85,,,,inv
1776-0568-iAS Pship,1776,,13/05/2016,50.85,,,,inv
1777-0568-iAS Pship,1777,,13/05/2016,50.85,,,,inv
1528-0431-iAS Pship,1528,,16/05/2016,11070,,,,inv
1539-0431-iAS Pship,1539,,16/05/2016,11070,,,,inv
1687-0493-iAS Pship,,,,,1000188,17/05/2016,52346.95,CN
1740-0459-iAS Pship,1740,,17/05/2016,2550,,,,inv
1758-0459-iAS Pship,1758,,17/05/2016,2550,,,,inv
1693-0470-iAS Pship,1693,,20/05/2016,7500,,,,inv
1787-0565-iAS Pship,1787,,26/05/2016,211.87,,,,inv
1394-0479-iAS Pship,1394,,01/06/2016,3000,,,,inv
0942-0332-Sai Ltd,,,,,,,,Rem
1171-0374-Sai Ltd,,,,,,,,Rem
1237-0429-iAS Pship,,,,,,,,Rem
1286-0394-iAS Pship,,,,,,,,Rem
1540-1100-iAS Pship,,,,,,,,Rem
1313-0385-iAS Pship,,,,,,,,Rem
1314-0384-iAS Pship,,,,,,,,Rem
1355-0488-iAS Pship,,,,,,,,Rem
1624-0543-iAS Pship,,,,,,,,Rem
1384-0447-iAS Pship,,,,,,,,Rem
1414-0518-iAS Pship,,,,,,,,Rem
1483-0516-iAS Pship,,,,,,,,Rem
1521-0476-iAS Pship,,,,,,,,Rem
1619-0476-iAS Pship,,,,,,,,Rem
1620-0476-iAS Pship,,,,,,,,Rem
1698-0476-iAS Pship,,,,,,,,Rem
1714-0476-iAS Pship,,,,,,,,Rem
1741-0476-iAS Pship,,,,,,,,Rem
1759-0476-iAS Pship,,,,,,,,Rem
1781-0476-iAS Pship,,,,,,,,Rem
1548-0431-iAS Pship,,,,,,,,Rem
1566-0431-iAS Pship,,,,,,,,Rem
1577-0431-iAS Pship,,,,,,,,Rem
1598-0431-iAS Pship,,,,,,,,Rem
1614-0431-iAS Pship,,,,,,,,Rem
1630-0431-iAS Pship,,,,,,,,Rem
1648-0431-iAS Pship,,,,,,,,Rem
1660-0431-iAS Pship,,,,,,,,Rem
1671-0431-iAS Pship,,,,,,,,Rem
1684-0431-iAS Pship,,,,,,,,Rem
1687-0493-iAS Pship,,,,,,,,Rem
1697-0431-iAS Pship,,,,,,,,Rem
1713-0431-iAS Pship,,,,,,,,Rem
1753-0431-iAS Pship,,,,,,,,Rem
1565-0462-iAS Pship,,,,,,,,Rem
1576-0462-iAS Pship,,,,,,,,Rem
1597-0462-iAS Pship,,,,,,,,Rem
1590-0428-iAS Pship,,,,,,,,Rem
1641-0352-iAS Pship,,,,,,,,Rem
1642-0488-iAS Pship,,,,,,,,Rem
1655-0415-iAS Pship,,,,,,,,Rem
1755-0415-iAS Pship,,,,,,,,Rem
1661-0547-iAS Pship,,,,,,,,Rem
1665-0547-iAS Pship,,,,,,,,Rem
1678-0547-iAS Pship,,,,,,,,Rem
1680-0547-iAS Pship,,,,,,,,Rem
1716-0547-iAS Pship,,,,,,,,Rem
1669-0460-iAS Pship,,,,,,,,Rem
1682-0460-iAS Pship,,,,,,,,Rem
1694-0470-iAS Pship,,,,,,,,Rem
1695-0470-iAS Pship,,,,,,,,Rem
1715-0470-iAS Pship,,,,,,,,Rem
1742-0470-iAS Pship,,,,,,,,Rem
1760-0470-iAS Pship,,,,,,,,Rem
1711-0130-iAS Pship,,,,,,,,Rem
1739-0130-iAS Pship,,,,,,,,Rem
1757-0130-iAS Pship,,,,,,,,Rem
1738-0130-iAS Pship,,,,,,,,Rem
1756-0130-iAS Pship,,,,,,,,Rem
1733-0525-iAS Pship,,,,,,,,Rem
1734-0525-iAS Pship,,,,,,,,Rem
1761-0565-iAS Pship,,,,,,,,Rem
1762-0547-iAS Pship,,,,,,,,Rem
1763-0565-iAS Pship,,,,,,,,Rem
1764-0547-iAS Pship,,,,,,,,Rem
1711-0130-iAS Pship,1711,2,02/06/2016,1543.88,,,,PartP
1738-0130-iAS Pship,1738,,02/06/2016,15086,,,,inv
1739-0130-iAS Pship,1739,,02/06/2016,10121,,,,inv
1780-0459-iAS Pship,1780,,03/06/2016,2550,,,,inv
1734-0525-iAS Pship,1734,,08/06/2016,1748.12,,,,inv
1790-0999-iAS Pship,1790,,10/06/2016,350,,,,inv
1794-0061-iAS Pship,1794,,10/06/2016,50,,,,inv
1768-0359-iAS Pship,1768,,14/06/2016,338.98,,,,inv
1774-0570-iAS Pship,1774,,14/06/2016,350,,,,inv
0233-4000-PSM Ltd,233,,16/06/2016,2677.99,,,,inv
0234-4000-PSM Ltd,234,,16/06/2016,1976.07,,,,inv
1793-0222-iAS Pship,1793,1,16/06/2016,423.73,,,,PartP
1771-0466-iAS Pship,1771,,16/06/2016,8205,,,,inv
1694-0470-iAS Pship,1694,,17/06/2016,7500,,,,inv
1793-0222-iAS Pship,1793,2,20/06/2016,76.27,,,,PartP
1313-0385-iAS Pship,1313,2,22/06/2016,2966.1,,,,PartP
1795-0587-iAS Pship,1795,,30/06/2016,50,,,,inv
1796-0587-iAS Pship,1796,,30/06/2016,50,,,,inv
0942-0332-Sai Ltd,,,,,,,,Rem
1159-0403-Sai Ltd,,,,,,,,Rem
1171-0374-Sai Ltd,,,,,,,,Rem
1286-0394-iAS Pship,,,,,,,,Rem
1540-1100-iAS Pship,,,,,,,,Rem
1313-0385-iAS Pship,,,,,,,,Rem
1314-0384-iAS Pship,,,,,,,,Rem
1355-0488-iAS Pship,,,,,,,,Rem
1624-0543-iAS Pship,,,,,,,,Rem
1384-0447-iAS Pship,,,,,,,,Rem
1414-0518-iAS Pship,,,,,,,,Rem
1483-0516-iAS Pship,,,,,,,,Rem
1521-0476-iAS Pship,,,,,,,,Rem
1619-0476-iAS Pship,,,,,,,,Rem
1620-0476-iAS Pship,,,,,,,,Rem
1698-0476-iAS Pship,,,,,,,,Rem
1714-0476-iAS Pship,,,,,,,,Rem
1741-0476-iAS Pship,,,,,,,,Rem
1759-0476-iAS Pship,,,,,,,,Rem
1781-0476-iAS Pship,,,,,,,,Rem
1565-0462-iAS Pship,,,,,,,,Rem
1576-0462-iAS Pship,,,,,,,,Rem
1597-0462-iAS Pship,,,,,,,,Rem
1590-0428-iAS Pship,,,,,,,,Rem
1641-0352-iAS Pship,,,,,,,,Rem
1642-0488-iAS Pship,,,,,,,,Rem
1661-0547-iAS Pship,,,,,,,,Rem
1665-0547-iAS Pship,,,,,,,,Rem
1678-0547-iAS Pship,,,,,,,,Rem
1680-0547-iAS Pship,,,,,,,,Rem
1716-0547-iAS Pship,,,,,,,,Rem
1769-0565-iAS Pship,,,,,,,,Rem
1770-0547-iAS Pship,,,,,,,,Rem
1784-0565-iAS Pship,,,,,,,,Rem
1785-0547-iAS Pship,,,,,,,,Rem
1786-0547-iAS Pship,,,,,,,,Rem
1655-0415-iAS Pship,,,,,,,,Rem
1755-0415-iAS Pship,,,,,,,,Rem
1669-0460-iAS Pship,,,,,,,,Rem
1682-0460-iAS Pship,,,,,,,,Rem
1695-0470-iAS Pship,,,,,,,,Rem
1715-0470-iAS Pship,,,,,,,,Rem
1742-0470-iAS Pship,,,,,,,,Rem
1760-0470-iAS Pship,,,,,,,,Rem
1782-0476-iAS Pship,,,,,,,,Rem
1733-0525-iAS Pship,,,,,,,,Rem
1756-0130-iAS Pship,,,,,,,,Rem
1778-0130-iAS Pship,,,,,,,,Rem
1757-0130-iAS Pship,,,,,,,,Rem
1779-0130-iAS Pship,,,,,,,,Rem
1761-0565-iAS Pship,,,,,,,,Rem
1762-0547-iAS Pship,,,,,,,,Rem
1763-0565-iAS Pship,,,,,,,,Rem
1764-0547-iAS Pship,,,,,,,,Rem
1772-0286-iAS Pship,,,,,,,,Rem
1783-0493-iAS Pship,,,,,,,,Rem
1548-0431-iAS Pship,,,,,,,,Rem
1566-0431-iAS Pship,,,,,,,,Rem
1577-0431-iAS Pship,,,,,,,,Rem
1598-0431-iAS Pship,,,,,,,,Rem
1614-0431-iAS Pship,,,,,,,,Rem
1630-0431-iAS Pship,,,,,,,,Rem
1648-0431-iAS Pship,,,,,,,,Rem
1660-0431-iAS Pship,,,,,,,,Rem
1671-0431-iAS Pship,,,,,,,,Rem
1684-0431-iAS Pship,,,,,,,,Rem
1687-0493-iAS Pship,,,,,,,,Rem
1697-0431-iAS Pship,,,,,,,,Rem
1713-0431-iAS Pship,,,,,,,,Rem
1753-0431-iAS Pship,,,,,,,,Rem
1655-0415-iAS Pship,1655,2,01/07/2016,16949.15,,,,PartP
1805-0999-iAS Pship,1805,,04/07/2016,120,,,,inv
1800-0459-iAS Pship,1800,,07/07/2016,2550,,,,inv
1756-0130-iAS Pship,1756,,08/07/2016,15086,,,,inv
1757-0130-iAS Pship,1757,,08/07/2016,10121,,,,inv
1791-0466-iAS Pship,1791,,08/07/2016,12675,,,,inv
1313-0385-iAS Pship,1313,3,11/07/2016,2966.1,,,,PartP
1669-0460-iAS Pship,1669,,11/07/2016,9333.33,,,,inv
1808-0418-iAS Pship,1808,,11/07/2016,495,,,,inv
1809-0999-iAS Pship,1809,,11/07/2016,50,,,,inv
1807-0589-iAS Pship,1807,,13/07/2016,400,,,,inv
1695-0470-iAS Pship,1695,,14/07/2016,7500,,,,inv
1817-0474-iAS Pship,1817,,21/07/2016,25423.73,,,,inv
1820-0528-iAS Pship,1820,,22/07/2016,50,,,,inv
1816-0999-iAS Pship,1816,,22/07/2016,50,,,,inv
0235-4000-PSM Ltd,235,,25/07/2016,2677.99,,,,inv
0236-4000-PSM Ltd,236,,25/07/2016,1976.07,,,,inv
1159-0403-Sai Ltd,1159,1,27/07/2016,8000,,,,PartP
1313-0385-iAS Pship,1313,4,01/08/2016,1891.52,,,,PartP
1314-0384-iAS Pship,1314,1,01/08/2016,1074.58,,,,PartP
1778-0130-iAS Pship,1778,,01/08/2016,15086,,,,inv
1779-0130-iAS Pship,1779,,01/08/2016,10121,,,,inv
1741-0476-iAS Pship,,,,,1000189,01/08/2016,39750,CN
1759-0476-iAS Pship,,,,,1000190,01/08/2016,39750,CN
1781-0476-iAS Pship,,,,,1000191,01/08/2016,39750,CN
1801-0476-iAS Pship,,,,,1000192,01/08/2016,39750,CN
1813-0476-iAS Pship,,,,,1000193,01/08/2016,39750,CN
1244-0498-Sai Ltd,1244,,30/06/2016,74000,,,,inv
0942-0332-Sai Ltd,,,,,,,,Rem
1171-0374-Sai Ltd,,,,,,,,Rem
1243-0130-Sai Ltd,,,,,,,,Rem
1237-0429-iAS Pship,,,,,,,,Rem
1286-0394-iAS Pship,,,,,,,,Rem
1540-1100-iAS Pship,,,,,,,,Rem
1314-0384-iAS Pship,,,,,,,,Rem
1355-0488-iAS Pship,,,,,,,,Rem
1624-0543-iAS Pship,,,,,,,,Rem
1384-0447-iAS Pship,,,,,,,,Rem
1414-0518-iAS Pship,,,,,,,,Rem
1483-0516-iAS Pship,,,,,,,,Rem
1521-0476-iAS Pship,,,,,,,,Rem
1619-0476-iAS Pship,,,,,,,,Rem
1620-0476-iAS Pship,,,,,,,,Rem
1698-0476-iAS Pship,,,,,,,,Rem
1714-0476-iAS Pship,,,,,,,,Rem
1826-0476-iAS Pship,,,,,,,,Rem
1827-0476-iAS Pship,,,,,,,,Rem
1828-0476-iAS Pship,,,,,,,,Rem
1829-0476-iAS Pship,,,,,,,,Rem
1548-0431-iAS Pship,,,,,,,,Rem
1566-0431-iAS Pship,,,,,,,,Rem
1577-0431-iAS Pship,,,,,,,,Rem
1598-0431-iAS Pship,,,,,,,,Rem
1614-0431-iAS Pship,,,,,,,,Rem
1630-0431-iAS Pship,,,,,,,,Rem
1648-0431-iAS Pship,,,,,,,,Rem
1660-0431-iAS Pship,,,,,,,,Rem
1671-0431-iAS Pship,,,,,,,,Rem
1684-0431-iAS Pship,,,,,,,,Rem
1687-0493-iAS Pship,,,,,,,,Rem
1697-0431-iAS Pship,,,,,,,,Rem
1713-0431-iAS Pship,,,,,,,,Rem
1753-0431-iAS Pship,,,,,,,,Rem
1565-0462-iAS Pship,,,,,,,,Rem
1576-0462-iAS Pship,,,,,,,,Rem
1597-0462-iAS Pship,,,,,,,,Rem
1590-0428-iAS Pship,,,,,,,,Rem
1641-0352-iAS Pship,,,,,,,,Rem
1642-0488-iAS Pship,,,,,,,,Rem
1655-0415-iAS Pship,,,,,,,,Rem
1797-0415-iAS Pship,,,,,,,,Rem
1755-0415-iAS Pship,,,,,,,,Rem
1661-0547-iAS Pship,,,,,,,,Rem
1665-0547-iAS Pship,,,,,,,,Rem
1678-0547-iAS Pship,,,,,,,,Rem
1680-0547-iAS Pship,,,,,,,,Rem
1716-0547-iAS Pship,,,,,,,,Rem
1769-0565-iAS Pship,,,,,,,,Rem
1770-0547-iAS Pship,,,,,,,,Rem
1784-0565-iAS Pship,,,,,,,,Rem
1803-0565-iAS Pship,,,,,,,,Rem
1804-0547-iAS Pship,,,,,,,,Rem
1785-0547-iAS Pship,,,,,,,,Rem
1786-0547-iAS Pship,,,,,,,,Rem
1682-0460-iAS Pship,,,,,,,,Rem
1715-0470-iAS Pship,,,,,,,,Rem
1742-0470-iAS Pship,,,,,,,,Rem
1760-0470-iAS Pship,,,,,,,,Rem
1782-0470-iAS Pship,,,,,,,,Rem
1802-0470-iAS Pship,,,,,,,,Rem
1733-0525-iAS Pship,,,,,,,,Rem
1761-0565-iAS Pship,,,,,,,,Rem
1762-0547-iAS Pship,,,,,,,,Rem
1763-0565-iAS Pship,,,,,,,,Rem
1764-0547-iAS Pship,,,,,,,,Rem
1772-0286-iAS Pship,,,,,,,,Rem
1798-0130-iAS Pship,,,,,,,,Rem
1799-0130-iAS Pship,,,,,,,,Rem
1783-0493-iAS Pship,,,,,,,,Rem
1788-0999-iAS Pship,,,,,,,,Rem
1789-0579-iAS Pship,,,,,,,,Rem
1792-0579-iAS Pship,,,,,,,,Rem
1761-0565-iAS Pship,,,,,1000194,03/08/2016,51500,CN
1762-0547-iAS Pship,,,,,1000195,04/08/2016,9000,CN
1763-0565-iAS Pship,,,,,1000196,04/08/2016,51500,CN
1764-0547-iAS Pship,,,,,1000197,04/08/2016,9000,CN
1834-0565-iAS Pship,1834,1,04/08/2016,42372.88,,,,PartP
1548-0431-iAS Pship,1548,,04/08/2016,11070,,,,inv
1566-0431-iAS Pship,1566,,04/08/2016,11070,,,,inv
1825-0029-iAS Pship,1825,,04/08/2016,250,,,,inv
1803-0565-iAS Pship,,,,,1000198,05/08/2016,37500,CN
1838-0565-iAS Pship,,,,,1000199,05/08/2016,37500,CN
1840-0474-iAS Pship,1840,,05/08/2016,25423.73,,,,inv
1789-0579-iAS Pship,1789,,08/08/2016,50,,,,inv
1831-0528-iAS Pship,1831,,08/08/2016,50,,,,inv
1844-0999-iAS Pship,1844,,09/08/2016,50,,,,inv
1799-0130-iAS Pship,1799,,11/08/2016,10121,,,,inv
1243-0130-Sai Ltd,1243,,11/08/2016,652.5,,,,inv
1834-0565-iAS Pship,1834,2,11/08/2016,9127.12,,,,PartP
1769-0565-iAS Pship,1769,,11/08/2016,51500,,,,inv
1770-0547-iAS Pship,1770,1,11/08/2016,2931.88,,,,PartP
1798-0130-iAS Pship,1798,,22/08/2016,15086,,,,inv
1818-0466-iAS Pship,1818,,22/08/2016,7590,,,,inv
1841-0240-iAS Pship,1841,,22/08/2016,225,,,,inv
1655-0415-iAS Pship,1655,3,22/08/2016,42372.88,,,,PartP
1826-0476-iAS Pship,,,,,1000200,22/08/2016,39750,CN
1827-0476-iAS Pship,,,,,1000201,22/08/2016,39750,CN
1828-0476-iAS Pship,,,,,1000202,22/08/2016,39750,CN
1829-0476-iAS Pship,,,,,1000203,22/08/2016,39750,CN
1830-0476-iAS Pship,,,,,1000204,22/08/2016,39750,CN
1245-0498-Sai Ltd,1245,,31/07/2016,120000,,,,inv
1843-0999-iAS Pship,1843,,25/08/2016,225,,,,inv
1715-0470-iAS Pship,1715,,25/08/2016,7500,,,,inv
1858-0544-iAS Pship,1858,,26/08/2016,3850,,,,inv
1812-0459-iAS Pship,1812,,26/08/2016,2550,,,,inv
1314-0384-iAS Pship,1314,2,01/09/2016,2966.1,,,,PartP
0942-0332-Sai Ltd,,,,,,,,Rem
1159-0403-Sai Ltd,,,,,,,,Rem
1171-0374-Sai Ltd,,,,,,,,Rem
1237-0429-iAS Pship,,,,,,,,Rem
1286-0394-iAS Pship,,,,,,,,Rem
1540-1100-iAS Pship,,,,,,,,Rem
1314-0384-iAS Pship,,,,,,,,Rem
1355-0488-iAS Pship,,,,,,,,Rem
1624-0543-iAS Pship,,,,,,,,Rem
1384-0447-iAS Pship,,,,,,,,Rem
1821-0447-iAS Pship,,,,,,,,Rem
1822-0502-iAS Pship,,,,,,,,Rem
1823-0540-iAS Pship,,,,,,,,Rem
1824-0591-iAS Pship,,,,,,,,Rem
1414-0518-iAS Pship,,,,,,,,Rem
1483-0516-iAS Pship,,,,,,,,Rem
1521-0476-iAS Pship,,,,,,,,Rem
1619-0476-iAS Pship,,,,,,,,Rem
1620-0476-iAS Pship,,,,,,,,Rem
1698-0476-iAS Pship,,,,,,,,Rem
1714-0476-iAS Pship,,,,,,,,Rem
1565-0462-iAS Pship,,,,,,,,Rem
1576-0462-iAS Pship,,,,,,,,Rem
1597-0462-iAS Pship,,,,,,,,Rem
1577-0431-iAS Pship,,,,,,,,Rem
1598-0431-iAS Pship,,,,,,,,Rem
1614-0431-iAS Pship,,,,,,,,Rem
1630-0431-iAS Pship,,,,,,,,Rem
1648-0431-iAS Pship,,,,,,,,Rem
1660-0431-iAS Pship,,,,,,,,Rem
1671-0431-iAS Pship,,,,,,,,Rem
1684-0431-iAS Pship,,,,,,,,Rem
1687-0493-iAS Pship,,,,,,,,Rem
1697-0431-iAS Pship,,,,,,,,Rem
1713-0431-iAS Pship,,,,,,,,Rem
1753-0431-iAS Pship,,,,,,,,Rem
1590-0428-iAS Pship,,,,,,,,Rem
1641-0352-iAS Pship,,,,,,,,Rem
1655-0415-iAS Pship,,,,,,,,Rem
1755-0415-iAS Pship,,,,,,,,Rem
1797-0415-iAS Pship,,,,,,,,Rem
1642-0488-iAS Pship,,,,,,,,Rem
1661-0547-iAS Pship,,,,,,,,Rem
1665-0547-iAS Pship,,,,,,,,Rem
1678-0547-iAS Pship,,,,,,,,Rem
1680-0547-iAS Pship,,,,,,,,Rem
1716-0547-iAS Pship,,,,,,,,Rem
1770-0547-iAS Pship,,,,,,,,Rem
1784-0565-iAS Pship,,,,,,,,Rem
1785-0547-iAS Pship,,,,,,,,Rem
1786-0547-iAS Pship,,,,,,,,Rem
1803-0565-iAS Pship,,,,,,,,Rem
1804-0547-iAS Pship,,,,,,,,Rem
1682-0460-iAS Pship,,,,,,,,Rem
1733-0525-iAS Pship,,,,,,,,Rem
1742-0470-iAS Pship,,,,,,,,Rem
1760-0470-iAS Pship,,,,,,,,Rem
1782-0470-iAS Pship,,,,,,,,Rem
1802-0470-iAS Pship,,,,,,,,Rem
1772-0286-iAS Pship,,,,,,,,Rem
1788-0999-iAS Pship,,,,,,,,Rem
1792-0579-iAS Pship,,,,,,,,Rem
1783-0493-iAS Pship,,,,,,,,Rem
1806-0421-iAS Pship,,,,,,,,Rem
1810-0130-iAS Pship,,,,,,,,Rem
1811-0130-iAS Pship,,,,,,,,Rem
1814-0488-iAS Pship,,,,,,,,Rem
1815-0359-iAS Pship,,,,,,,,Rem
1842-0380-iAS Pship,1842,,05/09/2016,225,,,,inv
1857-0999-iAS Pship,1857,,06/09/2016,120,,,,inv
1862-0474-iAS Pship,1862,,06/09/2016,2118.64,,,,inv
1863-0474-iAS Pship,1863,,06/09/2016,2118.64,,,,inv
1860-0999-iAS Pship,1860,,07/09/2016,118.64,,,,inv
1815-0359-iAS Pship,1815,,09/09/2016,300,,,,inv
1865-0474-iAS Pship,1865,,12/09/2016,2118.64,,,,inv
1849-0476-iAS Pship,,,,,1000205,14/09/2016,39750,CN
1848-0459-iAS Pship,1848,,16/09/2016,2550,,,,inv
1806-0421-iAS Pship,1806,,19/09/2016,50,,,,inv
1871-0474-iAS Pship,1871,,22/09/2016,2118.64,,,,inv
1832-0466-iAS Pship,1832,,20/09/2016,12870,,,,inv
1880-0999-iAS Pship,1880,,22/09/2016,50,,,,inv
1876-0544-iAS Pship,1876,,22/09/2016,3850,,,,inv
1879-0029-iAS Pship,1879,,22/09/2016,50,,,,inv
1878-0528-iAS Pship,1878,,23/09/2016,50,,,,inv
1742-0470-iAS Pship,1742,,26/09/2016,7500,,,,inv
1682-0460-iAS Pship,1682,,26/09/2016,9333.33,,,,inv
1883-0999-iAS Pship,1883,,29/09/2016,250,,,,inv
1810-0130-iAS Pship,1810,,29/09/2016,15086,,,,inv
1811-0130-iAS Pship,1811,,29/09/2016,10121,,,,inv
1314-0384-iAS Pship,1314,3,03/10/2016,2966.1,,,,PartP
1881-0999-iAS Pship,1881,,03/10/2016,50,,,,inv
0942-0332-Sai Ltd,,,,,,,,Rem
1159-0403-Sai Ltd,,,,,,,,Rem
1171-0374-Sai Ltd,,,,,,,,Rem
1237-0429-iAS Pship,,,,,,,,Rem
1286-0394-iAS Pship,,,,,,,,Rem
1540-1100-iAS Pship,,,,,,,,Rem
1314-0384-iAS Pship,,,,,,,,Rem
1355-0488-iAS Pship,,,,,,,,Rem
1624-0543-iAS Pship,,,,,,,,Rem
1384-0447-iAS Pship,,,,,,,,Rem
1821-0447-iAS Pship,,,,,,,,Rem
1822-0502-iAS Pship,,,,,,,,Rem
1823-0540-iAS Pship,,,,,,,,Rem
1824-0591-iAS Pship,,,,,,,,Rem
1414-0518-iAS Pship,,,,,,,,Rem
1483-0516-iAS Pship,,,,,,,,Rem
1521-0476-iAS Pship,,,,,,,,Rem
1619-0476-iAS Pship,,,,,,,,Rem
1620-0476-iAS Pship,,,,,,,,Rem
1698-0476-iAS Pship,,,,,,,,Rem
1714-0476-iAS Pship,,,,,,,,Rem
1850-0476-iAS Pship,,,,,,,,Rem
1851-0476-iAS Pship,,,,,,,,Rem
1852-0476-iAS Pship,,,,,,,,Rem
1853-0476-iAS Pship,,,,,,,,Rem
1854-0476-iAS Pship,,,,,,,,Rem
1565-0462-iAS Pship,,,,,,,,Rem
1576-0462-iAS Pship,,,,,,,,Rem
1597-0462-iAS Pship,,,,,,,,Rem
1577-0431-iAS Pship,,,,,,,,Rem
1598-0431-iAS Pship,,,,,,,,Rem
1614-0431-iAS Pship,,,,,,,,Rem
1630-0431-iAS Pship,,,,,,,,Rem
1648-0431-iAS Pship,,,,,,,,Rem
1660-0431-iAS Pship,,,,,,,,Rem
1671-0431-iAS Pship,,,,,,,,Rem
1684-0431-iAS Pship,,,,,,,,Rem
1687-0493-iAS Pship,,,,,,,,Rem
1697-0431-iAS Pship,,,,,,,,Rem
1713-0431-iAS Pship,,,,,,,,Rem
1753-0431-iAS Pship,,,,,,,,Rem
1590-0428-iAS Pship,,,,,,,,Rem
1641-0352-iAS Pship,,,,,,,,Rem
1642-0488-iAS Pship,,,,,,,,Rem
1655-0415-iAS Pship,,,,,,,,Rem
1755-0415-iAS Pship,,,,,,,,Rem
1797-0415-iAS Pship,,,,,,,,Rem
1661-0547-iAS Pship,,,,,,,,Rem
1665-0547-iAS Pship,,,,,,,,Rem
1678-0547-iAS Pship,,,,,,,,Rem
1680-0547-iAS Pship,,,,,,,,Rem
1716-0547-iAS Pship,,,,,,,,Rem
1770-0547-iAS Pship,,,,,,,,Rem
1784-0565-iAS Pship,,,,,,,,Rem
1785-0547-iAS Pship,,,,,,,,Rem
1786-0547-iAS Pship,,,,,,,,Rem
1803-0565-iAS Pship,,,,,,,,Rem
1804-0547-iAS Pship,,,,,,,,Rem
1835-0547-iAS Pship,,,,,,,,Rem
1836-0565-iAS Pship,,,,,,,,Rem
1837-0547-iAS Pship,,,,,,,,Rem
1838-0565-iAS Pship,,,,,,,,Rem
1839-0547-iAS Pship,,,,,,,,Rem
1845-0565-iAS Pship,,,,,,,,Rem
1855-0565-iAS Pship,,,,,,,,Rem
1856-0547-iAS Pship,,,,,,,,Rem
1733-0525-iAS Pship,,,,,,,,Rem
1760-0470-iAS Pship,,,,,,,,Rem
1782-0470-iAS Pship,,,,,,,,Rem
1802-0470-iAS Pship,,,,,,,,Rem
1772-0286-iAS Pship,,,,,,,,Rem
1783-0493-iAS Pship,,,,,,,,Rem
1788-0999-iAS Pship,,,,,,,,Rem
1792-0579-iAS Pship,,,,,,,,Rem
1814-0488-iAS Pship,,,,,,,,Rem
1833-0999-iAS Pship,,,,,,,,Rem
1846-0130-iAS Pship,,,,,,,,Rem
1847-0130-iAS Pship,,,,,,,,Rem
1859-0588-iAS Pship,,,,,,,,Rem
0237-4000-PSM Ltd,237,,02/08/2016,2677.99,,,,inv
0238-4000-PSM Ltd,238,,02/08/2016,1976.07,,,,inv
0239-4000-PSM Ltd,239,,05/09/2016,2677.99,,,,inv
0240-4000-PSM Ltd,240,,05/09/2016,1976.07,,,,inv
0241-4000-PSM Ltd,241,,04/10/2016,2677.99,,,,inv
0242-4000-PSM Ltd,242,,04/10/2016,1976.07,,,,inv
1846-0130-iAS Pship,1846,,10/10/2016,15086,,,,inv
1847-0130-iAS Pship,1847,,10/10/2016,10121,,,,inv
1859-0588-iAS Pship,1859,,10/10/2016,650,,,,inv
1770-0547-iAS Pship,1770,2,11/10/2016,6068.12,,,,PartP
1803-0565-iAS Pship,1803,1,11/10/2016,14000,,,,PartP
1838-0565-iAS Pship,1838,1,11/10/2016,14000,,,,PartP
1784-0565-iAS Pship,1784,1,11/10/2016,5297.4,,,,PartP
1661-0547-iAS Pship,1661,,11/10/2016,22.5,,,,inv
1665-0547-iAS Pship,1665,,11/10/2016,18,,,,inv
1678-0547-iAS Pship,1678,,11/10/2016,22.5,,,,inv
1680-0547-iAS Pship,1680,,11/10/2016,18,,,,inv
1716-0547-iAS Pship,1716,,11/10/2016,22.5,,,,inv
1785-0547-iAS Pship,1785,,11/10/2016,9000,,,,inv
1786-0547-iAS Pship,1786,,11/10/2016,50,,,,inv
1804-0547-iAS Pship,1804,,11/10/2016,9000,,,,inv
1835-0547-iAS Pship,1835,,11/10/2016,9000,,,,inv
1837-0547-iAS Pship,1837,,11/10/2016,9000,,,,inv
1839-0547-iAS Pship,1839,,11/10/2016,9000,,,,inv
1845-0565-iAS Pship,1845,,11/10/2016,50,,,,inv
1875-0565-iAS Pship,1875,,11/10/2016,192,,,,inv
1833-0999-iAS Pship,,,,,1000206,13/10/2016,75,CN
0570-0136-Sai Ltd,,,,,1000207,17/10/2016,6645.88,CN
0385-0214-Sai Ltd,,,,,,,,bd
0942-0332-Sai Ltd,,,,,,,,bd
1171-0374-Sai Ltd,,,,,,,,bd
1483-0516-iAS Pship,,,,,,,,bd
1868-0459-iAS Pship,1868,,19/10/2016,2550,,,,inv
1895-0544-iAS Pship,1895,,19/10/2016,3850,,,,inv
1760-0470-iAS Pship,1760,,24/10/2016,7500,,,,inv
1898-0999-iAS Pship,1898,,24/10/2016,50,,,,inv
1577-0431-iAS Pship,1577,,31/10/2016,11070,,,,inv
1598-0431-iAS Pship,1598,,31/10/2016,11070,,,,inv
1772-0286-iAS Pship,1772,1,31/10/2016,16949.15,,,,PartP
1882-0474-iAS Pship,1882,,31/10/2016,2500,,,,inv
1886-0474-iAS Pship,1886,,03/11/2016,2500,,,,inv
1864-0466-iAS Pship,1864,,01/11/2016,11775,,,,inv
1314-0384-iAS Pship,1314,4,01/11/2016,36.44,,,,PartP
1246-0498-Sai Ltd,1246,,30/09/2016,125000,,,,inv
1247-0498-Sai Ltd,1247,,15/10/2016,171000,,,,inv
1159-0403-Sai Ltd,,,,,,,,Rem
1237-0429-iAS Pship,,,,,,,,Rem
1286-0394-iAS Pship,,,,,,,,Rem
1540-1100-iAS Pship,,,,,,,,Rem
1355-0488-iAS Pship,,,,,,,,Rem
1624-0543-iAS Pship,,,,,,,,Rem
1384-0447-iAS Pship,,,,,,,,Rem
1821-0447-iAS Pship,,,,,,,,Rem
1822-0502-iAS Pship,,,,,,,,Rem
1823-0540-iAS Pship,,,,,,,,Rem
1824-0591-iAS Pship,,,,,,,,Rem
1414-0518-iAS Pship,,,,,,,,Rem
1521-0476-iAS Pship,,,,,,,,Rem
1619-0476-iAS Pship,,,,,,,,Rem
1620-0476-iAS Pship,,,,,,,,Rem
1698-0476-iAS Pship,,,,,,,,Rem
1714-0476-iAS Pship,,,,,,,,Rem
1850-0476-iAS Pship,,,,,,,,Rem
1851-0476-iAS Pship,,,,,,,,Rem
1852-0476-iAS Pship,,,,,,,,Rem
1853-0476-iAS Pship,,,,,,,,Rem
1854-0476-iAS Pship,,,,,,,,Rem
1861-0476-iAS Pship,,,,,,,,Rem
1869-0476-iAS Pship,,,,,,,,Rem
1870-0476-iAS Pship,,,,,,,,Rem
1872-0476-iAS Pship,,,,,,,,Rem
1565-0462-iAS Pship,,,,,,,,Rem
1576-0462-iAS Pship,,,,,,,,Rem
1597-0462-iAS Pship,,,,,,,,Rem
1590-0428-iAS Pship,,,,,,,,Rem
1614-0431-iAS Pship,,,,,,,,Rem
1630-0431-iAS Pship,,,,,,,,Rem
1648-0431-iAS Pship,,,,,,,,Rem
1660-0431-iAS Pship,,,,,,,,Rem
1671-0431-iAS Pship,,,,,,,,Rem
1684-0431-iAS Pship,,,,,,,,Rem
1687-0493-iAS Pship,,,,,,,,Rem
1697-0431-iAS Pship,,,,,,,,Rem
1713-0431-iAS Pship,,,,,,,,Rem
1753-0431-iAS Pship,,,,,,,,Rem
1641-0352-iAS Pship,,,,,,,,Rem
1642-0488-iAS Pship,,,,,,,,Rem
1655-0415-iAS Pship,,,,,,,,Rem
1755-0415-iAS Pship,,,,,,,,Rem
1797-0415-iAS Pship,,,,,,,,Rem
1733-0525-iAS Pship,,,,,,,,Rem
1782-0470-iAS Pship,,,,,,,,Rem
1802-0470-iAS Pship,,,,,,,,Rem
1783-0493-iAS Pship,,,,,,,,Rem
1784-0565-iAS Pship,,,,,,,,Rem
1836-0565-iAS Pship,,,,,,,,Rem
1855-0565-iAS Pship,,,,,,,,Rem
1856-0547-iAS Pship,,,,,,,,Rem
1873-0565-iAS Pship,,,,,,,,Rem
1874-0547-iAS Pship,,,,,,,,Rem
1893-0565-iAS Pship,,,,,,,,Rem
1894-0547-iAS Pship,,,,,,,,Rem
1788-0999-iAS Pship,,,,,,,,Rem
1792-0579-iAS Pship,,,,,,,,Rem
1814-0488-iAS Pship,,,,,,,,Rem
1866-0130-iAS Pship,,,,,,,,Rem
1867-0130-iAS Pship,,,,,,,,Rem
1877-0999-iAS Pship,,,,,,,,Rem
1642-0488-iAS Pship,1642,,02/11/2016,15900,,,,inv
0243-4000-PSM Ltd,243,,04/11/2016,2677.99,,,,inv
0244-4000-PSM Ltd,244,,04/11/2016,1976.07,,,,inv
1896-0474-iAS Pship,1896,,10/11/2016,2500,,,,inv
1866-0130-iAS Pship,1866,,10/11/2016,15086,,,,inv
1867-0130-iAS Pship,1867,,10/11/2016,10121,,,,inv
1885-0466-iAS Pship,1885,,14/11/2016,7635,,,,inv
1897-0999-iAS Pship,1897,,15/11/2016,600,,,,inv
1687-0493-iAS Pship,1687,2,15/11/2016,52346.95,,,,PartP
1887-0474-iAS Pship,1887,,17/11/2016,2500,,,,inv
1891-0459-iAS Pship,1891,,17/11/2016,2550,,,,inv
1899-0474-iAS Pship,1899,,21/11/2016,2500,,,,inv
0009-0415-PZA,,,,,1000208,21/11/2016,175,CN
1540-1100-iAS Pship,,,,,1000209,21/11/2016,1700,CN
1286-0394-iAS Pship,,,,,1000210,21/11/2016,2407.06,CN
1889-0130-iAS Pship,1889,,22/11/2016,15086,,,,inv
1890-0130-iAS Pship,1890,,22/11/2016,10121,,,,inv
1521-0476-iAS Pship,1521,,25/11/2016,758.82,,,,inv
1619-0476-iAS Pship,1619,,25/11/2016,682.56,,,,inv
1620-0476-iAS Pship,1620,,25/11/2016,1450.68,,,,inv
1698-0476-iAS Pship,1698,,25/11/2016,39750,,,,inv
1714-0476-iAS Pship,1714,,25/11/2016,39750,,,,inv
1850-0476-iAS Pship,1850,,25/11/2016,39750,,,,inv
1851-0476-iAS Pship,1851,,25/11/2016,39750,,,,inv
1852-0476-iAS Pship,1852,,25/11/2016,39750,,,,inv
1853-0476-iAS Pship,1853,1,25/11/2016,27751.14,,,,PartP
0006-0544-PZA,6,,28/11/2016,3850,,,,inv
0013-0528-PZA,13,,29/11/2016,3389.83,,,,inv
1159-0403-Sai Ltd,,,,,,,,Rem
1237-0429-iAS Pship,,,,,,,,Rem
1355-0488-iAS Pship,,,,,,,,Rem
1624-0543-iAS Pship,,,,,,,,Rem
1384-0447-iAS Pship,,,,,,,,Rem
1821-0447-iAS Pship,,,,,,,,Rem
1822-0502-iAS Pship,,,,,,,,Rem
1823-0540-iAS Pship,,,,,,,,Rem
1824-0591-iAS Pship,,,,,,,,Rem
1414-0518-iAS Pship,,,,,,,,Rem
1565-0462-iAS Pship,,,,,,,,Rem
1576-0462-iAS Pship,,,,,,,,Rem
1597-0462-iAS Pship,,,,,,,,Rem
1590-0428-iAS Pship,,,,,,,,Rem
1614-0431-iAS Pship,,,,,,,,Rem
1630-0431-iAS Pship,,,,,,,,Rem
1648-0431-iAS Pship,,,,,,,,Rem
1660-0431-iAS Pship,,,,,,,,Rem
1671-0431-iAS Pship,,,,,,,,Rem
1684-0431-iAS Pship,,,,,,,,Rem
1687-0493-iAS Pship,,,,,,,,Rem
1697-0431-iAS Pship,,,,,,,,Rem
1713-0431-iAS Pship,,,,,,,,Rem
1753-0431-iAS Pship,,,,,,,,Rem
1641-0352-iAS Pship,,,,,,,,Rem
1655-0415-iAS Pship,,,,,,,,Rem
1755-0415-iAS Pship,,,,,,,,Rem
1797-0415-iAS Pship,,,,,,,,Rem
1733-0525-iAS Pship,,,,,,,,Rem
1772-0286-iAS Pship,,,,,,,,Rem
1782-0470-iAS Pship,,,,,,,,Rem
1802-0470-iAS Pship,,,,,,,,Rem
1784-0565-iAS Pship,,,,,,,,Rem
1836-0565-iAS Pship,,,,,,,,Rem
1855-0565-iAS Pship,,,,,,,,Rem
1856-0547-iAS Pship,,,,,,,,Rem
1873-0565-iAS Pship,,,,,,,,Rem
1874-0547-iAS Pship,,,,,,,,Rem
1893-0565-iAS Pship,,,,,,,,Rem
1894-0547-iAS Pship,,,,,,,,Rem
1788-0999-iAS Pship,,,,,,,,Rem
1792-0579-iAS Pship,,,,,,,,Rem
1814-0488-iAS Pship,,,,,,,,Rem
1853-0476-iAS Pship,,,,,,,,Rem
1854-0476-iAS Pship,,,,,,,,Rem
1861-0476-iAS Pship,,,,,,,,Rem
1869-0476-iAS Pship,,,,,,,,Rem
1870-0476-iAS Pship,,,,,,,,Rem
1872-0476-iAS Pship,,,,,,,,Rem
1892-0476-iAS Pship,,,,,,,,Rem
1877-0999-iAS Pship,,,,,,,,Rem
1884-0298-iAS Pship,,,,,,,,Rem
1888-0578-iAS Pship,,,,,,,,Rem
1565-0462-iAS Pship,1565,,05/12/2016,2000,,,,inv
1576-0462-iAS Pship,1576,,05/12/2016,2000,,,,inv
1597-0462-iAS Pship,1597,,05/12/2016,2000,,,,inv
1783-0493-iAS Pship,,,,,1000211,07/12/2016,52346.95,CN
0245-4000-PSM Ltd,245,,02/12/2016,2677.99,,,,inv
0246-4000-PSM Ltd,246,,02/12/2016,1976.07,,,,inv
0021-0593-PZA,21,,14/12/2016,50,,,,inv
0014-0528-PZA,14,,15/12/2016,50,,,,inv
0015-0528-PZA,15,,15/12/2016,50,,,,inv
0023-0528-PZA,23,,15/12/2016,550,,,,inv
1782-0470-iAS Pship,1782,,15/12/2016,7500,,,,inv
1772-0286-iAS Pship,1772,2,19/12/2016,3050.85,,,,PartP
0003-0130-PZA,3,,20/12/2016,15086,,,,inv
0004-0130-PZA,4,,20/12/2016,10121,,,,inv
1788-0999-iAS Pship,1788,,20/12/2016,200,,,,inv
0010-0415-PZA,10,,21/12/2016,175,,,,inv
0012-0415-PZA,12,,21/12/2016,50,,,,inv
1655-0415-iAS Pship,1655,4,21/12/2016,59322,,,,PartP
0005-0459-PZA,5,,21/12/2016,2550,,,,inv
0028-0289-PZA,28,,22/12/2016,500,,,,inv
0020-0544-PZA,20,,03/01/2017,3850,,,,inv
0011-0587-PZA,11,,30/12/2016,96963.12,,,,inv
0001-0466-PZA,1,,03/01/2017,16425,,,,inv
0247-4000-PSM Ltd,247,,04/01/2017,2677.99,,,,inv
0248-4000-PSM Ltd,248,,04/01/2017,1976.07,,,,inv
1159-0403-Sai Ltd,,,,,,,,Rem
1237-0429-iAS Pship,,,,,,,,Rem
1355-0488-iAS Pship,,,,,,,,Rem
1624-0543-iAS Pship,,,,,,,,Rem
1384-0447-iAS Pship,,,,,,,,Rem
1821-0447-iAS Pship,,,,,,,,Rem
1822-0502-iAS Pship,,,,,,,,Rem
1823-0540-iAS Pship,,,,,,,,Rem
1824-0591-iAS Pship,,,,,,,,Rem
1414-0518-iAS Pship,,,,,,,,Rem
1590-0428-iAS Pship,,,,,,,,Rem
1614-0431-iAS Pship,,,,,,,,Rem
1630-0431-iAS Pship,,,,,,,,Rem
1648-0431-iAS Pship,,,,,,,,Rem
1660-0431-iAS Pship,,,,,,,,Rem
1671-0431-iAS Pship,,,,,,,,Rem
1684-0431-iAS Pship,,,,,,,,Rem
1687-0493-iAS Pship,,,,,,,,Rem
1697-0431-iAS Pship,,,,,,,,Rem
1713-0431-iAS Pship,,,,,,,,Rem
1753-0431-iAS Pship,,,,,,,,Rem
1641-0352-iAS Pship,,,,,,,,Rem
1655-0415-iAS Pship,,,,,,,,Rem
1755-0415-iAS Pship,,,,,,,,Rem
1797-0415-iAS Pship,,,,,,,,Rem
1733-0525-iAS Pship,,,,,,,,Rem
1784-0565-iAS Pship,,,,,,,,Rem
1836-0565-iAS Pship,,,,,,,,Rem
1855-0565-iAS Pship,,,,,,,,Rem
1856-0547-iAS Pship,,,,,,,,Rem
1873-0565-iAS Pship,,,,,,,,Rem
1874-0547-iAS Pship,,,,,,,,Rem
1893-0565-iAS Pship,,,,,,,,Rem
1894-0547-iAS Pship,,,,,,,,Rem
1792-0579-iAS Pship,,,,,,,,Rem
1802-0470-iAS Pship,,,,,,,,Rem
1814-0488-iAS Pship,,,,,,,,Rem
1853-0476-iAS Pship,,,,,,,,Rem
1854-0476-iAS Pship,,,,,,,,Rem
1861-0476-iAS Pship,,,,,,,,Rem
1869-0476-iAS Pship,,,,,,,,Rem
1870-0476-iAS Pship,,,,,,,,Rem
1872-0476-iAS Pship,,,,,,,,Rem
1892-0476-iAS Pship,,,,,,,,Rem
1877-0999-iAS Pship,,,,,,,,Rem
1884-0298-iAS Pship,,,,,,,,Rem
1888-0578-iAS Pship,,,,,,,,Rem
0002-0565-PZA,,,,,,,,Rem
0007-0565-PZA,,,,,,,,Rem
0008-0547-PZA,,,,,,,,Rem
0016-0466-PZA,16,,13/01/2017,9810,,,,inv
0019-0459-PZA,19,,18/01/2017,2550,,,,inv
0024-0132-PZA,24,,18/01/2017,6730.9,1000212,18/01/2017,1846.2,inv/CN
0030-0465-PZA,,,,,1000213,23/01/2017,15000,CN
0044-0544-PZA,44,,19/01/2017,3850,,,,inv
0031-0567-PZA,31,,13/01/2017,4500,,,,inv
0049-0034-PZA,49,,02/02/2017,50,,,,inv
0048-0459-PZA,48,,03/02/2017,2550,,,,inv
0042-0528-PZA,42,,03/02/2017,70,,,,inv
0035-0583-PZA,35,,03/02/2017,1500,,,,inv
0050-0528-PZA,50,,03/02/2017,50,,,,inv
0052-0999-PZA,52,,09/02/2017,50,,,,inv
0017-0130-PZA,17,,13/02/2017,15086,,,,inv
0018-0130-PZA,18,,13/02/2017,10121,,,,inv
1802-0470-iAS Pship,1802,,20/01/2017,7500,,,,inv
1884-0298-iAS Pship,1884,,24/01/2017,1694.92,,,,inv
1877-0999-iAS Pship,1877,,24/01/2017,675,,,,inv
0249-4000-PSM Ltd,249,,01/02/2017,2677.99,,,,inv
0250-4000-PSM Ltd,250,,01/02/2017,1976.07,,,,inv
1249-0298-Sai Ltd,1249,,30/12/2016,110000,,,,inv
1250-0298-Sai Ltd,1250,,31/01/2017,211170.88,,,,inv
1248-0130-Sai Ltd,1248,,13/02/2017,813.6,,,,inv
0054-0544-PZA,54,,27/02/2017,3850,,,,inv
0058-0999-PZA,58,,01/03/2017,150,,,,inv
1159-0403-Sai Ltd,,,,,,,,Rem
1237-0429-iAS Pship,,,,,,,,Rem
1355-0488-iAS Pship,,,,,,,,Rem
1624-0543-iAS Pship,,,,,,,,Rem
1384-0447-iAS Pship,,,,,,,,Rem
1821-0447-iAS Pship,,,,,,,,Rem
1822-0502-iAS Pship,,,,,,,,Rem
1823-0540-iAS Pship,,,,,,,,Rem
1824-0591-iAS Pship,,,,,,,,Rem
1414-0518-iAS Pship,,,,,,,,Rem
1590-0428-iAS Pship,,,,,,,,Rem
1614-0431-iAS Pship,,,,,,,,Rem
1630-0431-iAS Pship,,,,,,,,Rem
1648-0431-iAS Pship,,,,,,,,Rem
1660-0431-iAS Pship,,,,,,,,Rem
1671-0431-iAS Pship,,,,,,,,Rem
1684-0431-iAS Pship,,,,,,,,Rem
1687-0493-iAS Pship,,,,,,,,Rem
1697-0431-iAS Pship,,,,,,,,Rem
1713-0431-iAS Pship,,,,,,,,Rem
1753-0431-iAS Pship,,,,,,,,Rem
1900-0493-iAS Pship,,,,,,,,Rem
1655-0415-iAS Pship,,,,,,,,Rem
1755-0415-iAS Pship,,,,,,,,Rem
1797-0415-iAS Pship,,,,,,,,Rem
1641-0352-iAS Pship,,,,,,,,Rem
1733-0525-iAS Pship,,,,,,,,Rem
1784-0565-iAS Pship,,,,,,,,Rem
1836-0565-iAS Pship,,,,,,,,Rem
1855-0565-iAS Pship,,,,,,,,Rem
1856-0547-iAS Pship,,,,,,,,Rem
1873-0565-iAS Pship,,,,,,,,Rem
1874-0547-iAS Pship,,,,,,,,Rem
1893-0565-iAS Pship,,,,,,,,Rem
1894-0547-iAS Pship,,,,,,,,Rem
1792-0579-iAS Pship,,,,,,,,Rem
1814-0488-iAS Pship,,,,,,,,Rem
1853-0476-iAS Pship,,,,,,,,Rem
1854-0476-iAS Pship,,,,,,,,Rem
1861-0476-iAS Pship,,,,,,,,Rem
1869-0476-iAS Pship,,,,,,,,Rem
1870-0476-iAS Pship,,,,,,,,Rem
1872-0476-iAS Pship,,,,,,,,Rem
1892-0476-iAS Pship,,,,,,,,Rem
1888-0578-iAS Pship,,,,,,,,Rem
0002-0565-PZA,,,,,,,,Rem
0007-0565-PZA,,,,,,,,Rem
0008-0547-PZA,,,,,,,,Rem
0039-0547-PZA,,,,,,,,Rem
0022-0595-PZA,,,,,,,,Rem
0029-0415-PZA,,,,,,,,Rem
0033-0575-PZA,,,,,,,,Rem
0034-0579-PZA,,,,,,,,Rem
0036-0469-PZA,,,,,,,,Rem
0037-0523-PZA,,,,,,,,Rem
0038-0592-PZA,,,,,,,,Rem
0040-0466-PZA,,,,,,,,Rem
0043-0132-PZA,,,,,,,,Rem
0045-0465-PZA,,,,,,,,Rem
0046-0130-PZA,,,,,,,,Rem
0047-0130-PZA,,,,,,,,Rem
0040-0466-PZA,40,,02/03/2017,9930,,,,inv
0045-0465-PZA,45,,02/03/2017,15000,,,,inv
0043-0132-PZA,43,,07/03/2017,1846.18,,,,inv
0025-0601-PZA,,,,,1000214,08/03/2017,17250,CN
0026-0601-PZA,,,,,1000215,08/03/2017,17250,CN
0027-0601-PZA,,,,,1000216,08/03/2017,17250,CN
0041-0601-PZA,,,,,1000217,08/03/2017,17250,CN
0053-0601-PZA,,,,,1000218,08/03/2017,17250,CN
0059-0601-PZA,,,,,1000219,08/03/2017,86250,CN
0038-0592-PZA,38,,14/03/2017,500,,,,inv
0051-0466-PZA,51,,14/03/2017,360,,,,inv
0046-0130-PZA,46,,21/03/2017,15086,,,,inv
0047-0130-PZA,47,,21/03/2017,10121,,,,inv
0060-0999-PZA,60,,24/03/2017,140,,,,inv
0061-0601-PZA,61,,27/03/2017,86250,,,,inv
0057-0459-PZA,57,,28/03/2017,2550,,,,inv
0055-0130-PZA,55,,30/03/2017,15086,,,,inv
0056-0130-PZA,56,,30/03/2017,10121,,,,inv
1655-0415-iAS Pship,1655,5,04/04/2017,28813.74,,,,PartP
1755-0415-iAS Pship,1755,,04/04/2017,150000,,,,inv
1797-0415-iAS Pship,1797,1,04/04/2017,33050.67,,,,PartP
0251-4000-PSM Ltd,251,,17/03/2017,2677.99,,,,inv
0252-4000-PSM Ltd,252,,17/03/2017,1976.07,,,,inv
0032-0568-PZA,,,,,1000220,06/04/2017,15000,CN
0253-4000-PSM Ltd,253,,11/04/2017,2677.99,,,,inv
0254-4000-PSM Ltd,254,,11/04/2017,1976.07,,,,inv
1784-0565-iAS Pship,1784,2,07/04/2017,46202.6,,,,PartP
1836-0565-iAS Pship,1836,1,07/04/2017,38543.16,,,,PartP
1159-0403-Sai Ltd,,,,,,,,Rem
1237-0429-iAS Pship,,,,,,,,Rem
1384-0447-iAS Pship,,,,,,,,Rem
1821-0447-iAS Pship,,,,,,,,Rem
1822-0502-iAS Pship,,,,,,,,Rem
1823-0540-iAS Pship,,,,,,,,Rem
1824-0591-iAS Pship,,,,,,,,Rem
1414-0518-iAS Pship,,,,,,,,Rem
1590-0428-iAS Pship,,,,,,,,Rem
1614-0431-iAS Pship,,,,,,,,Rem
1630-0431-iAS Pship,,,,,,,,Rem
1648-0431-iAS Pship,,,,,,,,Rem
1660-0431-iAS Pship,,,,,,,,Rem
1671-0431-iAS Pship,,,,,,,,Rem
1684-0431-iAS Pship,,,,,,,,Rem
1687-0493-iAS Pship,,,,,,,,Rem
1697-0431-iAS Pship,,,,,,,,Rem
1713-0431-iAS Pship,,,,,,,,Rem
1753-0431-iAS Pship,,,,,,,,Rem
1900-0493-iAS Pship,,,,,,,,Rem
1624-0543-iAS Pship,,,,,,,,Rem
1355-0488-iAS Pship,,,,,,,,Rem
1641-0352-iAS Pship,,,,,,,,Rem
1733-0525-iAS Pship,,,,,,,,Rem
1792-0579-iAS Pship,,,,,,,,Rem
1797-0415-iAS Pship,,,,,,,,Rem
1814-0488-iAS Pship,,,,,,,,Rem
1836-0565-iAS Pship,,,,,,,,Rem
1855-0565-iAS Pship,,,,,,,,Rem
1856-0547-iAS Pship,,,,,,,,Rem
1873-0565-iAS Pship,,,,,,,,Rem
1874-0547-iAS Pship,,,,,,,,Rem
1893-0565-iAS Pship,,,,,,,,Rem
1894-0547-iAS Pship,,,,,,,,Rem
1853-0476-iAS Pship,,,,,,,,Rem
1854-0476-iAS Pship,,,,,,,,Rem
1861-0476-iAS Pship,,,,,,,,Rem
1869-0476-iAS Pship,,,,,,,,Rem
1870-0476-iAS Pship,,,,,,,,Rem
1872-0476-iAS Pship,,,,,,,,Rem
1892-0476-iAS Pship,,,,,,,,Rem
1888-0578-iAS Pship,,,,,,,,Rem
0008-0547-PZA,,,,,,,,Rem
0002-0565-PZA,,,,,,,,Rem
0007-0565-PZA,,,,,,,,Rem
0039-0547-PZA,,,,,,,,Rem
0022-0595-PZA,,,,,,,,Rem
0029-0415-PZA,,,,,,,,Rem
0034-0579-PZA,,,,,,,,Rem
0036-0469-PZA,,,,,,,,Rem
0037-0523-PZA,,,,,,,,Rem
0036-0469-PZA,36,,10/04/2017,1000,,,,inv
0062-0601-PZA,62,,13/04/2017,17250,,,,inv
0077-0465-PZA,,,,,1000221,17/04/2017,100,CN
0078-0465-PZA,78,,18/04/2017,100,,,,inv
1888-0578-iAS Pship,1888,,20/04/2017,2125,,,,inv
0076-0528-PZA,76,,25/04/2017,50,,,,inv
0079-0528-PZA,79,,25/04/2017,50,,,,inv
0080-0583-PZA,80,,25/04/2017,50,,,,inv
1237-0429-iAS Pship,,,,,,,,Rem
1355-0488-iAS Pship,,,,,,,,Rem
1624-0543-iAS Pship,,,,,,,,Rem
1384-0447-iAS Pship,,,,,,,,Rem
1821-0447-iAS Pship,,,,,,,,Rem
1822-0502-iAS Pship,,,,,,,,Rem
1823-0540-iAS Pship,,,,,,,,Rem
1824-0591-iAS Pship,,,,,,,,Rem
1414-0518-iAS Pship,,,,,,,,Rem
1590-0428-iAS Pship,,,,,,,,Rem
1614-0431-iAS Pship,,,,,,,,Rem
1630-0431-iAS Pship,,,,,,,,Rem
1648-0431-iAS Pship,,,,,,,,Rem
1660-0431-iAS Pship,,,,,,,,Rem
1671-0431-iAS Pship,,,,,,,,Rem
1684-0431-iAS Pship,,,,,,,,Rem
1687-0493-iAS Pship,,,,,,,,Rem
1697-0431-iAS Pship,,,,,,,,Rem
1713-0431-iAS Pship,,,,,,,,Rem
1753-0431-iAS Pship,,,,,,,,Rem
1900-0493-iAS Pship,,,,,,,,Rem
1641-0352-iAS Pship,,,,,,,,Rem
1733-0525-iAS Pship,,,,,,,,Rem
1792-0579-iAS Pship,,,,,,,,Rem
1797-0415-iAS Pship,,,,,,,,Rem
1814-0488-iAS Pship,,,,,,,,Rem
1836-0565-iAS Pship,,,,,,,,Rem
1855-0565-iAS Pship,,,,,,,,Rem
1856-0547-iAS Pship,,,,,,,,Rem
1873-0565-iAS Pship,,,,,,,,Rem
1874-0547-iAS Pship,,,,,,,,Rem
1893-0565-iAS Pship,,,,,,,,Rem
1894-0547-iAS Pship,,,,,,,,Rem
1853-0476-iAS Pship,,,,,,,,Rem
1854-0476-iAS Pship,,,,,,,,Rem
1861-0476-iAS Pship,,,,,,,,Rem
1869-0476-iAS Pship,,,,,,,,Rem
1870-0476-iAS Pship,,,,,,,,Rem
1872-0476-iAS Pship,,,,,,,,Rem
1892-0476-iAS Pship,,,,,,,,Rem
0002-0565-PZA,,,,,,,,Rem
0007-0565-PZA,,,,,,,,Rem
0008-0547-PZA,,,,,,,,Rem
0039-0547-PZA,,,,,,,,Rem
0022-0595-PZA,,,,,,,,Rem
0029-0415-PZA,,,,,,,,Rem
0033-0575-PZA,,,,,,,,Rem
0034-0579-PZA,,,,,,,,Rem
0037-0523-PZA,,,,,,,,Rem
0069-0999-PZA,69,,03/05/2017,50,,,,inv
1251-1000-Sai Ltd,1251,,31/03/2017,100896.28,,,,inv
0075-0459-PZA,,,,,1000222,04/05/2017,1275,CN
1252-0498-Sai Ltd,1252,,31/03/2017,42372.88,,,,inv
0001-0498-iAS Ltd,1,,30/04/2017,75000,,,,inv
0002-0498-iAS Ltd,2,,04/05/2017,123000,,,,inv
0066-0459-PZA,66,,08/05/2017,2550,,,,inv
0067-0466-PZA,67,,11/05/2017,120,,,,inv
0068-0568-PZA,68,,12/05/2017,15050,,,,inv
0084-0589-PZA,84,,17/05/2017,1250,,,,inv
0063-0544-PZA,63,,18/05/2017,3850,,,,inv
0072-0544-PZA,72,,18/05/2017,3850,,,,inv
1814-0488-iAS Pship,,,,,1000223,18/05/2017,4500,CN
0085-0593-PZA,85,,22/05/2017,750,,,,inv
0086-0565-PZA,,,,,1000224,23/05/2017,80000,CN
0095-0171-PZA,95,,25/05/2017,80,,,,inv
0087-0601-PZA,87,,26/05/2017,17250,,,,inv
0029-0415-PZA,29,1,31/05/2017,84745.76,,,,PartP
1159-0403-Sai Ltd,,,,,,,,Rem
1237-0429-iAS Pship,,,,,,,,Rem
1355-0488-iAS Pship,,,,,,,,Rem
1624-0543-iAS Pship,,,,,,,,Rem
1384-0447-iAS Pship,,,,,,,,Rem
1821-0447-iAS Pship,,,,,,,,Rem
1822-0502-iAS Pship,,,,,,,,Rem
1823-0540-iAS Pship,,,,,,,,Rem
1824-0591-iAS Pship,,,,,,,,Rem
1414-0518-iAS Pship,,,,,,,,Rem
1590-0428-iAS Pship,,,,,,,,Rem
1614-0431-iAS Pship,,,,,,,,Rem
1630-0431-iAS Pship,,,,,,,,Rem
1648-0431-iAS Pship,,,,,,,,Rem
1660-0431-iAS Pship,,,,,,,,Rem
1671-0431-iAS Pship,,,,,,,,Rem
1684-0431-iAS Pship,,,,,,,,Rem
1687-0493-iAS Pship,,,,,,,,Rem
1697-0431-iAS Pship,,,,,,,,Rem
1713-0431-iAS Pship,,,,,,,,Rem
1753-0431-iAS Pship,,,,,,,,Rem
1900-0493-iAS Pship,,,,,,,,Rem
1641-0352-iAS Pship,,,,,,,,Rem
1733-0525-iAS Pship,,,,,,,,Rem
1792-0579-iAS Pship,,,,,,,,Rem
1814-0488-iAS Pship,,,,,,,,Rem
1836-0565-iAS Pship,,,,,,,,Rem
1855-0565-iAS Pship,,,,,,,,Rem
1856-0547-iAS Pship,,,,,,,,Rem
1873-0565-iAS Pship,,,,,,,,Rem
1893-0565-iAS Pship,,,,,,,,Rem
1894-0547-iAS Pship,,,,,,,,Rem
1853-0476-iAS Pship,,,,,,,,Rem
1854-0476-iAS Pship,,,,,,,,Rem
1861-0476-iAS Pship,,,,,,,,Rem
1869-0476-iAS Pship,,,,,,,,Rem
1870-0476-iAS Pship,,,,,,,,Rem
1872-0476-iAS Pship,,,,,,,,Rem
1892-0476-iAS Pship,,,,,,,,Rem
0002-0565-PZA,,,,,,,,Rem
0007-0565-PZA,,,,,,,,Rem
0008-0547-PZA,,,,,,,,Rem
0039-0547-PZA,,,,,,,,Rem
0022-0595-PZA,,,,,,,,Rem
0029-0415-PZA,,,,,,,,Rem
0033-0575-PZA,,,,,,,,Rem
0034-0579-PZA,,,,,,,,Rem
0083-0495-PZA,,,,,,,,Rem
0037-0523-PZA,,,,,,,,Rem
0064-0130-PZA,,,,,,,,Rem
0073-0130-PZA,,,,,,,,Rem
0065-0130-PZA,,,,,,,,Rem
0074-0130-PZA,,,,,,,,Rem
0070-0132-PZA,,,,,,,,Rem
0075-0459-PZA,75,1,02/06/2017,1275,,,,PartP
0255-4000-PSM Ltd,255,,05/05/2017,2677.09,,,,inv
0256-4000-PSM Ltd,256,,05/05/2017,1976.07,,,,inv
0257-4000-PSM Ltd,257,,06/06/2017,2677.09,,,,inv
0258-4000-PSM Ltd,258,,06/06/2017,1976.07,,,,inv
0022-0595-PZA,22,,06/06/2017,50,,,,inv
0096-0415-PZA,96,,14/06/2017,60,,,,inv
0064-0130-PZA,64,,15/06/2017,15086,,,,inv
0073-0130-PZA,73,,15/06/2017,15086,,,,inv
0089-0130-PZA,89,,15/06/2017,15086,,,,inv
0103-0130-PZA,103,,15/06/2017,15086,,,,inv
0065-0130-PZA,65,,15/06/2017,10121,,,,inv
0074-0130-PZA,74,,15/06/2017,10121,,,,inv
0090-0130-PZA,90,,15/06/2017,10121,,,,inv
0104-0130-PZA,104,,15/06/2017,10121,,,,inv
0097-0602-PZA,,,,,1000225,15/06/2017,13600,CN
0070-0132-PZA,70,,20/06/2017,2925,,,,inv
0081-0218-PZA,,,,,1000226,23/06/2017,2000,CN
0100-0458-PZA,100,,26/06/2017,750,,,,inv
1901-0602-iAS Pship,1901,,27/06/2017,13600,,,,inv
1159-0403-Sai Ltd,,,,,,,,Rem
1237-0429-iAS Pship,,,,,,,,Rem
1384-0447-iAS Pship,,,,,,,,Rem
1821-0447-iAS Pship,,,,,,,,Rem
1822-0502-iAS Pship,,,,,,,,Rem
1823-0540-iAS Pship,,,,,,,,Rem
1824-0591-iAS Pship,,,,,,,,Rem
1414-0518-iAS Pship,,,,,,,,Rem
1590-0428-iAS Pship,,,,,,,,Rem
1614-0431-iAS Pship,,,,,,,,Rem
1630-0431-iAS Pship,,,,,,,,Rem
1648-0431-iAS Pship,,,,,,,,Rem
1660-0431-iAS Pship,,,,,,,,Rem
1671-0431-iAS Pship,,,,,,,,Rem
1684-0431-iAS Pship,,,,,,,,Rem
1687-0493-iAS Pship,,,,,,,,Rem
1697-0431-iAS Pship,,,,,,,,Rem
1713-0431-iAS Pship,,,,,,,,Rem
1753-0431-iAS Pship,,,,,,,,Rem
1900-0493-iAS Pship,,,,,,,,Rem
1733-0525-iAS Pship,,,,,,,,Rem
1792-0579-iAS Pship,,,,,,,,Rem
1797-0415-iAS Pship,,,,,,,,Rem
1814-0488-iAS Pship,,,,,,,,Rem
1836-0565-iAS Pship,,,,,,,,Rem
1855-0565-iAS Pship,,,,,,,,Rem
1856-0547-iAS Pship,,,,,,,,Rem
1873-0565-iAS Pship,,,,,,,,Rem
1874-0547-iAS Pship,,,,,,,,Rem
1893-0565-iAS Pship,,,,,,,,Rem
1894-0547-iAS Pship,,,,,,,,Rem
1853-0476-iAS Pship,,,,,,,,Rem
1854-0476-iAS Pship,,,,,,,,Rem
1861-0476-iAS Pship,,,,,,,,Rem
1869-0476-iAS Pship,,,,,,,,Rem
1870-0476-iAS Pship,,,,,,,,Rem
1872-0476-iAS Pship,,,,,,,,Rem
1892-0476-iAS Pship,,,,,,,,Rem
1641-0352-iAS Pship,,,,,,,,Rem
0002-0565-PZA,,,,,,,,Rem
0007-0565-PZA,,,,,,,,Rem
0008-0547-PZA,,,,,,,,Rem
0039-0547-PZA,,,,,,,,Rem
0029-0415-PZA,,,,,,,,Rem
0034-0579-PZA,,,,,,,,Rem
0083-0495-PZA,,,,,,,,Rem
0037-0523-PZA,,,,,,,,Rem
0082-0465-PZA,,,,,,,,Rem
0091-0999-PZA,,,,,,,,Rem
0088-0544-PZA,,,,,,,,Rem
0094-0544-PZA,,,,,,,,Rem
0092-0587-PZA,,,,,,,,Rem
0093-0999-PZA,,,,,,,,Rem
0259-4000-PSM Ltd,259,,05/07/2017,2677.99,,,,inv
0260-4000-PSM Ltd,260,,05/07/2017,1976.07,,,,inv
0092-0587-PZA,92,,11/07/2017,11565.89,,,,inv
0029-0415-PZA,29,2,11/07/2017,84745.76,,,,PartP
0082-0465-PZA,,,,,1000227,12/07/2017,21000,CN
1159-0403-Sai Ltd,,,,,,,,Rem
1237-0429-iAS Pship,,,,,,,,Rem
1355-0488-iAS Pship,,,,,,,,Rem
1624-0543-iAS Pship,,,,,,,,Rem
1384-0447-iAS Pship,,,,,,,,Rem
1821-0447-iAS Pship,,,,,,,,Rem
1822-0502-iAS Pship,,,,,,,,Rem
1823-0540-iAS Pship,,,,,,,,Rem
1824-0591-iAS Pship,,,,,,,,Rem
1414-0518-iAS Pship,,,,,,,,Rem
1590-0428-iAS Pship,,,,,,,,Rem
1614-0431-iAS Pship,,,,,,,,Rem
1630-0431-iAS Pship,,,,,,,,Rem
1648-0431-iAS Pship,,,,,,,,Rem
1660-0431-iAS Pship,,,,,,,,Rem
1671-0431-iAS Pship,,,,,,,,Rem
1684-0431-iAS Pship,,,,,,,,Rem
1687-0493-iAS Pship,,,,,,,,Rem
1697-0431-iAS Pship,,,,,,,,Rem
1713-0431-iAS Pship,,,,,,,,Rem
1753-0431-iAS Pship,,,,,,,,Rem
1900-0493-iAS Pship,,,,,,,,Rem
1641-0352-iAS Pship,,,,,,,,Rem
1733-0525-iAS Pship,,,,,,,,Rem
1792-0579-iAS Pship,,,,,,,,Rem
1797-0415-iAS Pship,,,,,,,,Rem
1814-0488-iAS Pship,,,,,,,,Rem
1836-0565-iAS Pship,,,,,,,,Rem
1855-0565-iAS Pship,,,,,,,,Rem
1856-0547-iAS Pship,,,,,,,,Rem
1873-0565-iAS Pship,,,,,,,,Rem
1874-0547-iAS Pship,,,,,,,,Rem
1893-0565-iAS Pship,,,,,,,,Rem
1894-0547-iAS Pship,,,,,,,,Rem
1853-0476-iAS Pship,,,,,,,,Rem
1854-0476-iAS Pship,,,,,,,,Rem
1861-0476-iAS Pship,,,,,,,,Rem
1869-0476-iAS Pship,,,,,,,,Rem
1870-0476-iAS Pship,,,,,,,,Rem
1872-0476-iAS Pship,,,,,,,,Rem
1892-0476-iAS Pship,,,,,,,,Rem
0002-0565-PZA,,,,,,,,Rem
0007-0565-PZA,,,,,,,,Rem
0008-0547-PZA,,,,,,,,Rem
0039-0547-PZA,,,,,,,,Rem
0029-0415-PZA,,,,,,,,Rem
0033-0575-PZA,,,,,,,,Rem
0034-0579-PZA,,,,,,,,Rem
0083-0495-PZA,,,,,,,,Rem
0037-0523-PZA,,,,,,,,Rem
0088-0544-PZA,,,,,,,,Rem
0094-0544-PZA,,,,,,,,Rem
0102-0544-PZA,,,,,,,,Rem
0091-0999-PZA,,,,,,,,Rem
0093-0999-PZA,,,,,,,,Rem
0098-0500-PZA,,,,,,,,Rem
0099-0427-PZA,,,,,,,,Rem
0099-0427-PZA,99,,03/08/2017,800,,,,inv
0105-0597-PZA,105,,04/08/2017,1500,,,,inv
0106-0597-PZA,106,,04/08/2017,1500,,,,inv
0107-0597-PZA,107,,04/08/2017,1500,,,,inv
0108-0597-PZA,108,,04/08/2017,1500,,,,inv
0109-0597-PZA,109,,04/08/2017,1500,,,,inv
0110-0597-PZA,110,,04/08/2017,1500,,,,inv
0111-0597-PZA,111,,04/08/2017,1500,,,,inv
0112-0597-PZA,112,,04/08/2017,1500,,,,inv
0113-0597-PZA,113,,04/08/2017,1500,,,,inv
1253-0498-Sai Ltd,1253,,30/06/2017,44915.25,,,,inv
0114-0601-PZA,114,,10/08/2017,17250,,,,inv
0117-0597-PZA,117,,10/08/2017,2550,,,,inv
0121-0597-PZA,121,,29/08/2017,60,,,,inv
0125-0597-PZA,125,,29/08/2017,2550,,,,inv
0115-0130-PZA,115,,31/08/2017,15086,,,,inv
0116-0130-PZA,116,,31/08/2017,10121,,,,inv
0003-0130-iAS Ltd,3,,01/09/2017,813.6,,,,inv
0029-0415-PZA,29,3,01/09/2017,42372.88,,,,PartP
1159-0403-Sai Ltd,,,,,,,,Rem
1237-0429-iAS Pship,,,,,,,,Rem
1355-0488-iAS Pship,,,,,,,,Rem
1624-0543-iAS Pship,,,,,,,,Rem
1384-0447-iAS Pship,,,,,,,,Rem
1821-0447-iAS Pship,,,,,,,,Rem
1822-0502-iAS Pship,,,,,,,,Rem
1823-0540-iAS Pship,,,,,,,,Rem
1824-0591-iAS Pship,,,,,,,,Rem
1414-0518-iAS Pship,,,,,,,,Rem
1590-0428-iAS Pship,,,,,,,,Rem
1614-0431-iAS Pship,,,,,,,,Rem
1630-0431-iAS Pship,,,,,,,,Rem
1648-0431-iAS Pship,,,,,,,,Rem
1660-0431-iAS Pship,,,,,,,,Rem
1671-0431-iAS Pship,,,,,,,,Rem
1684-0431-iAS Pship,,,,,,,,Rem
1687-0493-iAS Pship,,,,,,,,Rem
1697-0431-iAS Pship,,,,,,,,Rem
1713-0431-iAS Pship,,,,,,,,Rem
1753-0431-iAS Pship,,,,,,,,Rem
1900-0493-iAS Pship,,,,,,,,Rem
1641-0352-iAS Pship,,,,,,,,Rem
1733-0525-iAS Pship,,,,,,,,Rem
1792-0579-iAS Pship,,,,,,,,Rem
1814-0488-iAS Pship,,,,,,,,Rem
1836-0565-iAS Pship,,,,,,,,Rem
1855-0565-iAS Pship,,,,,,,,Rem
1856-0547-iAS Pship,,,,,,,,Rem
1873-0565-iAS Pship,,,,,,,,Rem
1874-0547-iAS Pship,,,,,,,,Rem
1893-0565-iAS Pship,,,,,,,,Rem
1894-0547-iAS Pship,,,,,,,,Rem
1853-0476-iAS Pship,,,,,,,,Rem
1854-0476-iAS Pship,,,,,,,,Rem
1861-0476-iAS Pship,,,,,,,,Rem
1869-0476-iAS Pship,,,,,,,,Rem
1870-0476-iAS Pship,,,,,,,,Rem
1872-0476-iAS Pship,,,,,,,,Rem
1892-0476-iAS Pship,,,,,,,,Rem
0002-0565-PZA,,,,,,,,Rem
0007-0565-PZA,,,,,,,,Rem
0008-0547-PZA,,,,,,,,Rem
0039-0547-PZA,,,,,,,,Rem
0033-0575-PZA,,,,,,,,Rem
0034-0579-PZA,,,,,,,,Rem
0083-0495-PZA,,,,,,,,Rem
0037-0523-PZA,,,,,,,,Rem
0088-0544-PZA,,,,,,,,Rem
0094-0544-PZA,,,,,,,,Rem
0102-0544-PZA,,,,,,,,Rem
0091-0999-PZA,,,,,,,,Rem
0119-0465-PZA,,,,,,,,Rem
0093-0999-PZA,,,,,,,,Rem
0098-0500-PZA,,,,,,,,Rem
0123-0130-PZA,,,,,,,,Rem
0124-0130-PZA,,,,,,,,Rem
0118-0476-PZA,,,,,,,,Rem
0139-0386-PZA,139,,19/09/2017,140,,,,inv
0138-0999-PZA,138,,26/09/2017,40,,,,inv
0140-0999-PZA,140,,27/09/2017,160,,,,inv
0033-0575-PZA,33,,03/10/2017,5000,,,,inv
0144-0357-PZA,144,,03/10/2017,80,,,,inv
1159-0403-Sai Ltd,,,,,,,,Rem
1237-0429-iAS Pship,,,,,,,,Rem
1355-0488-iAS Pship,,,,,,,,Rem
1624-0543-iAS Pship,,,,,,,,Rem
1384-0447-iAS Pship,,,,,,,,Rem
1822-0502-iAS Pship,,,,,,,,Rem
1821-0447-iAS Pship,,,,,,,,Rem
1823-0540-iAS Pship,,,,,,,,Rem
1824-0591-iAS Pship,,,,,,,,Rem
1414-0518-iAS Pship,,,,,,,,Rem
1590-0428-iAS Pship,,,,,,,,Rem
1614-0431-iAS Pship,,,,,,,,Rem
1630-0431-iAS Pship,,,,,,,,Rem
1648-0431-iAS Pship,,,,,,,,Rem
1660-0431-iAS Pship,,,,,,,,Rem
1671-0431-iAS Pship,,,,,,,,Rem
1684-0431-iAS Pship,,,,,,,,Rem
1687-0493-iAS Pship,,,,,,,,Rem
1697-0431-iAS Pship,,,,,,,,Rem
1713-0431-iAS Pship,,,,,,,,Rem
1733-0525-iAS Pship,,,,,,,,Rem
1753-0431-iAS Pship,,,,,,,,Rem
1900-0493-iAS Pship,,,,,,,,Rem
1641-0352-iAS Pship,,,,,,,,Rem
1792-0579-iAS Pship,,,,,,,,Rem
1797-0415-iAS Pship,,,,,,,,Rem
1814-0488-iAS Pship,,,,,,,,Rem
1836-0565-iAS Pship,,,,,,,,Rem
1855-0565-iAS Pship,,,,,,,,Rem
1856-0547-iAS Pship,,,,,,,,Rem
1873-0565-iAS Pship,,,,,,,,Rem
1874-0547-iAS Pship,,,,,,,,Rem
1893-0565-iAS Pship,,,,,,,,Rem
1894-0547-iAS Pship,,,,,,,,Rem
1853-0476-iAS Pship,,,,,,,,Rem
1854-0476-iAS Pship,,,,,,,,Rem
1861-0476-iAS Pship,,,,,,,,Rem
1869-0476-iAS Pship,,,,,,,,Rem
1870-0476-iAS Pship,,,,,,,,Rem
1872-0476-iAS Pship,,,,,,,,Rem
1892-0476-iAS Pship,,,,,,,,Rem
0007-0565-PZA,,,,,,,,Rem
0002-0565-PZA,,,,,,,,Rem
0008-0547-PZA,,,,,,,,Rem
0039-0547-PZA,,,,,,,,Rem
0029-0415-PZA,,,,,,,,Rem
0034-0579-PZA,,,,,,,,Rem
0083-0495-PZA,,,,,,,,Rem
0037-0523-PZA,,,,,,,,Rem
0088-0544-PZA,,,,,,,,Rem
0094-0544-PZA,,,,,,,,Rem
0102-0544-PZA,,,,,,,,Rem
0120-0544-PZA,,,,,,,,Rem
0091-0999-PZA,,,,,,,,Rem
0119-0465-PZA,,,,,,,,Rem
0093-0999-PZA,,,,,,,,Rem
0118-0476-PZA,,,,,,,,Rem
0098-0500-PZA,,,,,,,,Rem
0123-0130-PZA,,,,,,,,Rem
0124-0130-PZA,,,,,,,,Rem
0127-0132-PZA,,,,,,,,Rem
0129-0999-PZA,,,,,,,,Rem
0128-0999-PZA,,,,,,,,Rem
0130-0608-PZA,,,,,,,,Rem
0135-0597-PZA,135,,05/10/2017,2550,,,,inv
0142-0565-PZA,,,,,1000228,05/10/2017,133750,CN
0143-0565-PZA,,,,,1000229,05/10/2017,46250,CN
1414-0518-iAS Pship,,,,,,,,bd
0119-0465-PZA,119,,09/10/2017,21000,,,,inv
0261-4000-PSM Ltd,261,,02/08/2017,2677.99,,,,inv
0262-4000-PSM Ltd,262,,02/08/2017,1976.07,,,,inv
0263-4000-PSM Ltd,263,,04/09/2017,2677.99,,,,inv
0264-4000-PSM Ltd,264,,04/09/2017,1976.07,,,,inv
0265-4000-PSM Ltd,265,,02/10/2017,2677.99,,,,inv
0266-4000-PSM Ltd,266,,02/10/2017,1976.07,,,,inv
0163-0583-PZA,,,,,1000230,09/10/2017,800,CN
0164-0132-PZA,164,,10/10/2017,80,,,,inv
0169-0132-PZA,169,,13/10/2017,80,,,,inv
0071-0601-PZA,71,,17/10/2017,17250,,,,inv
0101-0601-PZA,101,,17/10/2017,17250,,,,inv
0126-0601-PZA,126,,17/10/2017,17250,,,,inv
0136-0601-PZA,136,,17/10/2017,17250,,,,inv
0130-0608-PZA,130,,17/10/2017,350,,,,inv
0151-0130-PZA,,,,,1000231,17/10/2017,18000,CN
0153-0568-PZA,,,,,1000232,17/10/2017,15000,CN
0155-0581-PZA,,,,,1000233,17/10/2017,25000,CN
0156-0582-PZA,,,,,1000234,17/10/2017,8000,CN
0158-0598-PZA,,,,,1000235,17/10/2017,15000,CN
0127-0132-PZA,127,,19/10/2017,50,,,,inv
0129-0999-PZA,129,,19/10/2017,100,,,,inv
1792-0579-iAS Pship,,,,,1000236,23/10/2017,211.87,CN
0083-0495-PZA,,,,,1000237,23/10/2017,3000,CN
0162-0495-PZA,,,,,1000238,23/10/2017,17000,CN
0091-0999-PZA,,,,,1000239,23/10/2017,500,CN
0034-0579-PZA,,,,,1000240,23/10/2017,1500,CN
1237-0429-iAS Pship,1237,3,24/10/2017,1271.19,,,,PartP
1237-0429-iAS Pship,1237,4,24/10/2017,1271.19,,,,PartP
1237-0429-iAS Pship,1237,5,24/10/2017,1010.16,,,,PartP
0175-0999-PZA,175,,24/10/2017,90,,,,inv
0167-0597-PZA,167,,26/10/2017,2550,,,,inv
1614-0431-iAS Pship,,,,,1000241,27/10/2017,11070,CN
1630-0431-iAS Pship,,,,,1000242,27/10/2017,11070,CN
1648-0431-iAS Pship,,,,,1000243,27/10/2017,7749,CN
1660-0431-iAS Pship,,,,,1000244,27/10/2017,7749,CN
1671-0431-iAS Pship,,,,,1000245,27/10/2017,7749,CN
1684-0431-iAS Pship,,,,,1000246,27/10/2017,7749,CN
1697-0431-iAS Pship,,,,,1000247,27/10/2017,7749,CN
1713-0431-iAS Pship,,,,,1000248,27/10/2017,7749,CN
1753-0431-iAS Pship,,,,,1000249,27/10/2017,250,CN
1687-0493-iAS Pship,,,,,1000250,27/10/2017,86013,CN
0176-0579-PZA,176,,27/10/2017,211.87,,,,inv
0177-0495-PZA,177,,27/10/2017,3000,,,,inv
0178-0495-PZA,178,,27/10/2017,17000,,,,inv
0180-0579-PZA,180,,27/10/2017,1500,,,,inv
0179-0999-PZA,179,,27/10/2017,500,,,,inv
1797-0415-iAS Pship,1797,2,30/10/2017,116949.33,,,,PartP
0029-0415-PZA,29,4,30/10/2017,18135.42,,,,PartP
1687-0493-iAS Pship,1687,3,30/10/2017,72797.06,,,,PartP
1900-0493-iAS Pship,1900,1,30/10/2017,24672.94,,,,PartP
0183-0132-PZA,183,,30/10/2017,80,,,,inv
0171-0568-PZA,171,,30/10/2017,15000,,,,inv
0172-0581-PZA,172,,30/10/2017,25000,,,,inv
0160-0595-PZA,160,,31/10/2017,800,,,,inv
0267-4000-PSM Ltd,267,,02/11/2017,2677.99,,,,inv
0268-4000-PSM Ltd,268,,02/11/2017,1976.07,,,,inv
0173-0582-PZA,173,,02/11/2017,8000,,,,inv
1159-0403-Sai Ltd,,,,,,,,Rem
1355-0488-iAS Pship,,,,,,,,Rem
1624-0543-iAS Pship,,,,,,,,Rem
1363-0406-iAS Pship,,,,,,,,Rem
1819-0999-iAS Pship,,,,,,,,Rem
1384-0447-iAS Pship,,,,,,,,Rem
1821-0447-iAS Pship,,,,,,,,Rem
1822-0502-iAS Pship,,,,,,,,Rem
1823-0540-iAS Pship,,,,,,,,Rem
1824-0591-iAS Pship,,,,,,,,Rem
1590-0428-iAS Pship,,,,,,,,Rem
1641-0352-iAS Pship,,,,,,,,Rem
1733-0525-iAS Pship,,,,,,,,Rem
1814-0488-iAS Pship,,,,,,,,Rem
1836-0565-iAS Pship,,,,,,,,Rem
1855-0565-iAS Pship,,,,,,,,Rem
1856-0547-iAS Pship,,,,,,,,Rem
1873-0565-iAS Pship,,,,,,,,Rem
1874-0547-iAS Pship,,,,,,,,Rem
1893-0565-iAS Pship,,,,,,,,Rem
1894-0547-iAS Pship,,,,,,,,Rem
1853-0476-iAS Pship,,,,,,,,Rem
1854-0476-iAS Pship,,,,,,,,Rem
1861-0476-iAS Pship,,,,,,,,Rem
1869-0476-iAS Pship,,,,,,,,Rem
1870-0476-iAS Pship,,,,,,,,Rem
1872-0476-iAS Pship,,,,,,,,Rem
1892-0476-iAS Pship,,,,,,,,Rem
0002-0565-PZA,,,,,,,,Rem
0007-0565-PZA,,,,,,,,Rem
0008-0547-PZA,,,,,,,,Rem
0039-0547-PZA,,,,,,,,Rem
0029-0415-PZA,,,,,,,,Rem
0037-0523-PZA,,,,,,,,Rem
0088-0544-PZA,,,,,,,,Rem
0094-0544-PZA,,,,,,,,Rem
0102-0544-PZA,,,,,,,,Rem
0120-0544-PZA,,,,,,,,Rem
0093-0999-PZA,,,,,,,,Rem
0098-0500-PZA,,,,,,,,Rem
0118-0476-PZA,,,,,,,,Rem
0123-0130-PZA,,,,,,,,Rem
0133-0130-PZA,,,,,,,,Rem
0124-0130-PZA,,,,,,,,Rem
0134-0130-PZA,,,,,,,,Rem
0128-0999-PZA,,,,,,,,Rem
0137-0289-PZA,,,,,,,,Rem
0186-0999-PZA,186,,03/11/2017,290,,,,inv
1836-0565-iAS Pship,1836,2,06/11/2017,12956.84,,,,PartP
1855-0565-iAS Pship,1855,,06/11/2017,14000,,,,inv
1856-0547-iAS Pship,1856,,06/11/2017,9000,,,,inv
1873-0565-iAS Pship,1873,,06/11/2017,14000,,,,inv
1874-0547-iAS Pship,1874,,06/11/2017,9000,,,,inv
1893-0565-iAS Pship,1893,,06/11/2017,14000,,,,inv
1894-0547-iAS Pship,1894,,06/11/2017,9000,,,,inv
0002-0565-PZA,2,,06/11/2017,50,,,,inv
0039-0547-PZA,39,,06/11/2017,60,,,,inv
0007-0565-PZA,7,1,06/11/2017,2695.7,,,,PartP
0123-0130-PZA,123,,06/11/2017,15086,,,,inv
0133-0130-PZA,133,,06/11/2017,15086,,,,inv
0124-0130-PZA,124,,06/11/2017,10121,,,,inv
0134-0130-PZA,134,,06/11/2017,10121,,,,inv
0150-0130-PZA,150,,06/11/2017,2287.36,,,,inv
0161-0609-PZA,161,,07/11/2017,35000,,,,inv
0182-0587-PZA,182,,10/11/2017,744.73,,,,inv
0128-0999-PZA,128,,13/11/2017,6500,,,,inv
1254-0498-Sai Ltd,1254,,30/09/2017,483883.78,1000251,14/11/2017,9589.18,inv/CN
0187-0132-PZA,187,,16/11/2017,175,,,,inv
1384-0447-iAS Pship,1384,33,10/11/2017,1271.19,,,,PartP
1384-0447-iAS Pship,1384,34,03/11/2017,1271.19,,,,PartP
1384-0447-iAS Pship,1384,35,17/11/2017,1271.19,,,,PartP
1384-0447-iAS Pship,1384,36,24/11/2017,1271.19,,,,PartP
0188-0240-PZA,188,,17/11/2017,85,,,,inv
0168-0601-PZA,168,,21/11/2017,17250,,,,inv
1255-0498-Sai Ltd,1255,,21/11/2017,19440.83,,,,inv
0004-0498-iAS Ltd,4,,29/08/2017,212500,,,,inv
0194-0999-PZA,,,,,1000252,21/11/2017,415,CN
0195-0999-PZA,,,,,1000253,21/11/2017,665,CN
0196-0999-PZA,,,,,1000254,21/11/2017,590,CN
0197-0999-PZA,,,,,1000255,21/11/2017,730,CN
0191-0597-PZA,,,,,1000256,21/11/2017,2550,CN
0198-0999-PZA,198,,24/11/2017,80,,,,inv
0200-0386-PZA,200,,24/11/2017,150,,,,inv
1355-0488-iAS Pship,,,,,,,,Rem
1624-0543-iAS Pship,,,,,,,,Rem
1590-0428-iAS Pship,,,,,,,,Rem
1641-0352-iAS Pship,,,,,,,,Rem
1733-0525-iAS Pship,,,,,,,,Rem
1814-0488-iAS Pship,,,,,,,,Rem
1821-0447-iAS Pship,,,,,,,,Rem
1822-0502-iAS Pship,,,,,,,,Rem
1823-0540-iAS Pship,,,,,,,,Rem
1824-0591-iAS Pship,,,,,,,,Rem
1384-0447-iAS Pship,,,,,,,,Rem
1853-0476-iAS Pship,,,,,,,,Rem
1854-0476-iAS Pship,,,,,,,,Rem
1861-0476-iAS Pship,,,,,,,,Rem
1869-0476-iAS Pship,,,,,,,,Rem
1870-0476-iAS Pship,,,,,,,,Rem
1872-0476-iAS Pship,,,,,,,,Rem
1892-0476-iAS Pship,,,,,,,,Rem
1900-0493-iAS Pship,,,,,,,,Rem
0007-0565-PZA,,,,,,,,Rem
0008-0547-PZA,,,,,,,,Rem
0141-0617-PZA,,,,,,,,Rem
0029-0415-PZA,,,,,,,,Rem
0037-0523-PZA,,,,,,,,Rem
0088-0544-PZA,,,,,,,,Rem
0094-0544-PZA,,,,,,,,Rem
0102-0544-PZA,,,,,,,,Rem
0120-0544-PZA,,,,,,,,Rem
0093-0999-PZA,,,,,,,,Rem
0098-0500-PZA,,,,,,,,Rem
0118-0476-PZA,,,,,,,,Rem
0122-0601-PZA,,,,,,,,Rem
0131-0601-PZA,,,,,,,,Rem
0192-0601-PZA,,,,,,,,Rem
0137-0289-PZA,,,,,,,,Rem
0145-0565-PZA,,,,,,,,Rem
0146-0565-PZA,,,,,,,,Rem
0147-0565-PZA,,,,,,,,Rem
0148-0219-PZA,,,,,,,,Rem
0190-0999-PZA,,,,,,,,Rem
0199-0999-PZA,,,,,,,,Rem
0149-0520-PZA,,,,,,,,Rem
0152-0563-PZA,,,,,,,,Rem
0154-0415-PZA,,,,,,,,Rem
0157-0592-PZA,,,,,,,,Rem
0165-0130-PZA,,,,,,,,Rem
0166-0130-PZA,,,,,,,,Rem
0170-0549-PZA,,,,,,,,Rem
0174-0598-PZA,,,,,,,,Rem
0181-0587-PZA,,,,,,,,Rem
0159-0600-PZA,,,,,,,,Rem
0148-0219-PZA,148,,06/12/2017,850,,,,inv
0192-0601-PZA,192,,12/12/2017,17250,,,,inv
0098-0500-PZA,98,,14/12/2017,110,,,,inv
0184-0493-PZA,184,1,15/12/2017,16949.15,,,,PartP
0205-0528-PZA,205,,15/12/2017,175,,,,inv
0208-0999-PZA,,,,,1000257,15/12/2017,0.01,CN
0165-0130-PZA,165,,19/12/2017,15086,,,,inv
0166-0130-PZA,166,,19/12/2017,10121,,,,inv
0202-0999-PZA,202,,20/12/2017,175,,,,inv
0204-0621-PZA,204,,20/12/2017,50,,,,inv
0201-0415-PZA,201,,03/01/2018,50,,,,inv
0211-0500-PZA,,,,,1000258,04/01/2018,50,CN
0203-0999-PZA,203,,04/01/2018,80,,,,inv
1355-0488-iAS Pship,,,,,,,,Rem
1624-0543-iAS Pship,,,,,,,,Rem
1363-0406-iAS Pship,,,,,,,,Rem
1819-0999-iAS Pship,,,,,,,,Rem
1384-0447-iAS Pship,,,,,,,,Rem
1821-0447-iAS Pship,,,,,,,,Rem
1822-0502-iAS Pship,,,,,,,,Rem
1823-0540-iAS Pship,,,,,,,,Rem
1824-0591-iAS Pship,,,,,,,,Rem
1590-0428-iAS Pship,,,,,,,,Rem
1641-0352-iAS Pship,,,,,,,,Rem
1733-0525-iAS Pship,,,,,,,,Rem
1814-0488-iAS Pship,,,,,,,,Rem
1853-0476-iAS Pship,,,,,,,,Rem
1854-0476-iAS Pship,,,,,,,,Rem
1861-0476-iAS Pship,,,,,,,,Rem
1869-0476-iAS Pship,,,,,,,,Rem
1870-0476-iAS Pship,,,,,,,,Rem
1872-0476-iAS Pship,,,,,,,,Rem
1892-0476-iAS Pship,,,,,,,,Rem
1900-0493-iAS Pship,,,,,,,,Rem
0007-0565-PZA,,,,,,,,Rem
0008-0547-PZA,,,,,,,,Rem
0141-0617-PZA,,,,,,,,Rem
0029-0415-PZA,,,,,,,,Rem
0185-0415-PZA,,,,,,,,Rem
0037-0523-PZA,,,,,,,,Rem
0088-0544-PZA,,,,,,,,Rem
0094-0544-PZA,,,,,,,,Rem
0102-0544-PZA,,,,,,,,Rem
0120-0544-PZA,,,,,,,,Rem
0118-0476-PZA,,,,,,,,Rem
0122-0601-PZA,,,,,,,,Rem
0131-0601-PZA,,,,,,,,Rem
0137-0289-PZA,,,,,,,,Rem
0145-0565-PZA,,,,,,,,Rem
0146-0565-PZA,,,,,,,,Rem
0147-0565-PZA,,,,,,,,Rem
0149-0520-PZA,,,,,,,,Rem
0152-0563-PZA,,,,,,,,Rem
0154-0415-PZA,,,,,,,,Rem
0159-0600-PZA,,,,,,,,Rem
0170-0549-PZA,,,,,,,,Rem
0174-0598-PZA,,,,,,,,Rem
0181-0587-PZA,,,,,,,,Rem
0184-0493-PZA,,,,,,,,Rem
0189-0609-PZA,,,,,,,,Rem
0193-0609-PZA,,,,,,,,Rem
0279-0999-PZA,279,,16/01/2018,165,,,,inv
0278-0500-PZA,278,,17/01/2018,50,,,,inv
0210-0999-PZA,210,,18/01/2018,156.31,,,,inv
1258-1000-Sai Ltd,,,,,1000259,30/09/2017,1573.99,CN
0288-0132-PZA,288,,26/01/2018,140,,,,inv
0190-0999-PZA,,,,,1000260,31/01/2018,2550,CN
0199-0999-PZA,,,,,1000261,31/01/2018,2400,CN
0266-0614-PZA,266,,01/02/2018,5040,,,,inv
1355-0488-iAS Pship,,,,,,,,Rem
1624-0543-iAS Pship,,,,,,,,Rem
1384-0447-iAS Pship,,,,,,,,Rem
1821-0447-iAS Pship,,,,,,,,Rem
1822-0502-iAS Pship,,,,,,,,Rem
1823-0540-iAS Pship,,,,,,,,Rem
1824-0591-iAS Pship,,,,,,,,Rem
1590-0428-iAS Pship,,,,,,,,Rem
1641-0352-iAS Pship,,,,,,,,Rem
1733-0525-iAS Pship,,,,,,,,Rem
1814-0488-iAS Pship,,,,,,,,Rem
1819-0999-iAS Pship,,,,,,,,Rem
1853-0476-iAS Pship,,,,,,,,Rem
1854-0476-iAS Pship,,,,,,,,Rem
1861-0476-iAS Pship,,,,,,,,Rem
1869-0476-iAS Pship,,,,,,,,Rem
1870-0476-iAS Pship,,,,,,,,Rem
1872-0476-iAS Pship,,,,,,,,Rem
1892-0476-iAS Pship,,,,,,,,Rem
1900-0493-iAS Pship,,,,,,,,Rem
0007-0565-PZA,,,,,,,,Rem
0008-0547-PZA,,,,,,,,Rem
0141-0617-PZA,,,,,,,,Rem
0209-0547-PZA,,,,,,,,Rem
0267-0565-PZA,,,,,,,,Rem
0268-0565-PZA,,,,,,,,Rem
0269-0565-PZA,,,,,,,,Rem
0270-0565-PZA,,,,,,,,Rem
0271-0565-PZA,,,,,,,,Rem
0272-0565-PZA,,,,,,,,Rem
0273-0565-PZA,,,,,,,,Rem
0274-0565-PZA,,,,,,,,Rem
0275-0565-PZA,,,,,,,,Rem
0276-0565-PZA,,,,,,,,Rem
0029-0415-PZA,,,,,,,,Rem
0185-0415-PZA,,,,,,,,Rem
0257-0415-PZA,,,,,,,,Rem
0037-0523-PZA,,,,,,,,Rem
0088-0544-PZA,,,,,,,,Rem
0094-0544-PZA,,,,,,,,Rem
0102-0544-PZA,,,,,,,,Rem
0120-0544-PZA,,,,,,,,Rem
0118-0476-PZA,,,,,,,,Rem
0122-0601-PZA,,,,,,,,Rem
0131-0601-PZA,,,,,,,,Rem
0207-0601-PZA,,,,,,,,Rem
0137-0289-PZA,,,,,,,,Rem
0145-0565-PZA,,,,,,,,Rem
0146-0565-PZA,,,,,,,,Rem
0147-0565-PZA,,,,,,,,Rem
0149-0520-PZA,,,,,,,,Rem
0152-0563-PZA,,,,,,,,Rem
0154-0415-PZA,,,,,,,,Rem
0159-0600-PZA,,,,,,,,Rem
0170-0549-PZA,,,,,,,,Rem
0174-0598-PZA,,,,,,,,Rem
0181-0587-PZA,,,,,,,,Rem
0184-0493-PZA,,,,,,,,Rem
0258-0130-PZA,,,,,,,,Rem
0260-0130-PZA,,,,,,,,Rem
0262-0130-PZA,,,,,,,,Rem
0264-0130-PZA,,,,,,,,Rem
0259-0130-PZA,,,,,,,,Rem
0261-0130-PZA,,,,,,,,Rem
0263-0130-PZA,,,,,,,,Rem
0265-0130-PZA,,,,,,,,Rem
0277-0597-PZA,277,,05/02/2018,3500,,,,inv
0282-0584-PZA,,,,,1000262,08/02/2018,54000,CN
0283-0584-PZA,,,,,1000263,08/02/2018,8000,CN
0291-0584-PZA,291,,08/02/2018,54000,,,,inv
0257-0415-PZA,,,,,1000264,08/02/2018,90000,CN
1384-0447-iAS Pship,1384,37,02/02/2018,1271.19,,,,PartP
1384-0447-iAS Pship,1384,38,09/02/2018,1271.19,,,,PartP
1384-0447-iAS Pship,1384,39,16/02/2018,522.96,,,,PartP
1821-0447-iAS Pship,1821,1,16/02/2018,748.22,,,,PartP
1821-0447-iAS Pship,1821,2,23/02/2018,1271.19,,,,PartP
0152-0563-PZA,152,,12/02/2018,3500,,,,inv
0293-0613-PZA,293,,15/02/2018,27500,,,,inv
0185-0415-PZA,185,1,15/02/2018,76271.19,,,,PartP
0006-0130-iAS Ltd,6,,20/02/2018,813.6,,,,inv
0258-0130-PZA,258,,20/02/2018,261,,,,inv
0260-0130-PZA,260,,20/02/2018,2734,,,,inv
0262-0130-PZA,262,,20/02/2018,17820,,,,inv
0264-0130-PZA,264,,20/02/2018,17820,,,,inv
0259-0130-PZA,259,1,20/02/2018,99.15,,,,PartP
0261-0130-PZA,261,,20/02/2018,907,,,,inv
0263-0130-PZA,263,,20/02/2018,11028,,,,inv
0265-0130-PZA,265,,20/02/2018,11028,,,,inv
0302-0601-PZA,,,,,1000265,20/02/2018,18500,CN
0189-0609-PZA,,,,,1000266,22/02/2018,20000,CN
0193-0609-PZA,,,,,1000267,22/02/2018,20000,CN
0206-0609-PZA,,,,,1000268,22/02/2018,20000,CN
0281-0609-PZA,,,,,1000269,22/02/2018,20000,CN
0303-0609-PZA,,,,,1000270,22/02/2018,20000,CN
0305-0609-PZA,305,1,22/02/2018,16949.15,,,,PartP
0306-0609-PZA,306,1,22/02/2018,16949.15,,,,PartP
0307-0609-PZA,307,1,22/02/2018,16949.15,,,,PartP
0308-0609-PZA,308,1,22/02/2018,16949.15,,,,PartP
1900-0493-iAS Pship,,,,,1000271,22/02/2018,27674.01,CN
0297-0622-PZA,297,,23/02/2018,14660,,,,inv
0184-0493-PZA,184,2,01/03/2018,10724.85,,,,PartP
1355-0488-iAS Pship,,,,,,,,Rem
1624-0543-iAS Pship,,,,,,,,Rem
1363-0406-iAS Pship,,,,,,,,Rem
1819-0999-iAS Pship,,,,,,,,Rem
1590-0428-iAS Pship,,,,,,,,Rem
1641-0352-iAS Pship,,,,,,,,Rem
1733-0525-iAS Pship,,,,,,,,Rem
1814-0488-iAS Pship,,,,,,,,Rem
1821-0447-iAS Pship,,,,,,,,Rem
1822-0502-iAS Pship,,,,,,,,Rem
1823-0540-iAS Pship,,,,,,,,Rem
1824-0591-iAS Pship,,,,,,,,Rem
1853-0476-iAS Pship,,,,,,,,Rem
1854-0476-iAS Pship,,,,,,,,Rem
1861-0476-iAS Pship,,,,,,,,Rem
1869-0476-iAS Pship,,,,,,,,Rem
1870-0476-iAS Pship,,,,,,,,Rem
1872-0476-iAS Pship,,,,,,,,Rem
1892-0476-iAS Pship,,,,,,,,Rem
0007-0565-PZA,,,,,,,,Rem
0008-0547-PZA,,,,,,,,Rem
0141-0617-PZA,,,,,,,,Rem
0209-0547-PZA,,,,,,,,Rem
0267-0565-PZA,,,,,,,,Rem
0268-0565-PZA,,,,,,,,Rem
0269-0565-PZA,,,,,,,,Rem
0270-0565-PZA,,,,,,,,Rem
0271-0565-PZA,,,,,,,,Rem
0272-0565-PZA,,,,,,,,Rem
0273-0565-PZA,,,,,,,,Rem
0274-0565-PZA,,,,,,,,Rem
0275-0565-PZA,,,,,,,,Rem
0276-0565-PZA,,,,,,,,Rem
0286-0547-PZA,,,,,,,,Rem
0287-0565-PZA,,,,,,,,Rem
0029-0415-PZA,,,,,,,,Rem
0185-0415-PZA,,,,,,,,Rem
0037-0523-PZA,,,,,,,,Rem
0088-0544-PZA,,,,,,,,Rem
0094-0544-PZA,,,,,,,,Rem
0102-0544-PZA,,,,,,,,Rem
0120-0544-PZA,,,,,,,,Rem
0118-0476-PZA,,,,,,,,Rem
0137-0289-PZA,,,,,,,,Rem
0145-0565-PZA,,,,,,,,Rem
0146-0565-PZA,,,,,,,,Rem
0147-0565-PZA,,,,,,,,Rem
0290-0565-PZA,,,,,,,,Rem
0149-0520-PZA,,,,,,,,Rem
0154-0415-PZA,,,,,,,,Rem
0159-0600-PZA,,,,,,,,Rem
0170-0549-PZA,,,,,,,,Rem
0174-0598-PZA,,,,,,,,Rem
0181-0587-PZA,,,,,,,,Rem
0284-0587-PZA,,,,,,,,Rem
0285-0495-PZA,,,,,,,,Rem
0289-0472-PZA,,,,,,,,Rem
0122-0601-PZA,,,,,,,,Rem
0131-0601-PZA,,,,,,,,Rem
0207-0601-PZA,,,,,,,,Rem
0280-0601-PZA,,,,,,,,Rem
0185-0415-PZA,185,2,02/03/2018,13728.81,,,,PartP
0292-0584-PZA,292,,02/03/2018,8000,,,,inv
0313-0999-PZA,313,,07/03/2018,85,,,,inv
0314-0999-PZA,314,,07/03/2018,85,,,,inv
0315-0999-PZA,315,,07/03/2018,85,,,,inv
1821-0447-iAS Pship,1821,3,02/03/2018,678.39,,,,PartP
1822-0502-iAS Pship,1822,1,02/03/2018,592.8,,,,PartP
1822-0502-iAS Pship,1822,2,09/03/2018,1271.19,,,,PartP
1822-0502-iAS Pship,1822,3,16/03/2018,1271.19,,,,PartP
1822-0502-iAS Pship,1822,4,23/03/2018,1271.19,,,,PartP
1822-0502-iAS Pship,1822,5,30/03/2018,1271.19,,,,PartP
0137-0289-PZA,137,,12/03/2018,2000,,,,inv
0295-0593-PZA,295,,15/03/2018,1200,,,,inv
0007-0565-PZA,7,2,15/03/2018,11304.3,,,,PartP
0008-0547-PZA,8,,15/03/2018,9000,,,,inv
0141-0617-PZA,141,,15/03/2018,50,,,,inv
0209-0547-PZA,209,,15/03/2018,60,,,,inv
0267-0565-PZA,267,,15/03/2018,45000,,,,inv
0268-0565-PZA,268,,15/03/2018,15000,,,,inv
0269-0565-PZA,269,,15/03/2018,15000,,,,inv
0270-0565-PZA,270,1,15/03/2018,5039.43,,,,PartP
0304-0584-PZA,304,,20/03/2018,8000,,,,inv
0269-4000-PSM Ltd,269,,04/12/2017,2677.99,,,,inv
0270-4000-PSM Ltd,270,,04/12/2017,1976.07,,,,inv
0271-4000-PSM Ltd,271,,03/01/2018,2677.99,,,,inv
0272-4000-PSM Ltd,272,,03/01/2018,1976.07,,,,inv
0273-4000-PSM Ltd,273,,05/02/2018,2677.99,,,,inv
0274-4000-PSM Ltd,274,,05/02/2018,1976.07,,,,inv
0275-4000-PSM Ltd,275,,02/03/2018,2677.99,,,,inv
0276-4000-PSM Ltd,276,,02/03/2018,1976.07,,,,inv
0289-0472-PZA,,,,,1000272,23/03/2018,50,CN
0088-0544-PZA,88,,23/03/2018,3850,,,,inv
0094-0544-PZA,94,,23/03/2018,50,,,,inv
0102-0544-PZA,102,,23/03/2018,3850,,,,inv
0120-0544-PZA,120,,23/03/2018,74.56,,,,inv
0340-0999-PZA,340,,26/03/2018,80,,,,inv
0305-0609-PZA,305,2,27/03/2018,3050.85,,,,PartP
0306-0609-PZA,306,2,27/03/2018,3050.85,,,,PartP
0307-0609-PZA,307,2,27/03/2018,3050.85,,,,PartP
0308-0609-PZA,308,2,27/03/2018,3050.85,,,,PartP
0309-0609-PZA,309,,27/03/2018,20000,,,,inv
0341-0999-PZA,341,,27/03/2018,85,,,,inv
0277-4000-PSM Ltd,277,,02/04/2018,2677.99,,,,inv
0278-4000-PSM Ltd,278,,02/04/2018,1976.07,,,,inv
0285-0495-PZA,285,,02/04/2018,50,,,,inv
0339-0472-PZA,339,,02/04/2018,50,,,,inv
1590-0428-iAS Pship,,,,,,,,Rem
1641-0352-iAS Pship,,,,,,,,Rem
1733-0525-iAS Pship,,,,,,,,Rem
1363-0406-iAS Pship,,,,,,,,Rem
1819-0999-iAS Pship,,,,,,,,Rem
1853-0476-iAS Pship,,,,,,,,Rem
1854-0476-iAS Pship,,,,,,,,Rem
1861-0476-iAS Pship,,,,,,,,Rem
1869-0476-iAS Pship,,,,,,,,Rem
1870-0476-iAS Pship,,,,,,,,Rem
1872-0476-iAS Pship,,,,,,,,Rem
1892-0476-iAS Pship,,,,,,,,Rem
0029-0415-PZA,,,,,,,,Rem
0185-0415-PZA,,,,,,,,Rem
0037-0523-PZA,,,,,,,,Rem
0093-0999-PZA,,,,,,,,Rem
0122-0601-PZA,,,,,,,,Rem
0131-0601-PZA,,,,,,,,Rem
0207-0601-PZA,,,,,,,,Rem
0280-0601-PZA,,,,,,,,Rem
0145-0565-PZA,,,,,,,,Rem
0146-0565-PZA,,,,,,,,Rem
0147-0565-PZA,,,,,,,,Rem
0290-0565-PZA,,,,,,,,Rem
0149-0520-PZA,,,,,,,,Rem
0154-0415-PZA,,,,,,,,Rem
0159-0600-PZA,,,,,,,,Rem
0170-0549-PZA,,,,,,,,Rem
0174-0598-PZA,,,,,,,,Rem
0181-0587-PZA,,,,,,,,Rem
0259-0130-PZA,,,,,,,,Rem
0270-0565-PZA,,,,,,,,Rem
0271-0565-PZA,,,,,,,,Rem
0272-0565-PZA,,,,,,,,Rem
0273-0565-PZA,,,,,,,,Rem
0274-0565-PZA,,,,,,,,Rem
0275-0565-PZA,,,,,,,,Rem
0276-0565-PZA,,,,,,,,Rem
0286-0547-PZA,,,,,,,,Rem
0287-0565-PZA,,,,,,,,Rem
0284-0587-PZA,,,,,,,,Rem
0294-0415-PZA,,,,,,,,Rem
0299-0415-PZA,,,,,,,,Rem
0296-0626-PZA,,,,,,,,Rem
0298-0608-PZA,,,,,,,,Rem
0300-0999-PZA,,,,,,,,Rem
0301-0999-PZA,,,,,,,,Rem
0118-0476-PZA,,,,,,,,Rem
0326-0620-PZA,326,,03/04/2018,500,,,,inv
0007-1000-iAS Ltd,7,,03/04/2018,1573.99,,,,inv
0008-1000-iAS Ltd,8,,03/04/2018,975,,,,inv
1259-1000-Sai Ltd,1259,,03/04/2018,360,,,,inv
0271-0565-PZA,271,,04/04/2018,15000,,,,inv
0272-0565-PZA,272,,04/04/2018,15000,,,,inv
0273-0565-PZA,273,,04/04/2018,15000,,,,inv
0274-0565-PZA,274,,04/04/2018,15000,,,,inv
0275-0565-PZA,275,,04/04/2018,15000,,,,inv
0276-0565-PZA,276,,04/04/2018,15000,,,,inv
0270-0565-PZA,270,2,04/04/2018,9960.57,,,,PartP
0286-0547-PZA,286,1,04/04/2018,52.65,,,,PartP
0286-0547-PZA,,,,,1000273,04/04/2018,202.35,CN
0287-0565-PZA,,,,,1000274,04/04/2018,255,CN
0338-0999-PZA,338,,04/04/2018,600,,,,inv
0317-0999-PZA,317,,04/04/2018,80,,,,inv
0337-0622-PZA,337,,09/04/2018,10910,,,,inv
0350-0999-PZA,350,,10/04/2018,80,,,,inv
0316-0609-PZA,316,,17/04/2018,20000,,,,inv
0294-0415-PZA,294,,17/04/2018,1500,,,,inv
0299-0415-PZA,299,,17/04/2018,16065,,,,inv
0259-0130-PZA,259,2,19/04/2018,17.85,,,,PartP
0319-0130-PZA,319,,19/04/2018,11072,,,,inv
0321-0130-PZA,321,,19/04/2018,11072,,,,inv
0323-0130-PZA,323,,19/04/2018,11072,,,,inv
0318-0130-PZA,318,,19/04/2018,17922,,,,inv
0320-0130-PZA,320,,19/04/2018,17922,,,,inv
0322-0130-PZA,322,,19/04/2018,17922,,,,inv
0328-0544-PZA,328,,20/04/2018,25000,,,,inv
0284-0587-PZA,284,,24/04/2018,2245.4,,,,inv
0280-0601-PZA,,,,,1000275,24/04/2018,18500,CN
0346-0601-PZA,,,,,1000276,24/04/2018,17500,CN
0347-0601-PZA,,,,,1000277,24/04/2018,17500,CN
0327-0614-PZA,327,,26/04/2018,2947.5,,,,inv
0351-0999-PZA,351,,02/05/2018,150,,,,inv
0310-0584-PZA,310,,02/05/2018,8000,,,,inv
0279-4000-PSM Ltd,279,,03/05/2018,2677.99,,,,inv
0280-4000-PSM Ltd,280,,03/05/2018,1976.07,,,,inv
0324-0999-PZA,324,,03/05/2018,240,,,,inv
0325-0999-PZA,325,,03/05/2018,100,,,,inv
0348-0495-PZA,348,,04/05/2018,55.92,,,,inv
0365-0999-PZA,365,,07/05/2018,260,,,,inv
1822-0502-iAS Pship,1822,6,27/04/2018,1271.19,,,,PartP
1822-0502-iAS Pship,1822,7,04/05/2018,1271.19,,,,PartP
1363-0406-iAS Pship,,,,,,,,Rem
1819-0999-iAS Pship,,,,,,,,Rem
1355-0488-iAS Pship,,,,,,,,Rem
1624-0543-iAS Pship,,,,,,,,Rem
1590-0428-iAS Pship,,,,,,,,Rem
1733-0525-iAS Pship,,,,,,,,Rem
1814-0488-iAS Pship,,,,,,,,Rem
1853-0476-iAS Pship,,,,,,,,Rem
1854-0476-iAS Pship,,,,,,,,Rem
1861-0476-iAS Pship,,,,,,,,Rem
1869-0476-iAS Pship,,,,,,,,Rem
1870-0476-iAS Pship,,,,,,,,Rem
1872-0476-iAS Pship,,,,,,,,Rem
1892-0476-iAS Pship,,,,,,,,Rem
0029-0415-PZA,,,,,,,,Rem
0185-0415-PZA,,,,,,,,Rem
0037-0523-PZA,,,,,,,,Rem
0093-0999-PZA,,,,,,,,Rem
0118-0476-PZA,,,,,,,,Rem
0122-0601-PZA,,,,,,,,Rem
0131-0601-PZA,,,,,,,,Rem
0207-0601-PZA,,,,,,,,Rem
0360-0601-PZA,,,,,,,,Rem
0361-0601-PZA,,,,,,,,Rem
0362-0601-PZA,,,,,,,,Rem
0145-0565-PZA,,,,,,,,Rem
0146-0565-PZA,,,,,,,,Rem
0147-0565-PZA,,,,,,,,Rem
0290-0565-PZA,,,,,,,,Rem
0149-0520-PZA,,,,,,,,Rem
0154-0415-PZA,,,,,,,,Rem
0159-0600-PZA,,,,,,,,Rem
0335-0600-PZA,,,,,,,,Rem
0170-0549-PZA,,,,,,,,Rem
0336-0549-PZA,,,,,,,,Rem
0174-0598-PZA,,,,,,,,Rem
0181-0587-PZA,,,,,,,,Rem
0296-0626-PZA,,,,,,,,Rem
0298-0608-PZA,,,,,,,,Rem
0301-0999-PZA,,,,,,,,Rem
0311-0132-PZA,,,,,,,,Rem
0329-0627-PZA,,,,,,,,Rem
0330-0627-PZA,,,,,,,,Rem
0331-0627-PZA,,,,,,,,Rem
0364-0627-PZA,,,,,,,,Rem
0332-0568-PZA,,,,,,,,Rem
0334-0581-PZA,,,,,,,,Rem
0333-0582-PZA,,,,,,,,Rem
0342-0544-PZA,,,,,,,,Rem
0363-0544-PZA,,,,,,,,Rem
0343-0622-PZA,,,,,,,,Rem
0356-0622-PZA,,,,,,,,Rem
0344-0999-PZA,,,,,,,,Rem
0345-0999-PZA,,,,,,,,Rem
0367-0999-PZA,367,,08/05/2018,85,,,,inv
0207-0601-PZA,207,,08/05/2018,18500,,,,inv
0360-0601-PZA,360,,08/05/2018,18500,,,,inv
0361-0601-PZA,361,,08/05/2018,17500,,,,inv
0366-0999-PZA,366,,09/05/2018,260,,,,inv
0345-0999-PZA,345,,10/05/2018,300,,,,inv
0298-0608-PZA,298,,15/05/2018,2000,,,,inv
0368-0999-PZA,368,,15/05/2018,170,,,,inv
0362-0601-PZA,362,,17/05/2018,17500,,,,inv
0329-0627-PZA,329,,18/05/2018,7950,,,,inv
0330-0627-PZA,330,,18/05/2018,7950,,,,inv
0331-0627-PZA,331,,18/05/2018,7950,,,,inv
0378-0546-PZA,378,,18/05/2018,50,,,,inv
0379-0132-PZA,379,,18/05/2018,80,,,,inv
1641-0352-iAS Pship,,,,,1000278,18/05/2018,42.56,CN
1641-0352-iAS Pship,1641,1,18/05/2018,3632.2,,,,PartP
1822-0502-iAS Pship,1822,8,11/05/2018,1271.19,,,,PartP
1822-0502-iAS Pship,1822,9,18/05/2018,861.37,,,,PartP
1823-0540-iAS Pship,1823,1,18/05/2018,409.81,,,,PartP
0311-0132-PZA,311,,21/05/2018,280,,,,inv
0312-0132-PZA,312,,21/05/2018,140,,,,inv
0349-0999-PZA,349,,21/05/2018,140,,,,inv
0300-0999-PZA,300,,21/05/2018,175,,,,inv
0353-0613-PZA,353,1,21/05/2018,11016.95,,,,PartP
0380-0999-PZA,380,,22/05/2018,185,,,,inv
0358-0609-PZA,358,,23/05/2018,20000,,,,inv
0353-0613-PZA,353,2,24/05/2018,1983.05,,,,PartP
0363-0544-PZA,363,,28/05/2018,23000,,,,inv
0154-0415-PZA,154,,30/05/2018,29510.22,1000279,30/05/2018,239.78,inv/CN
0376-0601-PZA,376,,31/05/2018,17500,,,,inv
1355-0488-iAS Pship,,,,,,,,Rem
1624-0543-iAS Pship,,,,,,,,Rem
1363-0406-iAS Pship,,,,,,,,Rem
1819-0999-iAS Pship,,,,,,,,Rem
1590-0428-iAS Pship,,,,,,,,Rem
1733-0525-iAS Pship,,,,,,,,Rem
1814-0488-iAS Pship,,,,,,,,Rem
1853-0476-iAS Pship,,,,,,,,Rem
1854-0476-iAS Pship,,,,,,,,Rem
1861-0476-iAS Pship,,,,,,,,Rem
1869-0476-iAS Pship,,,,,,,,Rem
1870-0476-iAS Pship,,,,,,,,Rem
1872-0476-iAS Pship,,,,,,,,Rem
1892-0476-iAS Pship,,,,,,,,Rem
0029-0415-PZA,,,,,,,,Rem
0185-0415-PZA,,,,,,,,Rem
0037-0523-PZA,,,,,,,,Rem
0093-0999-PZA,,,,,,,,Rem
0118-0476-PZA,,,,,,,,Rem
0122-0601-PZA,,,,,,,,Rem
0131-0601-PZA,,,,,,,,Rem
0145-0565-PZA,,,,,,,,Rem
0146-0565-PZA,,,,,,,,Rem
0147-0565-PZA,,,,,,,,Rem
0290-0565-PZA,,,,,,,,Rem
0149-0520-PZA,,,,,,,,Rem
0159-0600-PZA,,,,,,,,Rem
0335-0600-PZA,,,,,,,,Rem
0170-0549-PZA,,,,,,,,Rem
0336-0549-PZA,,,,,,,,Rem
0174-0598-PZA,,,,,,,,Rem
0181-0587-PZA,,,,,,,,Rem
0296-0626-PZA,,,,,,,,Rem
0301-0999-PZA,,,,,,,,Rem
0332-0568-PZA,,,,,,,,Rem
0334-0581-PZA,,,,,,,,Rem
0333-0582-PZA,,,,,,,,Rem
0342-0544-PZA,,,,,,,,Rem
0343-0622-PZA,,,,,,,,Rem
0356-0622-PZA,,,,,,,,Rem
0344-0999-PZA,,,,,,,,Rem
0352-0583-PZA,,,,,,,,Rem
0354-0130-PZA,,,,,,,,Rem
0355-0130-PZA,,,,,,,,Rem
0357-0584-PZA,,,,,,,,Rem
0359-0415-PZA,,,,,,,,Rem
0364-0627-PZA,,,,,,,,Rem
0132-0597-PZA,,,,,1000280,01/06/2018,60,CN
0281-4000-PSM Ltd,281,,04/06/2018,2677.99,,,,inv
0282-4000-PSM Ltd,282,,04/06/2018,1976.07,,,,inv
0370-0999-PZA,370,,04/06/2018,100,,,,inv
0381-0999-PZA,381,,06/06/2018,270,,,,inv
0009-0498-iAS Ltd,9,,30/04/2018,305000,,,,inv
1853-0476-iAS Pship,,,,,1000281,12/06/2018,11998.86,CN
1854-0476-iAS Pship,,,,,1000282,12/06/2018,39750,CN
1861-0476-iAS Pship,,,,,1000283,12/06/2018,722.64,CN
1869-0476-iAS Pship,,,,,1000284,12/06/2018,9000,CN
1870-0476-iAS Pship,,,,,1000285,12/06/2018,9000,CN
1872-0476-iAS Pship,,,,,1000286,12/06/2018,722.64,CN
1892-0476-iAS Pship,,,,,1000287,12/06/2018,9000,CN
0118-0476-PZA,,,,,1000288,12/06/2018,114000,CN
1363-0406-iAS Pship,1363,3,13/06/2018,1266.84,,,,PartP
1819-0999-iAS Pship,1819,,13/06/2018,300,,,,inv
0159-0600-PZA,159,1,13/06/2018,22183.16,,,,PartP
0385-0999-PZA,385,,14/06/2018,85,,,,inv
0352-0583-PZA,352,,15/06/2018,266.51,,,,inv
0357-0584-PZA,357,,18/06/2018,8000,,,,inv
0374-0584-PZA,374,,18/06/2018,8000,,,,inv
0373-0609-PZA,373,,19/06/2018,20000,,,,inv
0398-0999-PZA,398,,19/06/2018,60,,,,inv
0400-0999-PZA,400,,26/06/2018,140,,,,inv
0401-0999-PZA,401,,27/06/2018,170,,,,inv
0402-0999-PZA,402,,27/06/2018,85,,,,inv
0283-4000-PSM Ltd,283,,02/07/2018,2677.99,,,,inv
0284-4000-PSM Ltd,284,,02/07/2018,1976.07,,,,inv
1355-0488-iAS Pship,,,,,,,,Rem
1624-0543-iAS Pship,,,,,,,,Rem
1590-0428-iAS Pship,,,,,,,,Rem
1733-0525-iAS Pship,,,,,,,,Rem
1814-0488-iAS Pship,,,,,,,,Rem
0029-0415-PZA,,,,,,,,Rem
0185-0415-PZA,,,,,,,,Rem
0037-0523-PZA,,,,,,,,Rem
0122-0601-PZA,,,,,,,,Rem
0131-0601-PZA,,,,,,,,Rem
0377-0601-PZA,,,,,,,,Rem
0397-0601-PZA,,,,,,,,Rem
0145-0565-PZA,,,,,,,,Rem
0146-0565-PZA,,,,,,,,Rem
0147-0565-PZA,,,,,,,,Rem
0290-0565-PZA,,,,,,,,Rem
0149-0520-PZA,,,,,,,,Rem
0159-0600-PZA,,,,,,,,Rem
0335-0600-PZA,,,,,,,,Rem
0170-0549-PZA,,,,,,,,Rem
0336-0549-PZA,,,,,,,,Rem
0174-0598-PZA,,,,,,,,Rem
0181-0587-PZA,,,,,,,,Rem
0296-0626-PZA,,,,,,,,Rem
0301-0999-PZA,,,,,,,,Rem
0332-0568-PZA,,,,,,,,Rem
0334-0581-PZA,,,,,,,,Rem
0384-0999-PZA,,,,,,,,Rem
0390-0581-PZA,,,,,,,,Rem
0333-0582-PZA,,,,,,,,Rem
0342-0544-PZA,,,,,,,,Rem
0343-0622-PZA,,,,,,,,Rem
0356-0622-PZA,,,,,,,,Rem
0375-0622-PZA,,,,,,,,Rem
0396-0622-PZA,,,,,,,,Rem
0344-0999-PZA,,,,,,,,Rem
0354-0130-PZA,,,,,,,,Rem
0371-0130-PZA,,,,,,,,Rem
0392-0130-PZA,,,,,,,,Rem
0355-0130-PZA,,,,,,,,Rem
0372-0130-PZA,,,,,,,,Rem
0393-0130-PZA,,,,,,,,Rem
0359-0415-PZA,,,,,,,,Rem
0364-0627-PZA,,,,,,,,Rem
0382-0627-PZA,,,,,,,,Rem
0399-0627-PZA,,,,,,,,Rem
0387-0476-PZA,387,1,04/07/2018,117542.37,,,,PartP
0405-0999-PZA,405,,04/07/2018,85,,,,inv
0403-0999-PZA,403,,04/07/2018,85,,,,inv
0404-0999-PZA,404,,04/07/2018,85,,,,inv
0344-0999-PZA,344,,05/07/2018,750,,,,inv
0364-0627-PZA,364,,09/07/2018,7950,,,,inv
0159-0600-PZA,159,2,09/07/2018,7816.84,,,,PartP
0335-0600-PZA,335,1,09/07/2018,15933.16,,,,PartP
0416-0999-PZA,416,,16/07/2018,85,,,,inv
0377-0601-PZA,377,,20/07/2018,17500,,,,inv
0397-0601-PZA,397,,20/07/2018,17500,,,,inv
0415-0999-PZA,415,,23/07/2018,210,,,,inv
0369-0999-PZA,369,,23/07/2018,85,,,,inv
0419-0999-PZA,419,,24/07/2018,170,,,,inv
0406-0613-PZA,406,,27/07/2018,13000,,,,inv
0421-0999-PZA,421,,27/07/2018,160,,,,inv
0422-0999-PZA,422,,27/07/2018,170,,,,inv
0285-4000-PSM Ltd,285,,03/08/2018,2677.99,,,,inv
0286-4000-PSM Ltd,286,,03/08/2018,1976.07,,,,inv
0093-0999-PZA,93,,31/07/2018,600,,,,inv
0394-0609-PZA,394,,31/07/2018,20000,,,,inv
0342-0544-PZA,342,,01/08/2018,25000,,,,inv
1355-0488-iAS Pship,,,,,,,,Rem
1624-0543-iAS Pship,,,,,,,,Rem
1590-0428-iAS Pship,,,,,,,,Rem
1733-0525-iAS Pship,,,,,,,,Rem
1814-0488-iAS Pship,,,,,,,,Rem
0029-0415-PZA,,,,,,,,Rem
0185-0415-PZA,,,,,,,,Rem
0037-0523-PZA,,,,,,,,Rem
0122-0601-PZA,,,,,,,,Rem
0131-0601-PZA,,,,,,,,Rem
0145-0565-PZA,,,,,,,,Rem
0146-0565-PZA,,,,,,,,Rem
0147-0565-PZA,,,,,,,,Rem
0290-0565-PZA,,,,,,,,Rem
0149-0520-PZA,,,,,,,,Rem
0170-0549-PZA,,,,,,,,Rem
0336-0549-PZA,,,,,,,,Rem
0174-0598-PZA,,,,,,,,Rem
0181-0587-PZA,,,,,,,,Rem
0296-0626-PZA,,,,,,,,Rem
0301-0999-PZA,,,,,,,,Rem
0332-0568-PZA,,,,,,,,Rem
0334-0581-PZA,,,,,,,,Rem
0384-0999-PZA,,,,,,,,Rem
0390-0581-PZA,,,,,,,,Rem
0333-0582-PZA,,,,,,,,Rem
0335-0600-PZA,,,,,,,,Rem
0343-0622-PZA,,,,,,,,Rem
0356-0622-PZA,,,,,,,,Rem
0375-0622-PZA,,,,,,,,Rem
0396-0622-PZA,,,,,,,,Rem
0359-0415-PZA,,,,,,,,Rem
0382-0627-PZA,,,,,,,,Rem
0399-0627-PZA,,,,,,,,Rem
0386-0999-PZA,,,,,,,,Rem
0387-0476-PZA,,,,,,,,Rem
0388-0476-PZA,,,,,,,,Rem
0389-0476-PZA,,,,,,,,Rem
0391-0637-PZA,,,,,,,,Rem
0395-0584-PZA,,,,,,,,Rem
0355-0130-PZA,355,,02/08/2018,11072,,,,inv
0372-0130-PZA,372,,02/08/2018,11072,,,,inv
0393-0130-PZA,393,,02/08/2018,11072,,,,inv
0354-0130-PZA,354,,02/08/2018,17922,,,,inv
0371-0130-PZA,371,,02/08/2018,17922,,,,inv
0392-0130-PZA,392,,02/08/2018,17922,,,,inv
0424-0999-PZA,424,,03/08/2018,85,,,,inv
0420-0999-PZA,420,,06/08/2018,85,,,,inv
0429-0999-PZA,429,,09/08/2018,170,,,,inv
0301-0999-PZA,301,,09/08/2018,96.31,,,,inv
0435-0583-PZA,435,1,10/08/2018,2118.64,,,,PartP
0430-0608-PZA,430,,10/08/2018,35000,,,,inv
0431-0418-PZA,431,,10/08/2018,500,,,,inv
0395-0584-PZA,395,,10/08/2018,8000,,,,inv
0411-0584-PZA,411,,10/08/2018,8000,,,,inv
0439-0999-PZA,439,,10/08/2018,170,,,,inv
0438-0999-PZA,438,,20/08/2018,90,,,,inv
0407-0415-PZA,407,,20/08/2018,1500,,,,inv
0408-0130-PZA,408,,20/08/2018,17922,,,,inv
0409-0130-PZA,409,,20/08/2018,11072,,,,inv
0427-0999-PZA,427,,20/08/2018,85,,,,inv
0448-0999-PZA,448,,23/08/2018,85,,,,inv
0384-0999-PZA,384,,23/08/2018,85,,,,inv
0428-0999-PZA,428,,23/08/2018,85,,,,inv
0437-0634-PZA,,,,,1000289,24/08/2018,12500,CN
0426-0999-PZA,426,,24/08/2018,85,,,,inv
0410-0609-PZA,410,,27/08/2018,20000,,,,inv
0449-0999-PZA,449,,27/08/2018,170,,,,inv
0423-0610-PZA,423,,29/08/2018,85,,,,inv
0287-4000-PSM Ltd,287,,03/09/2018,2677.99,,,,inv
0288-4000-PSM Ltd,288,,03/09/2018,1976.07,,,,inv
1355-0488-iAS Pship,,,,,,,,Rem
1624-0543-iAS Pship,,,,,,,,Rem
1590-0428-iAS Pship,,,,,,,,Rem
1733-0525-iAS Pship,,,,,,,,Rem
1814-0488-iAS Pship,,,,,,,,Rem
0029-0415-PZA,,,,,,,,Rem
0185-0415-PZA,,,,,,,,Rem
0037-0523-PZA,,,,,,,,Rem
0122-0601-PZA,,,,,,,,Rem
0131-0601-PZA,,,,,,,,Rem
0417-0601-PZA,,,,,,,,Rem
0145-0565-PZA,,,,,,,,Rem
0146-0565-PZA,,,,,,,,Rem
0147-0565-PZA,,,,,,,,Rem
0290-0565-PZA,,,,,,,,Rem
0149-0520-PZA,,,,,,,,Rem
0170-0549-PZA,,,,,,,,Rem
0336-0549-PZA,,,,,,,,Rem
0174-0598-PZA,,,,,,,,Rem
0181-0587-PZA,,,,,,,,Rem
0296-0626-PZA,,,,,,,,Rem
0332-0568-PZA,,,,,,,,Rem
0334-0581-PZA,,,,,,,,Rem
0390-0581-PZA,,,,,,,,Rem
0333-0582-PZA,,,,,,,,Rem
0335-0600-PZA,,,,,,,,Rem
0343-0622-PZA,,,,,,,,Rem
0356-0622-PZA,,,,,,,,Rem
0375-0622-PZA,,,,,,,,Rem
0396-0622-PZA,,,,,,,,Rem
0412-0622-PZA,,,,,,,,Rem
0359-0415-PZA,,,,,,,,Rem
0382-0627-PZA,,,,,,,,Rem
0399-0627-PZA,,,,,,,,Rem
0413-0627-PZA,,,,,,,,Rem
0383-0999-PZA,,,,,,,,Rem
0386-0999-PZA,,,,,,,,Rem
0387-0476-PZA,,,,,,,,Rem
0388-0476-PZA,,,,,,,,Rem
0389-0476-PZA,,,,,,,,Rem
0414-0544-PZA,,,,,,,,Rem
0418-0621-PZA,,,,,,,,Rem
0460-0999-PZA,460,,04/09/2018,85,,,,inv
0011-0498-iAS Ltd,11,,04/09/2018,290000,,,,inv
0332-0568-PZA,332,,04/09/2018,40000,,,,inv
0425-0999-PZA,425,,04/09/2018,2000,,,,inv
0465-0999-PZA,465,,06/09/2018,80,,,,inv
0149-0520-PZA,149,,07/09/2018,15000,,,,inv
0435-0583-PZA,435,2,10/09/2018,2118.64,,,,PartP
0434-0546-PZA,,,,,1000290,10/09/2018,4500,CN
0468-0546-PZA,468,,10/09/2018,4000,,,,inv
0462-0999-PZA,462,,12/09/2018,170,,,,inv
0466-0999-PZA,466,,12/09/2018,85,,,,inv
0459-0999-PZA,459,,13/09/2018,75,,,,inv
0461-0999-PZA,461,,13/09/2018,185,,,,inv
0418-0621-PZA,418,,14/09/2018,140,,,,inv
0446-0601-PZA,446,,17/09/2018,12500,,,,inv
0452-0601-PZA,452,,17/09/2018,155355.95,,,,inv
0122-0601-PZA,122,,18/09/2018,41924.25,,,,inv
0131-0601-PZA,131,,18/09/2018,18742.11,,,,inv
0417-0601-PZA,417,,18/09/2018,12500,,,,inv
0471-0999-PZA,471,,18/09/2018,150,,,,inv
0464-0999-PZA,464,,19/09/2018,1840,,,,inv
0432-0472-PZA,432,,24/09/2018,1750,,,,inv
0433-0495-PZA,433,,24/09/2018,1750,,,,inv
0443-0609-PZA,443,,25/09/2018,20000,,,,inv
0181-0587-PZA,,,,,1000291,27/09/2018,13832.49,CN
0444-0584-PZA,444,,01/10/2018,8000,,,,inv
1355-0488-iAS Pship,,,,,,,,Rem
1624-0543-iAS Pship,,,,,,,,Rem
1590-0428-iAS Pship,,,,,,,,Rem
1733-0525-iAS Pship,,,,,,,,Rem
1814-0488-iAS Pship,,,,,,,,Rem
0029-0415-PZA,,,,,,,,Rem
0185-0415-PZA,,,,,,,,Rem
0037-0523-PZA,,,,,,,,Rem
0145-0565-PZA,,,,,,,,Rem
0146-0565-PZA,,,,,,,,Rem
0147-0565-PZA,,,,,,,,Rem
0290-0565-PZA,,,,,,,,Rem
0170-0549-PZA,,,,,,,,Rem
0336-0549-PZA,,,,,,,,Rem
0174-0598-PZA,,,,,,,,Rem
0296-0626-PZA,,,,,,,,Rem
0333-0582-PZA,,,,,,,,Rem
0334-0581-PZA,,,,,,,,Rem
0390-0581-PZA,,,,,,,,Rem
0450-0999-PZA,,,,,,,,Rem
0335-0600-PZA,,,,,,,,Rem
0343-0622-PZA,,,,,,,,Rem
0346-0601-PZA,,,,,,,,Rem
0375-0622-PZA,,,,,,,,Rem
0396-0622-PZA,,,,,,,,Rem
0412-0622-PZA,,,,,,,,Rem
0445-0622-PZA,,,,,,,,Rem
0359-0415-PZA,,,,,,,,Rem
0382-0627-PZA,,,,,,,,Rem
0399-0627-PZA,,,,,,,,Rem
0413-0627-PZA,,,,,,,,Rem
0455-0627-PZA,,,,,,,,Rem
0383-0999-PZA,,,,,,,,Rem
0386-0999-PZA,,,,,,,,Rem
0387-0476-PZA,,,,,,,,Rem
0388-0476-PZA,,,,,,,,Rem
0389-0476-PZA,,,,,,,,Rem
0391-0637-PZA,,,,,,,,Rem
0414-0544-PZA,,,,,,,,Rem
0435-0583-PZA,,,,,,,,Rem
0440-0999-PZA,,,,,,,,Rem
0436-0453-PZA,,,,,,,,Rem
0441-0130-PZA,,,,,,,,Rem
0475-0130-PZA,,,,,,,,Rem
0442-0130-PZA,,,,,,,,Rem
0476-0130-PZA,,,,,,,,Rem
0444-0584-PZA,,,,,,,,Rem
0447-0608-PZA,,,,,,,,Rem
0480-0608-PZA,,,,,,,,Rem
0453-0634-PZA,,,,,,,,Rem
0454-0618-PZA,,,,,,,,Rem
0289-4000-PSM Ltd,289,,02/10/2018,2677.99,,,,inv
0290-4000-PSM Ltd,290,,02/10/2018,1976.07,,,,inv
0483-0999-PZA,483,,02/10/2018,80,,,,inv
0458-0609-PZA,458,,09/10/2018,50,,,,inv
0157-0592-PZA,157,,10/10/2018,500,,,,inv
0447-0608-PZA,,,,,1000292,11/10/2018,10000,CN
0480-0608-PZA,,,,,1000293,11/10/2018,10000,CN
0450-0999-PZA,450,,12/10/2018,85,,,,inv
0484-0999-PZA,484,,12/10/2018,140,,,,inv
0487-0999-PZA,487,,18/10/2018,85,,,,inv
0488-0999-PZA,488,,18/10/2018,85,,,,inv
0010-0130-iAS Ltd,10,,18/10/2018,881.4,,,,inv
0476-0130-PZA,476,,18/10/2018,11072,,,,inv
0442-0130-PZA,442,,18/10/2018,11072,,,,inv
0475-0130-PZA,475,,18/10/2018,17922,,,,inv
0441-0130-PZA,441,,18/10/2018,17922,,,,inv
0454-0618-PZA,454,,19/10/2018,2034.95,,,,inv
0467-0648-PZA,467,,25/10/2018,175,,,,inv
0477-0609-PZA,477,,25/10/2018,20000,,,,inv
0391-0637-PZA,391,,25/10/2018,200,,,,inv
1823-0540-iAS Pship,1823,2,04/09/2018,847.46,,,,PartP
1823-0540-iAS Pship,1823,3,11/09/2018,847.46,,,,PartP
1823-0540-iAS Pship,1823,4,18/09/2018,847.46,,,,PartP
1823-0540-iAS Pship,1823,5,25/09/2018,847.46,,,,PartP
0382-0627-PZA,382,,26/10/2018,7950,,,,inv
0399-0627-PZA,399,,26/10/2018,7950,,,,inv
0413-0627-PZA,413,,26/10/2018,7950,,,,inv
0495-0999-PZA,495,,29/10/2018,85,,,,inv
0486-0608-PZA,486,,30/10/2018,58880,,,,inv
0478-0584-PZA,478,,31/10/2018,8000,,,,inv
0492-0584-PZA,492,,31/10/2018,8000,,,,inv
1355-0488-iAS Pship,,,,,,,,Rem
1624-0543-iAS Pship,,,,,,,,Rem
1590-0428-iAS Pship,,,,,,,,Rem
1733-0525-iAS Pship,,,,,,,,Rem
1814-0488-iAS Pship,,,,,,,,Rem
0029-0415-PZA,,,,,,,,Rem
0185-0415-PZA,,,,,,,,Rem
0037-0523-PZA,,,,,,,,Rem
0145-0565-PZA,,,,,,,,Rem
0146-0565-PZA,,,,,,,,Rem
0147-0565-PZA,,,,,,,,Rem
0170-0549-PZA,,,,,,,,Rem
0336-0549-PZA,,,,,,,,Rem
0174-0598-PZA,,,,,,,,Rem
0296-0626-PZA,,,,,,,,Rem
0333-0582-PZA,,,,,,,,Rem
0334-0581-PZA,,,,,,,,Rem
0390-0581-PZA,,,,,,,,Rem
0335-0600-PZA,,,,,,,,Rem
0343-0622-PZA,,,,,,,,Rem
0356-0622-PZA,,,,,,,,Rem
0375-0622-PZA,,,,,,,,Rem
0396-0622-PZA,,,,,,,,Rem
0412-0622-PZA,,,,,,,,Rem
0445-0622-PZA,,,,,,,,Rem
0479-0622-PZA,,,,,,,,Rem
0359-0415-PZA,,,,,,,,Rem
0386-0999-PZA,,,,,,,,Rem
0387-0476-PZA,,,,,,,,Rem
0388-0476-PZA,,,,,,,,Rem
0389-0476-PZA,,,,,,,,Rem
0414-0544-PZA,,,,,,,,Rem
0435-0583-PZA,,,,,,,,Rem
0436-0453-PZA,,,,,,,,Rem
0453-0634-PZA,,,,,,,,Rem
0455-0627-PZA,,,,,,,,Rem
0463-0627-PZA,,,,,,,,Rem
0481-0627-PZA,,,,,,,,Rem
0456-0999-PZA,,,,,,,,Rem
0457-0587-PZA,,,,,,,,Rem
0469-0999-PZA,,,,,,,,Rem
0470-0621-PZA,,,,,,,,Rem
0472-0640-PZA,,,,,,,,Rem
0473-0640-PZA,,,,,,,,Rem
0482-0587-PZA,,,,,,,,Rem
0474-0626-PZA,,,,,,,,Rem
0291-4000-PSM Ltd,291,,05/11/2018,2677.99,,,,inv
0292-4000-PSM Ltd,292,,05/11/2018,1976.07,,,,inv
0414-0544-PZA,414,,05/11/2018,17600,,,,inv
0012-0498-iAS Ltd,12,,06/11/2018,290000,,,,inv
0343-0622-PZA,343,,08/11/2018,10910,,,,inv
0356-0622-PZA,356,,08/11/2018,10910,,,,inv
0375-0622-PZA,375,,08/11/2018,10910,,,,inv
0396-0622-PZA,396,,08/11/2018,10910,,,,inv
0412-0622-PZA,412,,08/11/2018,10910,,,,inv
0445-0622-PZA,445,,08/11/2018,10910,,,,inv
0496-0999-PZA,496,,08/11/2018,75,,,,inv
0482-0587-PZA,,,,,1000294,09/11/2018,13832.49,CN
0497-0587-PZA,,,,,1000295,12/11/2018,63159.83,CN
1590-0428-iAS Pship,,,,,,,,bd
0037-0523-PZA,,,,,,,,bd
0489-0130-PZA,489,,22/11/2018,17922,,,,inv
0490-0130-PZA,490,,22/11/2018,11072,,,,inv
0498-0613-PZA,498,,22/11/2018,13000,,,,inv
0472-0640-PZA,,,,,1000296,22/11/2018,16250,CN
0473-0640-PZA,,,,,1000297,22/11/2018,32500,CN
0518-0640-PZA,518,,22/11/2018,16250,,,,inv
0519-0640-PZA,519,,22/11/2018,32500,,,,inv
0517-0629-PZA,517,,23/11/2018,85,,,,inv
0500-0240-PZA,500,,23/11/2018,500,,,,inv
0516-0640-PZA,,,,,1000298,26/11/2018,32500,CN
0540-0648-PZA,,,,,1000299,26/11/2018,5000,CN
0499-0587-PZA,499,,26/11/2018,77197.41,,,,inv
0511-0130-PZA,511,,29/11/2018,17922,,,,inv
0512-0130-PZA,512,,29/11/2018,11072,,,,inv
0293-4000-PSM Ltd,293,,03/12/2018,2677.99,,,,inv
0294-4000-PSM Ltd,294,,03/12/2018,1976.07,,,,inv
0546-0132-PZA,546,,03/12/2018,80,,,,inv
0524-0631-PZA,524,,03/12/2018,750,,,,inv
1355-0488-iAS Pship,,,,,,,,Rem
1624-0543-iAS Pship,,,,,,,,Rem
1733-0525-iAS Pship,,,,,,,,Rem
1814-0488-iAS Pship,,,,,,,,Rem
0029-0415-PZA,,,,,,,,Rem
0185-0415-PZA,,,,,,,,Rem
0145-0565-PZA,,,,,,,,Rem
0146-0565-PZA,,,,,,,,Rem
0147-0565-PZA,,,,,,,,Rem
0290-0565-PZA,,,,,,,,Rem
0170-0549-PZA,,,,,,,,Rem
0336-0549-PZA,,,,,,,,Rem
0174-0598-PZA,,,,,,,,Rem
0296-0626-PZA,,,,,,,,Rem
0333-0582-PZA,,,,,,,,Rem
0334-0581-PZA,,,,,,,,Rem
0390-0581-PZA,,,,,,,,Rem
0335-0600-PZA,,,,,,,,Rem
0359-0415-PZA,,,,,,,,Rem
0440-0999-PZA,,,,,,,,Rem
0386-0999-PZA,,,,,,,,Rem
0387-0476-PZA,,,,,,,,Rem
0388-0476-PZA,,,,,,,,Rem
0389-0476-PZA,,,,,,,,Rem
0435-0583-PZA,,,,,,,,Rem
0436-0453-PZA,,,,,,,,Rem
0453-0634-PZA,,,,,,,,Rem
0455-0627-PZA,,,,,,,,Rem
0463-0627-PZA,,,,,,,,Rem
0481-0627-PZA,,,,,,,,Rem
0494-0627-PZA,,,,,,,,Rem
0457-0587-PZA,,,,,,,,Rem
0469-0999-PZA,,,,,,,,Rem
0470-0621-PZA,,,,,,,,Rem
0474-0626-PZA,,,,,,,,Rem
0479-0622-PZA,,,,,,,,Rem
0493-0622-PZA,,,,,,,,Rem
0491-0609-PZA,,,,,,,,Rem
0491-0609-PZA,491,,04/12/2018,20000,,,,inv
0547-0999-PZA,547,,04/12/2018,170,,,,inv
0505-0601-PZA,505,,05/12/2018,3000,,,,inv
0506-0601-PZA,506,,05/12/2018,3000,,,,inv
0507-0601-PZA,507,,05/12/2018,15500,,,,inv
0508-0601-PZA,508,,05/12/2018,15500,,,,inv
0509-0601-PZA,509,,05/12/2018,15500,,,,inv
0510-0601-PZA,510,,05/12/2018,21088.35,,,,inv
0470-0621-PZA,470,,05/12/2018,1500,,,,inv
0548-0999-PZA,548,,05/12/2018,85,,,,inv
0536-0643-PZA,536,,07/12/2018,777.95,,,,inv
0535-0641-PZA,535,,11/12/2018,4250,,,,inv
0558-0999-PZA,558,,11/12/2018,170,,,,inv
0561-0999-PZA,561,,11/12/2018,85,,,,inv
0533-0638-PZA,533,,11/12/2018,750,,,,inv
0528-0637-PZA,,,,,1000300,12/12/2018,66112,CN
0529-0637-PZA,,,,,1000301,12/12/2018,66112,CN
0530-0637-PZA,,,,,1000302,12/12/2018,66112,CN
0531-0637-PZA,,,,,1000303,12/12/2018,66112,CN
0532-0637-PZA,,,,,1000304,12/12/2018,66112,CN
0526-0633-PZA,526,,17/12/2018,750,,,,inv
0513-0609-PZA,513,,18/12/2018,20000,,,,inv
0435-0583-PZA,435,3,18/12/2018,762.72,,,,PartP
0502-0583-PZA,502,1,18/12/2018,466.09,,,,PartP
0550-0587-PZA,550,,19/12/2018,14784.56,,,,inv
0295-4000-PSM Ltd,295,,02/01/2019,2677.99,,,,inv
0296-4000-PSM Ltd,296,,02/01/2019,1976.07,,,,inv
0520-0640-PZA,520,,21/12/2018,32500,,,,inv
0523-0628-PZA,,,,,1000305,07/01/2019,3500,CN
0560-0999-PZA,560,,07/01/2019,85,,,,inv
0568-0999-PZA,568,,07/01/2019,85,,,,inv
0451-0999-PZA,451,,07/01/2019,170,,,,inv
0567-0999-PZA,567,,07/01/2019,85,,,,inv
0549-0999-PZA,549,,07/01/2019,85,,,,inv
0527-0636-PZA,527,,08/01/2019,1900,,,,inv
0014-1000-iAS Ltd,14,,08/01/2019,167.91,,,,inv
1355-0488-iAS Pship,,,,,,,,Rem
1624-0543-iAS Pship,,,,,,,,Rem
1733-0525-iAS Pship,,,,,,,,Rem
1814-0488-iAS Pship,,,,,,,,Rem
0029-0415-PZA,,,,,,,,Rem
0185-0415-PZA,,,,,,,,Rem
0145-0565-PZA,,,,,,,,Rem
0146-0565-PZA,,,,,,,,Rem
0147-0565-PZA,,,,,,,,Rem
0290-0565-PZA,,,,,,,,Rem
0170-0549-PZA,,,,,,,,Rem
0336-0549-PZA,,,,,,,,Rem
0174-0598-PZA,,,,,,,,Rem
0296-0626-PZA,,,,,,,,Rem
0333-0582-PZA,,,,,,,,Rem
0569-0628-PZA,,,,,,,,Rem
0334-0581-PZA,,,,,,,,Rem
0390-0581-PZA,,,,,,,,Rem
0335-0600-PZA,,,,,,,,Rem
0522-0625-PZA,,,,,,,,Rem
0534-0639-PZA,,,,,,,,Rem
0542-0600-PZA,,,,,,,,Rem
0359-0415-PZA,,,,,,,,Rem
0383-0999-PZA,,,,,,,,Rem
0386-0999-PZA,,,,,,,,Rem
0387-0476-PZA,,,,,,,,Rem
0388-0476-PZA,,,,,,,,Rem
0389-0476-PZA,,,,,,,,Rem
0436-0453-PZA,,,,,,,,Rem
0440-0999-PZA,,,,,,,,Rem
0502-0583-PZA,,,,,,,,Rem
0504-0619-PZA,,,,,,,,Rem
0453-0634-PZA,,,,,,,,Rem
0455-0627-PZA,,,,,,,,Rem
0463-0627-PZA,,,,,,,,Rem
0481-0627-PZA,,,,,,,,Rem
0494-0627-PZA,,,,,,,,Rem
0544-0627-PZA,,,,,,,,Rem
0557-0627-PZA,,,,,,,,Rem
0456-0999-PZA,,,,,,,,Rem
0457-0587-PZA,,,,,,,,Rem
0469-0999-PZA,,,,,,,,Rem
0474-0626-PZA,,,,,,,,Rem
0479-0622-PZA,,,,,,,,Rem
0493-0622-PZA,,,,,,,,Rem
0515-0622-PZA,,,,,,,,Rem
0555-0622-PZA,,,,,,,,Rem
0559-0646-PZA,,,,,,,,Rem
0501-0427-PZA,,,,,,,,Rem
0503-0606-PZA,,,,,,,,Rem
0525-0632-PZA,,,,,,,,Rem
0541-0500-PZA,,,,,,,,Rem
0514-0584-PZA,,,,,,,,Rem
0554-0584-PZA,,,,,,,,Rem
0537-0644-PZA,,,,,,,,Rem
0538-0644-PZA,,,,,,,,Rem
0539-0644-PZA,,,,,,,,Rem
0543-0629-PZA,,,,,,,,Rem
0545-0648-PZA,,,,,,,,Rem
0545-0648-PZA,,,,,,,,Rem
0553-0609-PZA,,,,,,,,Rem
0501-0427-PZA,501,,11/01/2019,2400,,,,inv
0553-0609-PZA,553,,15/01/2019,20000,,,,inv
0573-0999-PZA,573,,16/01/2019,85,,,,inv
0521-0624-PZA,521,,17/01/2019,3500,,,,inv
0571-0666-PZA,571,,17/01/2019,80,,,,inv
0572-0999-PZA,572,,17/01/2019,160,,,,inv
0574-0999-PZA,574,,17/01/2019,80,,,,inv
0562-0637-PZA,562,,18/01/2019,49584,,,,inv
0563-0637-PZA,563,,18/01/2019,49584,,,,inv
0564-0637-PZA,564,,18/01/2019,49584,,,,inv
0565-0637-PZA,565,,18/01/2019,49584,,,,inv
0566-0637-PZA,566,,18/01/2019,49584,,,,inv
0556-0601-PZA,556,,22/01/2019,5000,,,,inv
0479-0622-PZA,479,,22/01/2019,10910,,,,inv
0493-0622-PZA,493,,22/01/2019,10910,,,,inv
0515-0622-PZA,515,,22/01/2019,10910,,,,inv
0555-0622-PZA,555,,22/01/2019,10910,,,,inv
0514-0584-PZA,514,,24/01/2019,8000,,,,inv
0554-0584-PZA,554,,24/01/2019,8000,,,,inv
0455-0627-PZA,455,,24/01/2019,7950,,,,inv
0481-0627-PZA,481,,24/01/2019,7950,,,,inv
0494-0627-PZA,494,,24/01/2019,7950,,,,inv
0453-0634-PZA,453,,24/01/2019,12500,,,,inv
0545-0648-PZA,545,,29/01/2019,5000,,,,inv
0589-0999-PZA,589,,31/01/2019,140,,,,inv
1355-0488-iAS Pship,,,,,,,,Rem
1624-0543-iAS Pship,,,,,,,,Rem
1733-0525-iAS Pship,,,,,,,,Rem
1814-0488-iAS Pship,,,,,,,,Rem
0029-0415-PZA,,,,,,,,Rem
0185-0415-PZA,,,,,,,,Rem
0145-0565-PZA,,,,,,,,Rem
0146-0565-PZA,,,,,,,,Rem
0147-0565-PZA,,,,,,,,Rem
0290-0565-PZA,,,,,,,,Rem
0170-0549-PZA,,,,,,,,Rem
0336-0549-PZA,,,,,,,,Rem
0174-0598-PZA,,,,,,,,Rem
0296-0626-PZA,,,,,,,,Rem
0333-0582-PZA,,,,,,,,Rem
0569-0628-PZA,,,,,,,,Rem
0586-0582-PZA,,,,,,,,Rem
0334-0581-PZA,,,,,,,,Rem
0390-0581-PZA,,,,,,,,Rem
0335-0600-PZA,,,,,,,,Rem
0522-0625-PZA,,,,,,,,Rem
0534-0639-PZA,,,,,,,,Rem
0542-0600-PZA,,,,,,,,Rem
0359-0415-PZA,,,,,,,,Rem
0386-0999-PZA,,,,,,,,Rem
0387-0476-PZA,,,,,,,,Rem
0388-0476-PZA,,,,,,,,Rem
0389-0476-PZA,,,,,,,,Rem
0436-0453-PZA,,,,,,,,Rem
0440-0999-PZA,,,,,,,,Rem
0502-0583-PZA,,,,,,,,Rem
0504-0619-PZA,,,,,,,,Rem
0456-0999-PZA,,,,,,,,Rem
0457-0587-PZA,,,,,,,,Rem
0463-0627-PZA,,,,,,,,Rem
0544-0627-PZA,,,,,,,,Rem
0557-0627-PZA,,,,,,,,Rem
0580-0627-PZA,,,,,,,,Rem
0469-0999-PZA,,,,,,,,Rem
0474-0626-PZA,,,,,,,,Rem
0503-0606-PZA,,,,,,,,Rem
0525-0632-PZA,,,,,,,,Rem
0541-0500-PZA,,,,,,,,Rem
0543-0629-PZA,,,,,,,,Rem
0552-0130-PZA,,,,,,,,Rem
0551-0130-PZA,,,,,,,,Rem
0015-0498-iAS Ltd,15,,31/12/2018,186440.68,,,,inv
0016-0498-iAS Ltd,16,,31/01/2019,123559.32,,,,inv
0456-0999-PZA,456,,04/02/2019,150,,,,inv
0297-4000-PSM Ltd,297,,04/02/2019,2677.99,,,,inv
0298-4000-PSM Ltd,298,,04/02/2019,1976.07,,,,inv
0588-0999-PZA,588,,05/02/2019,85,,,,inv
0590-0999-PZA,590,,05/02/2019,85,,,,inv
0537-0644-PZA,,,,,1000306,05/02/2019,7790,CN
0538-0644-PZA,,,,,1000307,05/02/2019,7790,CN
0539-0644-PZA,,,,,1000308,05/02/2019,7790,CN
0583-0644-PZA,,,,,1000309,05/02/2019,7790,CN
0584-0644-PZA,,,,,1000310,05/02/2019,7790,CN
0587-0663-PZA,587,,06/02/2019,400,,,,inv
0570-0640-PZA,570,,07/02/2019,81250,,,,inv
0502-0583-PZA,502,2,08/02/2019,1271.19,,,,PartP
0551-0130-PZA,551,,11/02/2019,17922,,,,inv
0552-0130-PZA,552,,11/02/2019,11072,,,,inv
0601-0999-PZA,601,,15/02/2019,140,,,,inv
0598-0999-PZA,598,,15/02/2019,140,,,,inv
0602-0673-PZA,602,,19/02/2019,100,,,,inv
0603-0999-PZA,603,,19/02/2019,80,,,,inv
0591-0644-PZA,591,,22/02/2019,7790,,,,inv
0592-0644-PZA,592,,22/02/2019,7790,,,,inv
0593-0644-PZA,593,,22/02/2019,7790,,,,inv
0594-0644-PZA,594,,22/02/2019,7790,,,,inv
0595-0644-PZA,595,,22/02/2019,7790,,,,inv
0608-0644-PZA,608,,22/02/2019,7790,,,,inv
0610-0999-PZA,610,,25/02/2019,170,,,,inv
0578-0609-PZA,578,,26/02/2019,20000,,,,inv
0013-0130-iAS Ltd,13,,27/02/2019,881.4,,,,inv
0299-4000-PSM Ltd,299,,01/03/2019,2677.99,,,,inv
0300-4000-PSM Ltd,300,,01/03/2019,1976.07,,,,inv
0575-0637-PZA,575,,06/03/2019,49584,,,,inv
0576-0637-PZA,576,,06/03/2019,49584,,,,inv
0577-0637-PZA,577,,06/03/2019,49584,,,,inv
0604-0613-PZA,604,,11/03/2019,13000,,,,inv
0609-0666-PZA,609,,11/03/2019,750,,,,inv
0582-0648-PZA,582,,13/03/2019,15000,,,,inv
1823-0540-iAS Pship,1823,6,15/03/2019,1463.56,,,,PartP
1823-0540-iAS Pship,1823,7,15/03/2019,1463.56,,,,PartP
0579-0584-PZA,579,,20/03/2019,8000,,,,inv
0606-0584-PZA,606,,20/03/2019,8000,,,,inv
0581-0495-PZA,581,,20/03/2019,140,,,,inv
0619-0999-PZA,619,,27/03/2019,100,,,,inv
0620-0999-PZA,620,,27/03/2019,170,,,,inv
0624-0659-PZA,624,,28/03/2019,7500,,,,inv
0625-0659-PZA,625,,28/03/2019,7500,,,,inv
0626-0659-PZA,626,,28/03/2019,7500,,,,inv
0627-0659-PZA,627,1,28/03/2019,5500,,,,PartP
0605-0609-PZA,605,,29/03/2019,20000,,,,inv
1355-0488-iAS Pship,,,,,,,,Rem
1624-0543-iAS Pship,,,,,,,,Rem
1733-0525-iAS Pship,,,,,,,,Rem
1814-0488-iAS Pship,,,,,,,,Rem
0029-0415-PZA,,,,,,,,Rem
0185-0415-PZA,,,,,,,,Rem
0145-0565-PZA,,,,,,,,Rem
0146-0565-PZA,,,,,,,,Rem
0147-0565-PZA,,,,,,,,Rem
0290-0565-PZA,,,,,,,,Rem
0170-0549-PZA,,,,,,,,Rem
0336-0549-PZA,,,,,,,,Rem
0174-0598-PZA,,,,,,,,Rem
0296-0626-PZA,,,,,,,,Rem
0333-0582-PZA,,,,,,,,Rem
0586-0582-PZA,,,,,,,,Rem
0334-0581-PZA,,,,,,,,Rem
0390-0581-PZA,,,,,,,,Rem
0335-0600-PZA,,,,,,,,Rem
0534-0639-PZA,,,,,,,,Rem
0542-0600-PZA,,,,,,,,Rem
0359-0415-PZA,,,,,,,,Rem
0387-0476-PZA,,,,,,,,Rem
0388-0476-PZA,,,,,,,,Rem
0389-0476-PZA,,,,,,,,Rem
0436-0453-PZA,,,,,,,,Rem
0440-0999-PZA,,,,,,,,Rem
0502-0583-PZA,,,,,,,,Rem
0504-0619-PZA,,,,,,,,Rem
0457-0587-PZA,,,,,,,,Rem
0469-0999-PZA,,,,,,,,Rem
0474-0626-PZA,,,,,,,,Rem
0503-0606-PZA,,,,,,,,Rem
0525-0632-PZA,,,,,,,,Rem
0541-0500-PZA,,,,,,,,Rem
0559-0646-PZA,,,,,,,,Rem
0599-0622-PZA,,,,,,,,Rem
0600-0622-PZA,,,,,,,,Rem
0585-0472-PZA,,,,,,,,Rem
0596-0624-PZA,,,,,,,,Rem
0597-0624-PZA,,,,,,,,Rem
0630-0568-PZA,630,,02/04/2019,150,,,,inv
0631-0999-PZA,631,,02/04/2019,85,,,,inv
0629-0999-PZA,629,,02/04/2019,85,,,,inv
0616-0644-PZA,616,,02/04/2019,7790,,,,inv
0544-0627-PZA,,,,,1000311,02/04/2019,19250,CN
0557-0627-PZA,,,,,1000312,02/04/2019,19250,CN
0580-0627-PZA,,,,,1000313,02/04/2019,19250,CN
0607-0627-PZA,,,,,1000314,02/04/2019,19250,CN
0613-0627-PZA,,,,,1000315,02/04/2019,19250,CN
0301-4000-PSM Ltd,301,,03/04/2019,2677.99,,,,inv
0302-4000-PSM Ltd,302,,03/04/2019,1976.07,,,,inv
0017-0498-iAS Ltd,17,,03/04/2019,202000,,,,inv
0463-0627-PZA,463,,04/04/2019,7000,,,,inv
0633-0627-PZA,633,,04/04/2019,7950,,,,inv
0634-0627-PZA,634,,04/04/2019,7950,,,,inv
0635-0627-PZA,635,,04/04/2019,7950,,,,inv
0636-0627-PZA,636,,04/04/2019,7950,,,,inv
0543-0629-PZA,543,,04/04/2019,2250,,,,inv
0640-0999-PZA,640,,05/04/2019,340,,,,inv
0639-0999-PZA,639,,05/04/2019,85,,,,inv
0485-0999-PZA,485,,05/04/2019,170,,,,inv
0597-0624-PZA,597,,05/04/2019,212.04,,,,inv
0386-0999-PZA,386,,15/04/2019,100,,,,inv
0615-0584-PZA,615,,15/04/2019,8000,,,,inv
0618-0640-PZA,618,,15/04/2019,81250,,,,inv
0648-0646-PZA,,,,,1000316,17/04/2019,21688,CN
0502-0583-PZA,502,3,17/04/2019,1694.92,,,,PartP
0652-0999-PZA,652,,24/04/2019,140,,,,inv
0641-0415-PZA,641,,24/04/2019,1675,,,,inv
0303-4000-PSM Ltd,303,,02/05/2019,2677.99,,,,inv
0304-4000-PSM Ltd,304,,02/05/2019,1976.07,,,,inv
1355-0488-iAS Pship,,,,,,,,Rem
1624-0543-iAS Pship,,,,,,,,Rem
1733-0525-iAS Pship,,,,,,,,Rem
1814-0488-iAS Pship,,,,,,,,Rem
0029-0415-PZA,,,,,,,,Rem
0185-0415-PZA,,,,,,,,Rem
0145-0565-PZA,,,,,,,,Rem
0146-0565-PZA,,,,,,,,Rem
0147-0565-PZA,,,,,,,,Rem
0290-0565-PZA,,,,,,,,Rem
0170-0549-PZA,,,,,,,,Rem
0336-0549-PZA,,,,,,,,Rem
0174-0598-PZA,,,,,,,,Rem
0296-0626-PZA,,,,,,,,Rem
0333-0582-PZA,,,,,,,,Rem
0569-0628-PZA,,,,,,,,Rem
0586-0582-PZA,,,,,,,,Rem
0334-0581-PZA,,,,,,,,Rem
0390-0581-PZA,,,,,,,,Rem
0335-0600-PZA,,,,,,,,Rem
0522-0625-PZA,,,,,,,,Rem
0534-0639-PZA,,,,,,,,Rem
0542-0600-PZA,,,,,,,,Rem
0359-0415-PZA,,,,,,,,Rem
0383-0999-PZA,,,,,,,,Rem
0387-0476-PZA,,,,,,,,Rem
0388-0476-PZA,,,,,,,,Rem
0389-0476-PZA,,,,,,,,Rem
0436-0453-PZA,,,,,,,,Rem
0440-0999-PZA,,,,,,,,Rem
0502-0583-PZA,,,,,,,,Rem
0504-0619-PZA,,,,,,,,Rem
0457-0587-PZA,,,,,,,,Rem
0469-0999-PZA,,,,,,,,Rem
0474-0626-PZA,,,,,,,,Rem
0503-0606-PZA,,,,,,,,Rem
0525-0632-PZA,,,,,,,,Rem
0541-0500-PZA,,,,,,,,Rem
0559-0646-PZA,,,,,,,,Rem
0599-0622-PZA,,,,,,,,Rem
0600-0622-PZA,,,,,,,,Rem
0617-0622-PZA,,,,,,,,Rem
0585-0472-PZA,,,,,,,,Rem
0596-0624-PZA,,,,,,,,Rem
0614-0609-PZA,,,,,,,,Rem
0644-0609-PZA,,,,,,,,Rem
0621-0130-PZA,,,,,,,,Rem
0622-0130-PZA,,,,,,,,Rem
0623-0130-PZA,,,,,,,,Rem
0643-0130-PZA,,,,,,,,Rem
0627-0659-PZA,,,,,,,,Rem
0647-0659-PZA,,,,,,,,Rem
0628-0601-PZA,,,,,,,,Rem
0632-0601-PZA,,,,,,,,Rem
0649-0601-PZA,,,,,,,,Rem
0018-0498-iAS Ltd,18,,31/03/2019,445000,,,,inv
0502-0583-PZA,502,4,02/05/2019,1271.19,,,,PartP
0654-0999-PZA,654,,06/05/2019,80,,,,inv
0614-0609-PZA,614,,07/05/2019,20000,,,,inv
0596-0624-PZA,596,,10/05/2019,195.09,,,,inv
0621-0130-PZA,621,,14/05/2019,29908,,,,inv
0655-0999-PZA,655,,16/05/2019,80,,,,inv
0585-0472-PZA,585,,17/05/2019,1750,,,,inv
0637-0627-PZA,637,,20/05/2019,7950,,,,inv
0645-0584-PZA,645,,20/05/2019,8000,,,,inv
0644-0609-PZA,644,,22/05/2019,20000,,,,inv
0656-0999-PZA,,,,,1000317,24/05/2019,170,CN
0663-0999-PZA,663,,24/05/2019,170,,,,inv
0664-0999-PZA,664,,28/05/2019,170,,,,inv
0305-4000-PSM Ltd,305,,03/06/2019,2677.99,,,,inv
0306-4000-PSM Ltd,306,,03/06/2019,1976.07,,,,inv
0650-0640-PZA,650,,03/06/2019,81250,,,,inv
1355-0488-iAS Pship,,,,,,,,Rem
1624-0543-iAS Pship,,,,,,,,Rem
1733-0525-iAS Pship,,,,,,,,Rem
1814-0488-iAS Pship,,,,,,,,Rem
0029-0415-PZA,,,,,,,,Rem
0185-0415-PZA,,,,,,,,Rem
0145-0565-PZA,,,,,,,,Rem
0146-0565-PZA,,,,,,,,Rem
0147-0565-PZA,,,,,,,,Rem
0290-0565-PZA,,,,,,,,Rem
0170-0549-PZA,,,,,,,,Rem
0336-0549-PZA,,,,,,,,Rem
0174-0598-PZA,,,,,,,,Rem
0296-0626-PZA,,,,,,,,Rem
0333-0582-PZA,,,,,,,,Rem
0569-0628-PZA,,,,,,,,Rem
0586-0582-PZA,,,,,,,,Rem
0334-0581-PZA,,,,,,,,Rem
0390-0581-PZA,,,,,,,,Rem
0335-0600-PZA,,,,,,,,Rem
0522-0625-PZA,,,,,,,,Rem
0534-0639-PZA,,,,,,,,Rem
0542-0600-PZA,,,,,,,,Rem
0359-0415-PZA,,,,,,,,Rem
0387-0476-PZA,,,,,,,,Rem
0388-0476-PZA,,,,,,,,Rem
0389-0476-PZA,,,,,,,,Rem
0436-0453-PZA,,,,,,,,Rem
0440-0999-PZA,,,,,,,,Rem
0502-0583-PZA,,,,,,,,Rem
0504-0619-PZA,,,,,,,,Rem
0638-0619-PZA,,,,,,,,Rem
0457-0587-PZA,,,,,,,,Rem
0469-0999-PZA,,,,,,,,Rem
0474-0626-PZA,,,,,,,,Rem
0503-0606-PZA,,,,,,,,Rem
0525-0632-PZA,,,,,,,,Rem
0541-0500-PZA,,,,,,,,Rem
0559-0646-PZA,,,,,,,,Rem
0599-0622-PZA,,,,,,,,Rem
0600-0622-PZA,,,,,,,,Rem
0617-0622-PZA,,,,,,,,Rem
0642-0646-PZA,,,,,,,,Rem
0646-0622-PZA,,,,,,,,Rem
0660-0622-PZA,,,,,,,,Rem
0622-0130-PZA,,,,,,,,Rem
0623-0130-PZA,,,,,,,,Rem
0643-0130-PZA,,,,,,,,Rem
0658-0130-PZA,,,,,,,,Rem
0627-0659-PZA,,,,,,,,Rem
0647-0659-PZA,,,,,,,,Rem
0661-0659-PZA,,,,,,,,Rem
0628-0601-PZA,,,,,,,,Rem
0632-0601-PZA,,,,,,,,Rem
0649-0601-PZA,,,,,,,,Rem
0651-0627-PZA,,,,,,,,Rem
0662-0627-PZA,,,,,,,,Rem
0653-0637-PZA,,,,,,,,Rem
0622-0130-PZA,622,,06/06/2019,29908,,,,inv
0665-0999-PZA,665,,12/06/2019,85,,,,inv
0658-0130-PZA,,,,,1000318,12/06/2019,21561.87,CN
0668-0999-PZA,668,,19/06/2019,170,,,,inv
0669-0999-PZA,669,,19/06/2019,170,,,,inv
0666-0999-PZA,666,,19/06/2019,170,,,,inv
1823-0540-iAS Pship,1823,8,20/06/2019,1463.56,,,,PartP
1823-0540-iAS Pship,1823,9,20/06/2019,1463.56,,,,PartP
1823-0540-iAS Pship,1823,10,20/06/2019,1463.56,,,,PartP
0502-0583-PZA,502,5,20/06/2019,2118.64,,,,PartP
0682-0999-PZA,682,,20/06/2019,85,,,,inv
0683-0999-PZA,683,,26/06/2019,85,,,,inv
0680-0999-PZA,680,,27/06/2019,85,,,,inv
0307-4000-PSM Ltd,307,,01/07/2019,2677.99,,,,inv
0308-4000-PSM Ltd,308,,01/07/2019,1976.07,,,,inv
1355-0488-iAS Pship,,,,,,,,Rem
1624-0543-iAS Pship,,,,,,,,Rem
1814-0488-iAS Pship,,,,,,,,Rem
0029-0415-PZA,,,,,,,,Rem
0185-0415-PZA,,,,,,,,Rem
0145-0565-PZA,,,,,,,,Rem
0146-0565-PZA,,,,,,,,Rem
0147-0565-PZA,,,,,,,,Rem
0290-0565-PZA,,,,,,,,Rem
0170-0549-PZA,,,,,,,,Rem
0336-0549-PZA,,,,,,,,Rem
0174-0598-PZA,,,,,,,,Rem
0296-0626-PZA,,,,,,,,Rem
0333-0582-PZA,,,,,,,,Rem
0569-0628-PZA,,,,,,,,Rem
0586-0582-PZA,,,,,,,,Rem
0334-0581-PZA,,,,,,,,Rem
0390-0581-PZA,,,,,,,,Rem
0335-0600-PZA,,,,,,,,Rem
0522-0625-PZA,,,,,,,,Rem
0534-0639-PZA,,,,,,,,Rem
0542-0600-PZA,,,,,,,,Rem
0359-0415-PZA,,,,,,,,Rem
0387-0476-PZA,,,,,,,,Rem
0383-0999-PZA,,,,,,,,Rem
0388-0476-PZA,,,,,,,,Rem
0389-0476-PZA,,,,,,,,Rem
0436-0453-PZA,,,,,,,,Rem
0440-0999-PZA,,,,,,,,Rem
0502-0583-PZA,,,,,,,,Rem
0504-0619-PZA,,,,,,,,Rem
0638-0619-PZA,,,,,,,,Rem
0457-0587-PZA,,,,,,,,Rem
0469-0999-PZA,,,,,,,,Rem
0474-0626-PZA,,,,,,,,Rem
0503-0606-PZA,,,,,,,,Rem
0525-0632-PZA,,,,,,,,Rem
0541-0500-PZA,,,,,,,,Rem
0559-0646-PZA,,,,,,,,Rem
0599-0622-PZA,,,,,,,,Rem
0600-0622-PZA,,,,,,,,Rem
0617-0622-PZA,,,,,,,,Rem
0642-0646-PZA,,,,,,,,Rem
0646-0622-PZA,,,,,,,,Rem
0660-0622-PZA,,,,,,,,Rem
0673-0622-PZA,,,,,,,,Rem
0627-0659-PZA,,,,,,,,Rem
0647-0659-PZA,,,,,,,,Rem
0661-0659-PZA,,,,,,,,Rem
0674-0659-PZA,,,,,,,,Rem
0628-0601-PZA,,,,,,,,Rem
0632-0601-PZA,,,,,,,,Rem
0649-0601-PZA,,,,,,,,Rem
0651-0627-PZA,,,,,,,,Rem
0662-0627-PZA,,,,,,,,Rem
0670-0627-PZA,,,,,,,,Rem
0653-0637-PZA,,,,,,,,Rem
0657-0544-PZA,,,,,,,,Rem
0659-0584-PZA,,,,,,,,Rem
0672-0584-PZA,,,,,,,,Rem
0684-0999-PZA,,,,,1000319,04/07/2019,290,CN
0685-0999-PZA,685,,04/07/2019,290,,,,inv
0649-0601-PZA,,,,,1000320,04/07/2019,113918.59,CN
0651-0627-PZA,651,,05/07/2019,7950,,,,inv
0662-0627-PZA,662,,05/07/2019,7950,,,,inv
0670-0627-PZA,670,,05/07/2019,7950,,,,inv
0623-0130-PZA,623,,05/07/2019,29908,,,,inv
0659-0584-PZA,659,,05/07/2019,8000,,,,inv
0687-0999-PZA,687,,08/07/2019,170,,,,inv
1823-0540-iAS Pship,1823,11,11/07/2019,71.67,,,,PartP
1824-0591-iAS Pship,1824,1,11/07/2019,1391.89,,,,PartP
0657-0544-PZA,657,1,11/07/2019,508.47,,,,PartP
0672-0584-PZA,672,,12/07/2019,8000,,,,inv
0174-0598-PZA,,,,,1000321,12/07/2019,15000,CN
0019-0498-iAS Ltd,19,,30/06/2019,215000,,,,inv
0020-0498-iAS Ltd,20,,31/07/2019,190000,,,,inv
0145-0565-PZA,,,,,1000322,17/07/2019,133750,CN
0146-0565-PZA,,,,,1000323,17/07/2019,46250,CN
0147-0565-PZA,,,,,1000324,17/07/2019,30420,CN
0290-0565-PZA,,,,,1000325,17/07/2019,48150,CN
0690-0565-PZA,690,,17/07/2019,170000,,,,inv
0681-0999-PZA,681,,17/07/2019,170,,,,inv
0691-0999-PZA,691,,18/07/2019,85,,,,inv
0689-0999-PZA,689,,29/07/2019,290,,,,inv
0559-0646-PZA,559,,29/07/2019,18027,,,,inv
0642-0646-PZA,642,,29/07/2019,21688,,,,inv
0703-0618-PZA,703,,29/07/2019,2000,,,,inv
0653-0637-PZA,653,,31/07/2019,50,,,,inv
0646-0622-PZA,,,,,1000326,31/07/2019,10910,CN
0660-0622-PZA,,,,,1000327,31/07/2019,10910,CN
0673-0622-PZA,,,,,1000328,31/07/2019,10910,CN
0643-0130-PZA,643,,01/08/2019,21366.1,,,,inv
1355-0488-iAS Pship,,,,,,,,Rem
1624-0543-iAS Pship,,,,,,,,Rem
1733-0525-iAS Pship,,,,,,,,Rem
1814-0488-iAS Pship,,,,,,,,Rem
0029-0415-PZA,,,,,,,,Rem
0185-0415-PZA,,,,,,,,Rem
0170-0549-PZA,,,,,,,,Rem
0336-0549-PZA,,,,,,,,Rem
0700-0549-PZA,,,,,,,,Rem
0296-0626-PZA,,,,,,,,Rem
0333-0582-PZA,,,,,,,,Rem
0569-0628-PZA,,,,,,,,Rem
0586-0582-PZA,,,,,,,,Rem
0334-0581-PZA,,,,,,,,Rem
0390-0581-PZA,,,,,,,,Rem
0335-0600-PZA,,,,,,,,Rem
0522-0625-PZA,,,,,,,,Rem
0534-0639-PZA,,,,,,,,Rem
0542-0600-PZA,,,,,,,,Rem
0702-0600-PZA,,,,,,,,Rem
0359-0415-PZA,,,,,,,,Rem
0387-0476-PZA,,,,,,,,Rem
0388-0476-PZA,,,,,,,,Rem
0389-0476-PZA,,,,,,,,Rem
0436-0453-PZA,,,,,,,,Rem
0440-0999-PZA,,,,,,,,Rem
0502-0583-PZA,,,,,,,,Rem
0504-0619-PZA,,,,,,,,Rem
0638-0619-PZA,,,,,,,,Rem
0701-0583-PZA,,,,,,,,Rem
0457-0587-PZA,,,,,,,,Rem
0469-0999-PZA,,,,,,,,Rem
0474-0626-PZA,,,,,,,,Rem
0503-0606-PZA,,,,,,,,Rem
0525-0632-PZA,,,,,,,,Rem
0541-0500-PZA,,,,,,,,Rem
0599-0622-PZA,,,,,,,,Rem
0600-0622-PZA,,,,,,,,Rem
0617-0622-PZA,,,,,,,,Rem
0627-0659-PZA,,,,,,,,Rem
0647-0659-PZA,,,,,,,,Rem
0674-0659-PZA,,,,,,,,Rem
0628-0601-PZA,,,,,,,,Rem
0632-0601-PZA,,,,,,,,Rem
0686-0601-PZA,,,,,,,,Rem
0667-0130-PZA,,,,,,,,Rem
0671-0130-PZA,,,,,,,,Rem
0693-0130-PZA,,,,,,,,Rem
0675-0644-PZA,,,,,,,,Rem
0676-0644-PZA,,,,,,,,Rem
0677-0644-PZA,,,,,,,,Rem
0678-0644-PZA,,,,,,,,Rem
0679-0644-PZA,,,,,,,,Rem
0707-0644-PZA,,,,,,,,Rem
0309-4000-PSM Ltd,309,,02/08/2019,2677.99,,,,inv
0310-4000-PSM Ltd,310,,02/08/2019,1976.07,,,,inv
0705-0631-PZA,705,,06/08/2019,750,,,,inv
1261-0498-Sai Ltd,1261,,06/08/2019,31543.9,,,,inv
0716-0999-PZA,716,,08/08/2019,205,,,,inv
0702-0600-PZA,,,,,1000329,19/08/2019,20000,CN
0502-0583-PZA,502,6,19/08/2019,1177.97,,,,PartP
0504-0619-PZA,504,,19/08/2019,2500,,,,inv
0638-0619-PZA,638,1,19/08/2019,559.32,,,,PartP
0675-0644-PZA,675,,19/08/2019,12755.42,,,,inv
0676-0644-PZA,676,,19/08/2019,17853.75,,,,inv
0677-0644-PZA,677,,19/08/2019,21687.08,,,,inv
0678-0644-PZA,678,,19/08/2019,24600.42,,,,inv
0679-0644-PZA,679,,19/08/2019,24600.42,,,,inv
0695-0584-PZA,695,,27/08/2019,8000,,,,inv
0708-0679-PZA,708,,28/08/2019,16445,,,,inv
0709-0679-PZA,709,,28/08/2019,16445,,,,inv
0311-4000-PSM Ltd,311,,02/09/2019,2677.99,,,,inv
0312-4000-PSM Ltd,312,,02/09/2019,1976.07,,,,inv
0667-0130-PZA,667,,02/09/2019,24837.29,,,,inv
0021-0130-iAS Ltd,21,,02/09/2019,960.96,,,,inv
0723-0999-PZA,723,,03/09/2019,85,,,,inv
0722-0999-PZA,722,,04/09/2019,85,,,,inv
1355-0488-iAS Pship,,,,,,,,Rem
1624-0543-iAS Pship,,,,,,,,Rem
1733-0525-iAS Pship,,,,,,,,Rem
1814-0488-iAS Pship,,,,,,,,Rem
0029-0415-PZA,,,,,,,,Rem
0185-0415-PZA,,,,,,,,Rem
0170-0549-PZA,,,,,,,,Rem
0336-0549-PZA,,,,,,,,Rem
0700-0549-PZA,,,,,,,,Rem
0718-0600-PZA,,,,,,,,Rem
0296-0626-PZA,,,,,,,,Rem
0333-0582-PZA,,,,,,,,Rem
0569-0628-PZA,,,,,,,,Rem
0586-0582-PZA,,,,,,,,Rem
0334-0581-PZA,,,,,,,,Rem
0522-0625-PZA,,,,,,,,Rem
0534-0639-PZA,,,,,,,,Rem
0542-0600-PZA,,,,,,,,Rem
0359-0415-PZA,,,,,,,,Rem
0383-0999-PZA,,,,,,,,Rem
0387-0476-PZA,,,,,,,,Rem
0388-0476-PZA,,,,,,,,Rem
0389-0476-PZA,,,,,,,,Rem
0436-0453-PZA,,,,,,,,Rem
0440-0999-PZA,,,,,,,,Rem
0638-0619-PZA,,,,,,,,Rem
0701-0583-PZA,,,,,,,,Rem
0457-0587-PZA,,,,,,,,Rem
0469-0999-PZA,,,,,,,,Rem
0474-0626-PZA,,,,,,,,Rem
0503-0606-PZA,,,,,,,,Rem
0525-0632-PZA,,,,,,,,Rem
0541-0500-PZA,,,,,,,,Rem
0599-0622-PZA,,,,,,,,Rem
0600-0622-PZA,,,,,,,,Rem
0617-0622-PZA,,,,,,,,Rem
0712-0622-PZA,,,,,,,,Rem
0713-0622-PZA,,,,,,,,Rem
0714-0622-PZA,,,,,,,,Rem
0715-0622-PZA,,,,,,,,Rem
0627-0659-PZA,,,,,,,,Rem
0647-0659-PZA,,,,,,,,Rem
0661-0659-PZA,,,,,,,,Rem
0674-0659-PZA,,,,,,,,Rem
0694-0659-PZA,,,,,,,,Rem
0628-0601-PZA,,,,,,,,Rem
0632-0601-PZA,,,,,,,,Rem
0686-0601-PZA,,,,,,,,Rem
0667-0130-PZA,,,,,,,,Rem
0671-0130-PZA,,,,,,,,Rem
0693-0130-PZA,,,,,,,,Rem
0688-0598-PZA,,,,,,,,Rem
0692-0999-PZA,,,,,,,,Rem
0696-0551-PZA,,,,,,,,Rem
0698-0495-PZA,,,,,,,,Rem
0704-0630-PZA,,,,,,,,Rem
0706-0635-PZA,,,,,,,,Rem
0697-0427-PZA,,,,,,,,Rem
0707-0644-PZA,,,,,,,,Rem
0724-0644-PZA,,,,,,,,Rem
0710-0677-PZA,,,,,,,,Rem
0711-0608-PZA,,,,,,,,Rem
0725-0999-PZA,725,,06/09/2019,85,,,,inv
0692-0999-PZA,692,,06/09/2019,170,,,,inv
0638-0619-PZA,638,2,11/09/2019,690.68,,,,PartP
0701-0583-PZA,701,1,11/09/2019,3546.61,,,,PartP
0627-0659-PZA,627,2,16/09/2019,2000,,,,PartP
0647-0659-PZA,647,,16/09/2019,7500,,,,inv
0661-0659-PZA,661,,16/09/2019,7500,,,,inv
0674-0659-PZA,674,,16/09/2019,7500,,,,inv
0694-0659-PZA,694,1,16/09/2019,5500,,,,PartP
0313-4000-PSM Ltd,313,,26/09/2019,2677.99,,,,inv
0314-4000-PSM Ltd,314,,26/09/2019,1976.07,,,,inv
0599-0622-PZA,599,,01/10/2019,10910,,,,inv
0600-0622-PZA,600,,01/10/2019,10910,,,,inv
0617-0622-PZA,617,,01/10/2019,10910,,,,inv
0712-0622-PZA,712,,01/10/2019,7500,,,,inv
0713-0622-PZA,713,,01/10/2019,7500,,,,inv
0714-0622-PZA,714,,01/10/2019,7500,,,,inv
0715-0622-PZA,715,,01/10/2019,7500,,,,inv
0710-0677-PZA,710,,07/10/2019,10000,,,,inv
0707-0644-PZA,707,,07/10/2019,27513,,,,inv
0671-0130-PZA,671,,07/10/2019,24837.29,,,,inv
0711-0608-PZA,,,,,1000330,07/10/2019,36780,CN
0735-0999-PZA,735,,08/10/2019,85,,,,inv
0503-0606-PZA,503,,11/10/2019,3500,,,,inv
0525-0632-PZA,525,,11/10/2019,16000,,,,inv
0541-0500-PZA,541,,11/10/2019,3250,,,,inv
0717-0680-PZA,717,,11/10/2019,11000,,,,inv
1824-0591-iAS Pship,1824,2,11/10/2019,1463.56,,,,PartP
1824-0591-iAS Pship,1824,3,11/10/2019,1463.56,,,,PartP
0701-0583-PZA,701,2,14/10/2019,4237.28,,,,PartP
0737-0999-PZA,737,,24/10/2019,170,,,,inv
0738-0999-PZA,738,,24/10/2019,170,,,,inv
0694-0659-PZA,694,2,04/11/2019,2000,,,,PartP
0731-0659-PZA,731,,04/11/2019,7500,,,,inv
0732-0659-PZA,732,,04/11/2019,7500,,,,inv
1824-0591-iAS Pship,1824,4,04/11/2019,1461.12,,,,PartP
0764-0999-PZA,764,,13/11/2019,170,,,,inv
0756-0584-PZA,756,,13/11/2019,106.59,,,,inv
0728-0679-PZA,,,,,1000331,14/11/2019,16445,CN
0742-0679-PZA,,,,,1000332,14/11/2019,16445,CN
0724-0644-PZA,724,,14/11/2019,27513.75,,,,inv
0729-0644-PZA,729,,14/11/2019,27513.75,,,,inv
0741-0659-PZA,741,1,14/11/2019,5500,,,,PartP
0628-0601-PZA,628,,14/11/2019,17222.5,,,,inv
0632-0601-PZA,632,,14/11/2019,3575,,,,inv
0315-4000-PSM Ltd,315,,14/11/2019,2677.99,,,,inv
0316-4000-PSM Ltd,316,,14/11/2019,1976.07,,,,inv
0763-0999-PZA,763,,15/11/2019,85,,,,inv
1355-0488-iAS Pship,,,,,,,,Rem
1624-0543-iAS Pship,,,,,,,,Rem
1814-0488-iAS Pship,,,,,,,,Rem
1733-0525-iAS Pship,,,,,,,,Rem
0612-0999-PZA,,,,,,,,Rem
0699-0999-PZA,,,,,,,,Rem
0611-0999-PZA,,,,,,,,Rem
0457-0587-PZA,,,,,,,,Rem
0029-0415-PZA,,,,,,,,Rem
0185-0415-PZA,,,,,,,,Rem
0170-0549-PZA,,,,,,,,Rem
0336-0549-PZA,,,,,,,,Rem
0700-0549-PZA,,,,,,,,Rem
0718-0600-PZA,,,,,,,,Rem
0296-0626-PZA,,,,,,,,Rem
0333-0582-PZA,,,,,,,,Rem
0569-0628-PZA,,,,,,,,Rem
0586-0582-PZA,,,,,,,,Rem
0334-0581-PZA,,,,,,,,Rem
0390-0581-PZA,,,,,,,,Rem
0335-0600-PZA,,,,,,,,Rem
0522-0625-PZA,,,,,,,,Rem
0534-0639-PZA,,,,,,,,Rem
0542-0600-PZA,,,,,,,,Rem
0387-0476-PZA,,,,,,,,Rem
0388-0476-PZA,,,,,,,,Rem
0389-0476-PZA,,,,,,,,Rem
0436-0453-PZA,,,,,,,,Rem
0469-0999-PZA,,,,,,,,Rem
0474-0626-PZA,,,,,,,,Rem
0688-0598-PZA,,,,,,,,Rem
0693-0130-PZA,,,,,,,,Rem
0719-0130-PZA,,,,,,,,Rem
0726-0130-PZA,,,,,,,,Rem
0739-0130-PZA,,,,,,,,Rem
0696-0551-PZA,,,,,,,,Rem
0698-0495-PZA,,,,,,,,Rem
0704-0630-PZA,,,,,,,,Rem
0706-0635-PZA,,,,,,,,Rem
0697-0427-PZA,,,,,,,,Rem
0720-0679-PZA,,,,,,,,Rem
0765-0679-PZA,,,,,,,,Rem
0766-0679-PZA,,,,,,,,Rem
0721-0622-PZA,,,,,,,,Rem
0727-0622-PZA,,,,,,,,Rem
0740-0622-PZA,,,,,,,,Rem
0730-0653-PZA,,,,,,,,Rem
0733-0608-PZA,,,,,,,,Rem
0734-0608-PZA,,,,,,,,Rem
0736-0624-PZA,,,,,,,,Rem
0359-0415-PZA,,,,,,,,Rem
0383-0999-PZA,,,,,,,,Rem
0317-4000-PSM Ltd,317,,28/11/2019,2677.99,,,,inv
0318-4000-PSM Ltd,318,,28/11/2019,1976.07,,,,inv
0721-0622-PZA,,,,,,,,Rem
0727-0622-PZA,,,,,,,,Rem
0740-0622-PZA,,,,,,,,Rem
0751-0637-PZA,751,,02/12/2019,49584,,,,inv
0752-0637-PZA,752,,02/12/2019,49584,,,,inv
0753-0637-PZA,753,,02/12/2019,49584,,,,inv
0755-0637-PZA,755,,02/12/2019,50,,,,inv
0693-0130-PZA,693,,03/12/2019,19425.42,,,,inv
0719-0130-PZA,719,,03/12/2019,17550,,,,inv
0743-0644-PZA,,,,,1000333,29/11/2019,27513.75,CN
0776-0999-PZA,776,,03/12/2019,160,,,,inv
0777-0999-PZA,777,,05/12/2019,150,,,,inv
0779-0592-PZA,779,,05/12/2019,60,,,,inv
0780-0999-PZA,780,,06/12/2019,160,,,,inv
0782-0999-PZA,782,,19/12/2019,85,,,,inv
0726-0130-PZA,726,,14/01/2020,17550,,,,inv
0739-0130-PZA,739,,14/01/2020,7150,,,,inv
0775-0680-PZA,775,,14/01/2020,10400,,,,inv
0698-0495-PZA,698,,14/01/2020,7250,,,,inv
0704-0630-PZA,704,,14/01/2020,3500,,,,inv
0706-0635-PZA,706,,14/01/2020,15000,,,,inv
0771-0644-PZA,771,,14/01/2020,35161.25,,,,inv
0772-0644-PZA,772,,14/01/2020,37892.5,,,,inv
0754-0637-PZA,754,,14/01/2020,49584,,,,inv
0757-0637-PZA,757,,14/01/2020,49584,,,,inv
0758-0637-PZA,758,,14/01/2020,49584,,,,inv
0778-0551-PZA,778,,20/01/2020,50,,,,inv
0319-4000-PSM Ltd,319,,20/01/2020,2677.99,,,,inv
0320-4000-PSM Ltd,320,,20/01/2020,1976.07,,,,inv
0790-0999-PZA,790,,21/01/2020,130,,,,inv
0720-0679-PZA,720,,29/01/2020,16445,,,,inv
0321-4000-PSM Ltd,321,,30/01/2020,2677.99,,,,inv
0322-4000-PSM Ltd,322,,30/01/2020,1976.07,,,,inv
0787-0644-PZA,787,,31/01/2020,37892.5,,,,inv
0781-0681-PZA,781,,31/01/2020,50,,,,inv
0768-0130-PZA,768,,04/02/2020,8710,,,,inv
0744-0609-PZA,744,,11/02/2020,20000,,,,inv
0745-0609-PZA,745,,11/02/2020,20000,,,,inv
0746-0609-PZA,746,,11/02/2020,20000,,,,inv
0747-0609-PZA,747,,11/02/2020,20000,,,,inv
0748-0609-PZA,748,,11/02/2020,20000,,,,inv
0749-0609-PZA,749,,11/02/2020,20000,,,,inv
0750-0609-PZA,750,,11/02/2020,20000,,,,inv
0022-0498-iAS Ltd,22,,12/02/2020,265000,,,,inv
0023-0498-iAS Ltd,23,,12/02/2020,105000,,,,inv
0024-0498-iAS Ltd,24,,12/02/2020,375000,,,,inv
0762-0520-PZA,762,,13/02/2020,50000,,,,inv
0759-0637-PZA,759,,14/02/2020,49584,,,,inv
0760-0637-PZA,760,,14/02/2020,49584,,,,inv
0761-0637-PZA,761,,14/02/2020,49584,,,,inv
0765-0679-PZA,765,,17/02/2020,16445,,,,inv
0797-0999-PZA,797,,17/02/2020,85.66,,,,inv
0784-0609-PZA,784,,21/02/2020,20000,,,,inv
0741-0659-PZA,741,2,24/02/2020,2000,,,,PartP
0770-0659-PZA,770,,24/02/2020,7500,,,,inv
0786-0659-PZA,786,,24/02/2020,7500,,,,inv
0800-0999-PZA,800,,26/02/2020,85.66,,,,inv
0799-0999-PZA,799,,26/02/2020,171.32,,,,inv
0783-0130-PZA,,,,,,,,Rem
0796-0130-PZA,,,,,,,,Rem
0025-0130-iAS Ltd,,,,,,,,Rem
0766-0679-PZA,,,,,,,,Rem
0774-0679-PZA,,,,,,,,Rem
0789-0679-PZA,,,,,,,,Rem
0795-0679-PZA,,,,,,,,Rem
0733-0608-PZA,,,,,,,,Rem
0734-0608-PZA,,,,,,,,Rem
0701-0583-PZA,,,,,,,,Rem
0440-0999-PZA,,,,,,,,Rem
0359-0415-PZA,,,,,,,,Rem
0736-0624-PZA,,,,,,,,Rem
0612-0999-PZA,,,,,,,,Rem
0699-0999-PZA,,,,,,,,Rem
0696-0551-PZA,,,,,,,,Rem
0474-0626-PZA,,,,,,,,Rem
0296-0626-PZA,,,,,,,,Rem
0730-0653-PZA,,,,,,,,Rem
0697-0427-PZA,,,,,,,,Rem
0436-0453-PZA,,,,,,,,Rem
0611-0999-PZA,,,,,,,,Rem
0767-0999-PZA,,,,,,,,Rem
0783-0130-PZA,783,,02/03/2020,8710,,,,inv
0798-0999-PZA,798,,02/03/2020,85.66,,,,inv
0721-0622-PZA,721,,02/03/2020,7500,,,,inv
0727-0622-PZA,727,,02/03/2020,7500,,,,inv
0740-0622-PZA,740,,02/03/2020,7500,,,,inv
0769-0622-PZA,769,,02/03/2020,7500,,,,inv
0785-0622-PZA,785,,02/03/2020,7500,,,,inv
0792-0622-PZA,792,,02/03/2020,7500,,,,inv
0766-0679-PZA,766,,03/03/2020,16445,,,,inv
0323-4000-PSM Ltd,323,,03/03/2020,2677.99,,,,inv
0324-4000-PSM Ltd,324,,03/03/2020,1976.07,,,,inv
0793-0644-PZA,793,,09/03/2020,37892.5,,,,inv
0733-0608-PZA,733,,09/03/2020,30770,,,,inv
1355-0488-iAS Pship,,,,,,,,bd
1624-0543-iAS Pship,,,,,,,,bd
1733-0525-iAS Pship,,,,,,,,bd
1814-0488-iAS Pship,,,,,,,,bd
1262-0498-Sai Ltd,1262,,31/12/2019,4975.91,,,,inv
1256-0498-Sai Ltd,1256,,21/11/2017,90000,,,,inv
1257-0498-Sai Ltd,1257,,21/11/2017,180000,,,,inv
1260-1000-Sai Ltd,1260,,25/01/2018,70,,,,inv
0026-0498-iAS Ltd,26,,16/03/2020,11732,,,,inv
0767-0999-PZA,767,,16/03/2020,170,,,,inv
0325-4000-PSM Ltd,325,,23/03/2020,2677.99,,,,inv
0326-4000-PSM Ltd,326,,23/03/2020,1976.07,,,,inv
0730-0653-PZA,,,,,,,,Rem
0170-0549-PZA,,,,,,,,Rem
0336-0549-PZA,,,,,,,,Rem
0700-0549-PZA,,,,,,,,Rem
0718-0600-PZA,,,,,,,,Rem
0612-0999-PZA,,,,,,,,Rem
0699-0999-PZA,,,,,,,,Rem
0333-0582-PZA,,,,,,,,Rem
0569-0628-PZA,,,,,,,,Rem
0586-0582-PZA,,,,,,,,Rem
0457-0587-PZA,,,,,,,,Rem
0611-0999-PZA,,,,,,,,Rem
0387-0476-PZA,,,,,,,,Rem
0388-0476-PZA,,,,,,,,Rem
0389-0476-PZA,,,,,,,,Rem
0697-0427-PZA,,,,,,,,Rem
0436-0453-PZA,,,,,,,,Rem
0383-0999-PZA,,,,,,,,Rem
0029-0415-PZA,,,,,,,,Rem
0185-0415-PZA,,,,,,,,Rem
0335-0600-PZA,,,,,,,,Rem
0522-0625-PZA,,,,,,,,Rem
0534-0639-PZA,,,,,,,,Rem
0542-0600-PZA,,,,,,,,Rem
0809-0676-PZA,,,,,,,,Rem
0469-0999-PZA,,,,,,,,Rem
0334-0581-PZA,,,,,,,,Rem
0390-0581-PZA,,,,,,,,Rem
0359-0415-PZA,,,,,,,,Rem
0734-0608-PZA,,,,,,,,Rem
0803-0622-PZA,,,,,,,,Rem
0736-0624-PZA,,,,,,,,Rem
0796-0130-PZA,,,,,,,,Rem
0801-0130-PZA,,,,,,,,Rem
0815-0130-PZA,,,,,,,,Rem
0688-0598-PZA,,,,,,,,Rem
0774-0679-PZA,,,,,,,,Rem
0789-0679-PZA,,,,,,,,Rem
0795-0679-PZA,,,,,,,,Rem
0805-0679-PZA,,,,,,,,Rem
0474-0626-PZA,,,,,,,,Rem
0296-0626-PZA,,,,,,,,Rem
0696-0551-PZA,,,,,,,,Rem
0791-0609-PZA,,,,,,,,Rem
0802-0609-PZA,,,,,,,,Rem
0813-0609-PZA,,,,,,,,Rem
0701-0583-PZA,,,,,,,,Rem
0806-0667-PZA,806,,27/03/2020,40000,,,,inv
0791-0609-PZA,791,,27/03/2020,20000,,,,inv
0804-0644-PZA,,,,,,,,Rem
0814-0644-PZA,,,,,,,,Rem
0811-0683-PZA,811,,01/04/2020,50,,,,inv
0809-0676-PZA,809,,01/04/2020,60,,,,inv
0773-0637-PZA,773,,01/04/2020,49584,,,,inv
0788-0637-PZA,788,,01/04/2020,49584,,,,inv
0794-0637-PZA,794,,01/04/2020,49584,,,,inv
0807-0637-PZA,807,,01/04/2020,50,,,,inv
0816-0637-PZA,816,,01/04/2020,50,,,,inv
0796-0130-PZA,796,,03/04/2020,6110,,,,inv
0025-0130-iAS Ltd,25,,03/04/2020,701.88,,,,inv
0795-0679-PZA,,,,,1000334,06/04/2020,16445,CN
0805-0679-PZA,,,,,1000335,06/04/2020,16445,CN
0774-0679-PZA,,,,,1000336,06/04/2020,16445,CN
0789-0679-PZA,,,,,1000337,06/04/2020,16445,CN
0810-0480-PZA,810,,09/04/2020,50,,,,inv
0820-0999-PZA,820,,13/04/2020,85.66,,,,inv
0696-0551-PZA,696,,13/04/2020,2500,,,,inv
0388-0476-PZA,388,1,16/04/2020,42372.88,,,,PartP
0802-0609-PZA,,,,,,,,Rem
0813-0609-PZA,,,,,,,,Rem
0821-0609-PZA,,,,,,,,Rem
0170-0549-PZA,,,,,,,,Rem
0336-0549-PZA,,,,,,,,Rem
0700-0549-PZA,,,,,,,,Rem
0718-0600-PZA,,,,,,,,Rem
0688-0598-PZA,,,,,,,,Rem
0296-0626-PZA,,,,,,,,Rem
0474-0626-PZA,,,,,,,,Rem
0334-0581-PZA,,,,,,,,Rem
0390-0581-PZA,,,,,,,,Rem
0436-0453-PZA,,,,,,,,Rem
0697-0427-PZA,,,,,,,,Rem
0611-0999-PZA,,,,,,,,Rem
0333-0582-PZA,,,,,,,,Rem
0569-0628-PZA,,,,,,,,Rem
0586-0582-PZA,,,,,,,,Rem
0612-0999-PZA,,,,,,,,Rem
0699-0999-PZA,,,,,,,,Rem
0469-0999-PZA,,,,,,,,Rem
0457-0587-PZA,,,,,,,,Rem
0335-0600-PZA,,,,,,,,Rem
0522-0625-PZA,,,,,,,,Rem
0534-0639-PZA,,,,,,,,Rem
0542-0600-PZA,,,,,,,,Rem
0359-0415-PZA,,,,,,,,Rem
0029-0415-PZA,,,,,,,,Rem
0185-0415-PZA,,,,,,,,Rem
0730-0653-PZA,,,,,,,,Rem
0736-0624-PZA,,,,,,,,Rem
0823-0624-PZA,,,,,,,,Rem
0387-0476-PZA,,,,,,,,Rem
0388-0476-PZA,,,,,,,,Rem
0389-0476-PZA,,,,,,,,Rem
0801-0130-PZA,,,,,,,,Rem
0815-0130-PZA,,,,,,,,Rem
0383-0999-PZA,,,,,,,,Rem
0803-0622-PZA,,,,,,,,Rem
0819-0622-PZA,,,,,,,,Rem
0804-0644-PZA,,,,,,,,Rem
0814-0644-PZA,,,,,,,,Rem
0808-0674-PZA,,,,,,,,Rem
0817-0613-PZA,,,,,,,,Rem
0818-0613-PZA,,,,,,,,Rem
0734-0608-PZA,,,,,,,,Rem
0817-0613-PZA,817,,27/04/2020,13000,,,,inv
0818-0613-PZA,818,,27/04/2020,13000,,,,inv
0327-4000-PSM Ltd,327,,30/04/2020,2677.99,,,,inv
0328-4000-PSM Ltd,328,,30/04/2020,1976.07,,,,inv
0334-0581-PZA,,,,,1000338,30/04/2020,25000,CN
0390-0581-PZA,,,,,1000339,30/04/2020,1335,CN
0832-0500-PZA,832,,04/05/2020,60,,,,inv
0831-0582-PZA,831,,04/05/2020,175,,,,inv
0804-0644-PZA,804,,06/05/2020,37892.5,,,,inv
0814-0644-PZA,814,1,06/05/2020,25423.73,,,,PartP
0801-0130-PZA,,,,,1000340,06/05/2020,2625,CN
0815-0130-PZA,,,,,1000341,06/05/2020,2775,CN
0825-0130-PZA,,,,,1000342,06/05/2020,9400,CN
0027-0498-iAS Ltd,27,,31/03/2020,430000,,,,inv
0734-0608-PZA,734,,07/05/2020,6010,,,,inv
0839-0592-PZA,839,,07/05/2020,60,,,,inv
0824-0999-PZA,824,,08/05/2020,85.66,,,,inv
0835-0999-PZA,835,,08/05/2020,85.66,,,,inv
0833-0592-PZA,,,,,1000343,08/05/2020,235,CN
0834-0999-PZA,834,,13/05/2020,85.66,,,,inv
0841-0999-PZA,,,,,1000344,13/05/2020,171.32,CN
0840-0999-PZA,,,,,1000345,13/05/2020,171.32,CN
0842-0999-PZA,842,,15/05/2020,330,,,,inv
0844-0999-PZA,844,,18/05/2020,66,,,,inv
0843-0999-PZA,843,,19/05/2020,91.66,,,,inv
0359-0415-PZA,,,,,1000346,22/05/2020,1500,CN
0829-0679-PZA,829,,25/05/2020,5000,,,,inv
0814-0644-PZA,814,2,26/05/2020,12468.77,,,,PartP
0812-0680-PZA,812,,29/05/2020,33600,,,,inv
0329-4000-PSM Ltd,329,,29/05/2020,2677.99,,,,inv
0330-4000-PSM Ltd,330,,29/05/2020,1976.07,,,,inv
0436-0453-PZA,,,,,,,,Rem
0808-0674-PZA,,,,,,,,Rem
0846-0427-PZA,,,,,,,,Rem
0697-0427-PZA,,,,,,,,Rem
0845-0427-PZA,,,,,,,,Rem
0387-0476-PZA,,,,,,,,Rem
0388-0476-PZA,,,,,,,,Rem
0389-0476-PZA,,,,,,,,Rem
0457-0587-PZA,,,,,,,,Rem
0440-0999-PZA,,,,,,,,Rem
0296-0626-PZA,,,,,,,,Rem
0474-0626-PZA,,,,,,,,Rem
0736-0624-PZA,,,,,,,,Rem
0823-0624-PZA,,,,,,,,Rem
0469-0999-PZA,,,,,,,,Rem
0185-0415-PZA,,,,,,,,Rem
0822-0624-PZA,,,,,,,,Rem
0611-0999-PZA,,,,,,,,Rem
0612-0999-PZA,,,,,,,,Rem
0699-0999-PZA,,,,,,,,Rem
0688-0598-PZA,,,,,,,,Rem
0830-0581-PZA,,,,,,,,Rem
0335-0600-PZA,,,,,,,,Rem
0522-0625-PZA,,,,,,,,Rem
0534-0639-PZA,,,,,,,,Rem
0542-0600-PZA,,,,,,,,Rem
0847-0676-PZA,,,,,,,,Rem
0170-0549-PZA,,,,,,,,Rem
0336-0549-PZA,,,,,,,,Rem
0700-0549-PZA,,,,,,,,Rem
0718-0600-PZA,,,,,,,,Rem
0333-0582-PZA,,,,,,,,Rem
0569-0628-PZA,,,,,,,,Rem
0586-0582-PZA,,,,,,,,Rem
0383-0999-PZA,,,,,,,,Rem
0847-0676-PZA,847,,03/06/2020,180,,,,inv
0855-0352-PZA,855,,03/06/2020,60,,,,inv
0854-0999-PZA,854,,03/06/2020,120,,,,inv
0853-0584-PZA,853,,04/06/2020,175,,,,inv
0697-0427-PZA,697,,04/06/2020,750,,,,inv
0845-0427-PZA,845,1,04/06/2020,217.96,,,,PartP
0808-0674-PZA,808,,05/06/2020,50,,,,inv
0836-0130-PZA,836,,09/06/2020,2520,,,,inv
0837-0130-PZA,837,,09/06/2020,2685,,,,inv
0852-0679-PZA,852,,15/06/2020,5000,,,,inv
0826-0644-PZA,826,,22/06/2020,15259,,,,inv
0730-0653-PZA,730,,23/06/2020,7500,,,,inv
0802-0609-PZA,802,,26/06/2020,20000,,,,inv
0813-0609-PZA,813,,26/06/2020,20000,,,,inv
0469-0999-PZA,,,,,,,,Rem
0296-0626-PZA,,,,,,,,Rem
0474-0626-PZA,,,,,,,,Rem
0736-0624-PZA,,,,,,,,Rem
0823-0624-PZA,,,,,,,,Rem
0846-0427-PZA,,,,,,,,Rem
0436-0453-PZA,,,,,,,,Rem
0845-0427-PZA,,,,,,,,Rem
0822-0624-PZA,,,,,,,,Rem
0803-0622-PZA,,,,,,,,Rem
0819-0622-PZA,,,,,,,,Rem
0828-0622-PZA,,,,,,,,Rem
0850-0622-PZA,,,,,,,,Rem
0862-0622-PZA,,,,,,,,Rem
0688-0598-PZA,,,,,,,,Rem
0830-0581-PZA,,,,,,,,Rem
0333-0582-PZA,,,,,,,,Rem
0569-0628-PZA,,,,,,,,Rem
0586-0582-PZA,,,,,,,,Rem
0335-0600-PZA,,,,,,,,Rem
0522-0625-PZA,,,,,,,,Rem
0534-0639-PZA,,,,,,,,Rem
0542-0600-PZA,,,,,,,,Rem
0170-0549-PZA,,,,,,,,Rem
0336-0549-PZA,,,,,,,,Rem
0700-0549-PZA,,,,,,,,Rem
0718-0600-PZA,,,,,,,,Rem
0029-0415-PZA,,,,,,,,Rem
0185-0415-PZA,,,,,,,,Rem
0387-0476-PZA,,,,,,,,Rem
0388-0476-PZA,,,,,,,,Rem
0389-0476-PZA,,,,,,,,Rem
0457-0587-PZA,,,,,,,,Rem
0857-0352-PZA,,,,,,,,Rem
0856-0584-PZA,,,,,,,,Rem
0383-0999-PZA,,,,,,,,Rem
0864-0644-PZA,864,,30/06/2020,15000,,,,inv
0331-4000-PSM Ltd,331,,30/06/2020,2677.99,,,,inv
0332-4000-PSM Ltd,332,,30/06/2020,1976.07,,,,inv
0872-0999-PZA,872,,01/07/2020,140,,,,inv
0857-0352-PZA,857,,03/07/2020,80,,,,inv
0858-0632-PZA,858,,03/07/2020,167400,,,,inv
0873-0999-PZA,873,,03/07/2020,85.66,,,,inv
0838-0130-PZA,,,,,,,,Rem
0848-0130-PZA,,,,,,,,Rem
0863-0130-PZA,,,,,,,,Rem
0028-0130-iAS Ltd,,,,,,,,Rem
0029-0130-iAS Ltd,,,,,,,,Rem
0838-0130-PZA,838,,07/07/2020,6685,,,,inv
0028-0130-iAS Ltd,28,,07/07/2020,200,,,,inv
0029-0130-iAS Ltd,29,,07/07/2020,1000,,,,inv
0845-0427-PZA,845,2,08/07/2020,39.23,,,,PartP
0851-0644-PZA,851,,10/07/2020,15259,,,,inv
0830-0581-PZA,830,1,10/07/2020,25423.73,,,,PartP
0860-0644-PZA,860,,17/07/2020,15259,,,,inv
0821-0609-PZA,821,,20/07/2020,420,,,,inv
0827-0609-PZA,827,,20/07/2020,15000,,,,inv
0879-0613-PZA,879,,22/07/2020,13000,,,,inv
0830-0581-PZA,,,,,,,,Rem
0803-0622-PZA,,,,,,,,Rem
0819-0622-PZA,,,,,,,,Rem
0828-0622-PZA,,,,,,,,Rem
0850-0622-PZA,,,,,,,,Rem
0862-0622-PZA,,,,,,,,Rem
0895-0622-PZA,,,,,,,,Rem
0848-0130-PZA,,,,,,,,Rem
0863-0130-PZA,,,,,,,,Rem
0896-0130-PZA,,,,,,,,Rem
0865-0688-PZA,865,,28/07/2020,2891.25,,,,inv
0881-0618-PZA,881,,29/07/2020,425,,,,inv
0611-0999-PZA,,,,,1000347,29/07/2020,85,CN
0612-0999-PZA,,,,,,,,Rem
0699-0999-PZA,,,,,,,,Rem
0899-0999-PZA,,,,,,,,Rem
0436-0453-PZA,,,,,,,,Rem
0029-0415-PZA,,,,,,,,Rem
0185-0415-PZA,,,,,,,,Rem
0469-0999-PZA,,,,,,,,Rem
0846-0427-PZA,,,,,,,,Rem
0736-0624-PZA,,,,,,,,Rem
0823-0624-PZA,,,,,,,,Rem
0474-0626-PZA,,,,,,,,Rem
0296-0626-PZA,,,,,,,,Rem
0457-0587-PZA,,,,,,,,Rem
0387-0476-PZA,,,,,,,,Rem
0388-0476-PZA,,,,,,,,Rem
0389-0476-PZA,,,,,,,,Rem
0333-0582-PZA,,,,,,,,Rem
0569-0628-PZA,,,,,,,,Rem
0586-0582-PZA,,,,,,,,Rem
0170-0549-PZA,,,,,,,,Rem
0336-0549-PZA,,,,,,,,Rem
0700-0549-PZA,,,,,,,,Rem
0718-0600-PZA,,,,,,,,Rem
0822-0624-PZA,,,,,,,,Rem
0335-0600-PZA,,,,,,,,Rem
0522-0625-PZA,,,,,,,,Rem
0534-0639-PZA,,,,,,,,Rem
0542-0600-PZA,,,,,,,,Rem
0688-0598-PZA,,,,,,,,Rem
0871-0582-PZA,,,,,,,,Rem
0877-0676-PZA,,,,,,,,Rem
0878-0582-PZA,,,,,,,,Rem
0856-0584-PZA,,,,,,,,Rem
0861-0679-PZA,,,,,,,,Rem
0688-0598-PZA,,,,,,,,Rem
0383-0999-PZA,,,,,,,,Rem
0848-0130-PZA,848,,31/07/2020,14537.5,,,,inv
0333-4000-PSM Ltd,333,,31/07/2020,2677.99,,,,inv
0334-4000-PSM Ltd,334,,31/07/2020,1976.07,,,,inv
0900-0999-PZA,900,,31/07/2020,130,,,,inv
0901-0671-PZA,901,,04/08/2020,50,,,,inv
0902-0999-PZA,902,,04/08/2020,171.32,,,,inv
0030-0498-iAS Ltd,30,,30/06/2020,380000,,,,inv
0856-0584-PZA,856,,07/08/2020,92,,,,inv
0861-0679-PZA,861,,07/08/2020,5000,,,,inv
0903-0999-PZA,903,,07/08/2020,215.66,,,,inv
0849-0609-PZA,849,,21/08/2020,15000,,,,inv
0859-0609-PZA,859,,26/08/2020,15000,,,,inv
0866-0637-PZA,866,,26/08/2020,18000,,,,inv
0867-0637-PZA,867,,26/08/2020,18000,,,,inv
0846-0427-PZA,846,,26/08/2020,257.19,,,,inv
0904-0427-PZA,904,,26/08/2020,195.01,,,,inv
0899-0999-PZA,899,,28/08/2020,171.32,,,,inv
0911-0999-PZA,911,,31/08/2020,85.66,,,,inv
0894-0688-PZA,894,,31/08/2020,1721.25,,,,inv
0909-0688-PZA,909,,31/08/2020,956.25,,,,inv
0457-0587-PZA,457,,01/09/2020,3235.42,,,,inv
0883-0659-PZA,883,,01/09/2020,9250,,,,inv
0884-0659-PZA,884,1,01/09/2020,7699.15,,,,PartP
0863-0130-PZA,863,,01/09/2020,11840,,,,inv
0912-0692-PZA,,,,,1000348,02/09/2020,5000,CN
0915-0999-PZA,915,,02/09/2020,85.66,,,,inv
0335-4000-PSM Ltd,335,,02/09/2020,2677.99,,,,inv
0336-4000-PSM Ltd,336,,02/09/2020,1976.07,,,,inv
0383-0999-PZA,,,,,1000349,11/09/2020,150,CN
0436-0453-PZA,,,,,1000350,11/09/2020,250,CN
0469-0999-PZA,,,,,,,,Rem
0871-0582-PZA,,,,,,,,Rem
0877-0676-PZA,,,,,,,,Rem
0388-0476-PZA,,,,,,,,Rem
0878-0582-PZA,,,,,,,,Rem
0387-0476-PZA,,,,,,,,Rem
0389-0476-PZA,,,,,,,,Rem
0029-0415-PZA,,,,,,,,Rem
0185-0415-PZA,,,,,,,,Rem
0333-0582-PZA,,,,,,,,Rem
0569-0628-PZA,,,,,,,,Rem
0586-0582-PZA,,,,,,,,Rem
0822-0624-PZA,,,,,,,,Rem
0170-0549-PZA,,,,,,,,Rem
0336-0549-PZA,,,,,,,,Rem
0700-0549-PZA,,,,,,,,Rem
0718-0600-PZA,,,,,,,,Rem
0335-0600-PZA,,,,,,,,Rem
0522-0625-PZA,,,,,,,,Rem
0534-0639-PZA,,,,,,,,Rem
0542-0600-PZA,,,,,,,,Rem
0830-0581-PZA,,,,,,,,Rem
0874-0664-PZA,,,,,,,,Rem
0875-0664-PZA,,,,,,,,Rem
0736-0624-PZA,,,,,,,,Rem
0823-0624-PZA,,,,,,,,Rem
0893-0999-PZA,,,,,,,,Rem
0896-0130-PZA,,,,,,,,Rem
0905-0130-PZA,,,,,,,,Rem
0688-0598-PZA,,,,,,,,Rem
0892-0644-PZA,,,,,,,,Rem
0907-0644-PZA,,,,,,,,Rem
0882-0520-PZA,882,,04/09/2020,25000,,,,inv
0474-0626-PZA,,,,,,,,Rem
0296-0626-PZA,,,,,,,,Rem
0803-0622-PZA,,,,,,,,Rem
0819-0622-PZA,,,,,,,,Rem
0828-0622-PZA,,,,,,,,Rem
0850-0622-PZA,,,,,,,,Rem
0862-0622-PZA,,,,,,,,Rem
0895-0622-PZA,,,,,,,,Rem
0880-0690-PZA,,,,,,,,Rem
0803-0622-PZA,803,,09/09/2020,7500,,,,inv
0819-0622-PZA,819,,09/09/2020,6656.25,,,,inv
0828-0622-PZA,828,,09/09/2020,3000,,,,inv
0850-0622-PZA,850,,09/09/2020,2908.56,,,,inv
0862-0622-PZA,862,,09/09/2020,2160,,,,inv
0895-0622-PZA,895,,09/09/2020,1215,,,,inv
0892-0644-PZA,892,,09/09/2020,26806.36,,,,inv
0876-0693-PZA,876,,10/09/2020,50,,,,inv
0914-0999-PZA,914,,11/09/2020,85.66,,,,inv
0920-0999-PZA,920,,22/09/2020,85.66,,,,inv
0922-0999-PZA,922,,24/09/2020,85.66,,,,inv
0923-0999-PZA,923,,24/09/2020,85.66,,,,inv
0921-0999-PZA,921,,24/09/2020,85.66,,,,inv
0910-0695-PZA,910,,28/09/2020,475,,,,inv
0890-0609-PZA,890,,29/09/2020,20000,,,,inv
0897-0693-PZA,897,,29/09/2020,305,,,,inv
0893-0999-PZA,893,,29/09/2020,85.66,,,,inv
0736-0624-PZA,736,,30/09/2020,375,,,,inv
0823-0624-PZA,823,,30/09/2020,663.19,,,,inv
0029-0415-PZA,,,,,,,,Rem
0185-0415-PZA,,,,,,,,Rem
0822-0624-PZA,,,,,,,,Rem
0474-0626-PZA,,,,,,,,Rem
0296-0626-PZA,,,,,,,,Rem
0916-0626-PZA,,,,,,,,Rem
0884-0659-PZA,,,,,,,,Rem
0885-0659-PZA,,,,,,,,Rem
0886-0659-PZA,,,,,,,,Rem
0887-0659-PZA,,,,,,,,Rem
0888-0659-PZA,,,,,,,,Rem
0889-0659-PZA,,,,,,,,Rem
0908-0659-PZA,,,,,,,,Rem
0913-0692-PZA,,,,,,,,Rem
0917-0692-PZA,,,,,,,,Rem
0929-0692-PZA,,,,,,,,Rem
0387-0476-PZA,,,,,,,,Rem
0388-0476-PZA,,,,,,,,Rem
0389-0476-PZA,,,,,,,,Rem
0918-0427-PZA,,,,,,,,Rem
0925-0584-PZA,,,,,,,,Rem
0898-0999-PZA,,,,,,,,Rem
0874-0664-PZA,,,,,,,,Rem
0875-0664-PZA,,,,,,,,Rem
0868-0637-PZA,,,,,,,,Rem
0869-0637-PZA,,,,,,,,Rem
0870-0637-PZA,,,,,,,,Rem
0880-0690-PZA,,,,,,,,Rem
0896-0130-PZA,,,,,,,,Rem
0905-0130-PZA,,,,,,,,Rem
0907-0644-PZA,,,,,,,,Rem
0688-0598-PZA,,,,,,,,Rem
0830-0581-PZA,,,,,,,,Rem
0335-0600-PZA,,,,,,,,Rem
0522-0625-PZA,,,,,,,,Rem
0534-0639-PZA,,,,,,,,Rem
0542-0600-PZA,,,,,,,,Rem
0170-0549-PZA,,,,,,,,Rem
0336-0549-PZA,,,,,,,,Rem
0700-0549-PZA,,,,,,,,Rem
0718-0600-PZA,,,,,,,,Rem
0333-0582-PZA,,,,,,,,Rem
0569-0628-PZA,,,,,,,,Rem
0586-0582-PZA,,,,,,,,Rem
0913-0692-PZA,913,,02/10/2020,5000,,,,inv
0917-0692-PZA,917,,02/10/2020,4347.83,,,,inv
0337-4000-PSM Ltd,337,,02/10/2020,2677.99,,,,inv
0338-4000-PSM Ltd,338,,02/10/2020,1976.07,,,,inv
0896-0130-PZA,896,,02/10/2020,15905,,,,inv
0932-0999-PZA,932,,05/10/2020,280,,,,inv
0924-0649-PZA,924,,08/10/2020,193750,,,,inv
0868-0637-PZA,868,,09/10/2020,18000,,,,inv
0869-0637-PZA,869,,09/10/2020,18000,,,,inv
0933-0999-PZA,933,,12/10/2020,325,,,,inv
0937-0453-PZA,937,,13/10/2020,250,,,,inv
0936-0999-PZA,936,,19/10/2020,85.66,,,,inv
0907-0644-PZA,907,,20/10/2020,26806.36,,,,inv
0031-1000-iAS Ltd,31,,30/09/2020,7449.62,,,,inv
0870-0637-PZA,870,,23/10/2020,18000,,,,inv
0906-0609-PZA,906,,27/10/2020,20000,,,,inv
0938-0667-PZA,938,,27/10/2020,16576.52,,,,inv
0939-0613-PZA,939,,27/10/2020,13000,,,,inv
0612-0999-PZA,,,,,1000351,29/10/2020,85,CN
0699-0999-PZA,,,,,1000352,29/10/2020,85,CN
0898-0999-PZA,,,,,1000353,29/10/2020,1044,CN
0005-0498-iAS Ltd,5,,31/12/2017,275000,,,,inv
0029-0415-PZA,,,,,,,,Rem
0185-0415-PZA,,,,,,,,Rem
0387-0476-PZA,,,,,,,,Rem
0388-0476-PZA,,,,,,,,Rem
0389-0476-PZA,,,,,,,,Rem
0822-0624-PZA,,,,,,,,Rem
0871-0582-PZA,,,,,,,,Rem
0877-0676-PZA,,,,,,,,Rem
0878-0582-PZA,,,,,,,,Rem
0919-0676-PZA,,,,,,,,Rem
0874-0664-PZA,,,,,,,,Rem
0875-0664-PZA,,,,,,,,Rem
0880-0690-PZA,,,,,,,,Rem
0884-0659-PZA,,,,,,,,Rem
0885-0659-PZA,,,,,,,,Rem
0886-0659-PZA,,,,,,,,Rem
0887-0659-PZA,,,,,,,,Rem
0888-0659-PZA,,,,,,,,Rem
0889-0659-PZA,,,,,,,,Rem
0908-0659-PZA,,,,,,,,Rem
0928-0659-PZA,,,,,,,,Rem
0918-0427-PZA,,,,,,,,Rem
0925-0584-PZA,,,,,,,,Rem
0941-0584-PZA,,,,,,,,Rem
0296-0626-PZA,,,,,,,,Rem
0474-0626-PZA,,,,,,,,Rem
0916-0626-PZA,,,,,,,,Rem
0170-0549-PZA,,,,,,,,Rem
0336-0549-PZA,,,,,,,,Rem
0700-0549-PZA,,,,,,,,Rem
0718-0600-PZA,,,,,,,,Rem
0830-0581-PZA,,,,,,,,Rem
0333-0582-PZA,,,,,,,,Rem
0569-0628-PZA,,,,,,,,Rem
0586-0582-PZA,,,,,,,,Rem
0335-0600-PZA,,,,,,,,Rem
0522-0625-PZA,,,,,,,,Rem
0534-0639-PZA,,,,,,,,Rem
0542-0600-PZA,,,,,,,,Rem
0688-0598-PZA,,,,,,,,Rem
0916-0626-PZA,,,,,1000354,02/11/2020,850,CN
0296-0626-PZA,296,,02/11/2020,1500,,,,inv
0474-0626-PZA,474,,02/11/2020,180,,,,inv
0950-0626-PZA,950,,02/11/2020,720,,,,inv
0339-4000-PSM Ltd,339,,03/11/2020,2677.99,,,,inv
0340-4000-PSM Ltd,340,,03/11/2020,1976.07,,,,inv
0940-0999-PZA,940,,04/11/2020,85.66,,,,inv
0951-0999-PZA,951,,04/11/2020,140,,,,inv
0032-0498-iAS Ltd,32,,30/09/2020,159000,,,,inv
0033-0498-iAS Ltd,33,,31/10/2020,141000,,,,inv
0905-0130-PZA,905,,06/11/2020,12925,,,,inv
0927-0644-PZA,927,,06/11/2020,26806.36,,,,inv
0034-0498-iAS Ltd,34,,30/09/2020,1362,,,,inv
0884-0659-PZA,884,2,11/11/2020,1550.85,,,,PartP
0885-0659-PZA,885,,11/11/2020,9250,,,,inv
0886-0659-PZA,886,1,11/11/2020,6148.31,,,,PartP
0822-0624-PZA,822,,13/11/2020,663.19,,,,inv
0035-0498-iAS Ltd,35,,18/11/2020,2472.59,,,,inv
0954-0453-PZA,954,,19/11/2020,130,,,,inv
0930-0688-PZA,930,,20/11/2020,765,,,,inv
0947-0688-PZA,947,,26/11/2020,1530,,,,inv
0969-0999-PZA,969,,02/12/2020,140,,,,inv
0966-0999-PZA,966,,02/12/2020,140,,,,inv
0968-0999-PZA,968,,02/12/2020,140,,,,inv
0970-0999-PZA,970,,02/12/2020,140,,,,inv
0971-0999-PZA,971,,02/12/2020,140,,,,inv
0387-0476-PZA,,,,,,,,Rem
0388-0476-PZA,,,,,,,,Rem
0389-0476-PZA,,,,,,,,Rem
0918-0427-PZA,,,,,,,,Rem
0925-0584-PZA,,,,,,,,Rem
0941-0584-PZA,,,,,,,,Rem
0955-0584-PZA,,,,,,,,Rem
0029-0415-PZA,,,,,,,,Rem
0185-0415-PZA,,,,,,,,Rem
0880-0690-PZA,,,,,,,,Rem
0929-0692-PZA,,,,,,,,Rem
0944-0692-PZA,,,,,,,,Rem
0958-0692-PZA,,,,,,,,Rem
0889-0659-PZA,,,,,,,,Rem
0888-0659-PZA,,,,,,,,Rem
0887-0659-PZA,,,,,,,,Rem
0886-0659-PZA,,,,,,,,Rem
0908-0659-PZA,,,,,,,,Rem
0928-0659-PZA,,,,,,,,Rem
0945-0659-PZA,,,,,,,,Rem
0959-0659-PZA,,,,,,,,Rem
0874-0664-PZA,,,,,,,,Rem
0875-0664-PZA,,,,,,,,Rem
0963-0664-PZA,,,,,,,,Rem
0333-0582-PZA,,,,,,,,Rem
0569-0628-PZA,,,,,,,,Rem
0586-0582-PZA,,,,,,,,Rem
0170-0549-PZA,,,,,,,,Rem
0336-0549-PZA,,,,,,,,Rem
0700-0549-PZA,,,,,,,,Rem
0718-0600-PZA,,,,,,,,Rem
0335-0600-PZA,,,,,,,,Rem
0522-0625-PZA,,,,,,,,Rem
0534-0639-PZA,,,,,,,,Rem
0542-0600-PZA,,,,,,,,Rem
0688-0598-PZA,,,,,,,,Rem
0871-0582-PZA,,,,,,,,Rem
0877-0676-PZA,,,,,,,,Rem
0878-0582-PZA,,,,,,,,Rem
0919-0676-PZA,,,,,,,,Rem
0948-0676-PZA,,,,,,,,Rem
0830-0581-PZA,,,,,,,,Rem
0931-0130-PZA,931,,03/12/2020,9820,,,,inv
0341-4000-PSM Ltd,341,,30/11/2020,2677.99,,,,inv
0342-4000-PSM Ltd,342,,30/11/2020,1976.07,,,,inv
0953-0641-PZA,953,,04/12/2020,7500,,,,inv
0967-0999-PZA,967,,04/12/2020,140,,,,inv
0975-0999-PZA,975,,04/12/2020,140,,,,inv
0891-0637-PZA,891,,09/12/2020,18000,,,,inv
0934-0637-PZA,934,,09/12/2020,18000,,,,inv
0961-0679-PZA,961,,09/12/2020,6255,,,,inv
0926-0609-PZA,926,,09/12/2020,20000,,,,inv
0972-0999-PZA,972,,10/12/2020,140,,,,inv
0973-0999-PZA,973,,10/12/2020,140,,,,inv
0925-0584-PZA,925,,10/12/2020,420,,,,inv
0941-0584-PZA,941,,10/12/2020,425,,,,inv
0955-0584-PZA,955,,10/12/2020,140,,,,inv
0964-0688-PZA,964,,10/12/2020,1957.5,,,,inv
0949-0644-PZA,949,,11/12/2020,27223.58,,,,inv
0974-0999-PZA,974,,15/12/2020,140,,,,inv
0977-0582-PZA,977,,15/12/2020,140,,,,inv
0987-0704-PZA,987,,16/12/2020,50,,,,inv
0983-0453-PZA,983,,16/12/2020,85.66,,,,inv
0979-0569-PZA,979,,16/12/2020,159.32,,,,inv
0985-0999-PZA,985,,17/12/2020,150,,,,inv
0986-0999-PZA,986,,17/12/2020,156,,,,inv
0988-0632-PZA,988,,17/12/2020,2118.64,,,,inv
0989-0632-PZA,989,,17/12/2020,2118.64,,,,inv
0990-0632-PZA,990,,17/12/2020,2118.64,,,,inv
0991-0632-PZA,991,,17/12/2020,2118.64,,,,inv
0992-0632-PZA,992,,17/12/2020,2118.64,,,,inv
0993-0632-PZA,993,,17/12/2020,4237.29,,,,inv
0994-0632-PZA,994,,17/12/2020,4237.29,,,,inv
0995-0632-PZA,995,,17/12/2020,4237.29,,,,inv
0996-0632-PZA,996,,17/12/2020,4237.29,,,,inv
0886-0659-PZA,886,2,17/12/2020,3101.69,,,,PartP
0887-0659-PZA,887,,17/12/2020,9250,,,,inv
0888-0659-PZA,888,1,17/12/2020,4597.46,,,,PartP
0997-0632-PZA,997,,18/12/2020,4237.29,,,,inv
0998-0999-PZA,998,,22/12/2020,85.66,,,,inv
0984-0999-PZA,984,,22/12/2020,140,,,,inv
0960-0644-PZA,960,,04/01/2021,27223.58,,,,inv
0929-0692-PZA,929,,04/01/2021,5000,,,,inv
0942-0609-PZA,942,,05/01/2021,20000,,,,inv
0946-0130-PZA,946,,05/01/2021,7720,,,,inv
0978-0999-PZA,978,,07/01/2021,520,,,,inv
1007-0999-PZA,1007,,07/01/2021,140,,,,inv
1008-0613-PZA,1008,,08/01/2021,13000,,,,inv
1009-0999-PZA,1009,,08/01/2021,290,,,,inv
1006-0688-PZA,1006,,13/01/2021,3127.5,,,,inv
1010-0999-PZA,1010,,13/01/2021,85.66,,,,inv
0387-0476-PZA,,,,,,,,Rem
0388-0476-PZA,,,,,,,,Rem
0389-0476-PZA,,,,,,,,Rem
0918-0427-PZA,,,,,,,,Rem
0029-0415-PZA,,,,,,,,Rem
0185-0415-PZA,,,,,,,,Rem
0944-0692-PZA,,,,,,,,Rem
0958-0692-PZA,,,,,,,,Rem
0888-0659-PZA,,,,,,,,Rem
0889-0659-PZA,,,,,,,,Rem
0908-0659-PZA,,,,,,,,Rem
0928-0659-PZA,,,,,,,,Rem
0945-0659-PZA,,,,,,,,Rem
0959-0659-PZA,,,,,,,,Rem
1002-0659-PZA,,,,,,,,Rem
1004-0659-PZA,,,,,,,,Rem
0874-0664-PZA,,,,,,,,Rem
0875-0664-PZA,,,,,,,,Rem
0963-0664-PZA,,,,,,,,Rem
0880-0690-PZA,,,,,,,,Rem
0871-0582-PZA,,,,,,,,Rem
0877-0676-PZA,,,,,,,,Rem
0878-0582-PZA,,,,,,,,Rem
0919-0676-PZA,,,,,,,,Rem
0948-0676-PZA,,,,,,,,Rem
0333-0582-PZA,,,,,,,,Rem
0569-0628-PZA,,,,,,,,Rem
0586-0582-PZA,,,,,,,,Rem
0170-0549-PZA,,,,,,,,Rem
0336-0549-PZA,,,,,,,,Rem
0700-0549-PZA,,,,,,,,Rem
0718-0600-PZA,,,,,,,,Rem
0335-0600-PZA,,,,,,,,Rem
0522-0625-PZA,,,,,,,,Rem
0534-0639-PZA,,,,,,,,Rem
0542-0600-PZA,,,,,,,,Rem
0830-0581-PZA,,,,,,,,Rem
0688-0598-PZA,,,,,,,,Rem
0976-0999-PZA,976,,21/01/2021,140,,,,inv
0981-0710-PZA,981,,25/01/2021,2457.65,,,,inv
0982-0650-PZA,982,,25/01/2021,18966.34,,,,inv
0888-0659-PZA,888,2,25/01/2021,4652.54,,,,PartP
0889-0659-PZA,889,,25/01/2021,9250,,,,inv
0908-0659-PZA,908,1,25/01/2021,3046.61,,,,PartP
0343-4000-PSM Ltd,343,,28/12/2020,2677.99,,,,inv
0344-4000-PSM Ltd,344,,28/12/2020,1976.07,,,,inv
1011-0713-PZA,1011,,29/01/2021,4000,,,,inv
0965-0130-PZA,965,,29/01/2021,4580,,,,inv
1001-0644-PZA,1001,,04/02/2021,27223.58,,,,inv
0956-0609-PZA,956,,04/02/2021,20000,,,,inv
0387-0476-PZA,,,,,,,,Rem
0388-0476-PZA,,,,,,,,Rem
0389-0476-PZA,,,,,,,,Rem
0918-0427-PZA,,,,,,,,Rem
0185-0415-PZA,,,,,,,,Rem
0944-0692-PZA,,,,,,,,Rem
0958-0692-PZA,,,,,,,,Rem
0908-0659-PZA,,,,,,,,Rem
0928-0659-PZA,,,,,,,,Rem
0945-0659-PZA,,,,,,,,Rem
0959-0659-PZA,,,,,,,,Rem
1002-0659-PZA,,,,,,,,Rem
1004-0659-PZA,,,,,,,,Rem
1016-0659-PZA,,,,,,,,Rem
0874-0664-PZA,,,,,,,,Rem
0875-0664-PZA,,,,,,,,Rem
0963-0664-PZA,,,,,,,,Rem
1021-0664-PZA,,,,,,,,Rem
0880-0690-PZA,,,,,,,,Rem
0962-0679-PZA,,,,,,,,Rem
1003-0679-PZA,,,,,,,,Rem
1017-0679-PZA,,,,,,,,Rem
0688-0598-PZA,,,,,,,,Rem
0830-0581-PZA,,,,,,,,Rem
0335-0600-PZA,,,,,,,,Rem
0522-0625-PZA,,,,,,,,Rem
0534-0639-PZA,,,,,,,,Rem
0542-0600-PZA,,,,,,,,Rem
0170-0549-PZA,,,,,,,,Rem
0336-0549-PZA,,,,,,,,Rem
0700-0549-PZA,,,,,,,,Rem
0718-0600-PZA,,,,,,,,Rem
0918-0427-PZA,918,,12/02/2021,195,,,,inv
0036-0498-iAS Ltd,36,,31/12/2020,275000,,,,inv
0962-0679-PZA,962,,15/02/2021,6260,,,,inv
1003-0679-PZA,1003,,15/02/2021,6260,,,,inv
1026-0999-PZA,1026,,16/02/2021,140,,,,inv
0469-0999-PZA,,,,,1000355,16/02/2021,250,CN
0908-0659-PZA,908,2,22/02/2021,6203.39,,,,PartP
0928-0659-PZA,928,,22/02/2021,9250,,,,inv
0945-0659-PZA,945,1,22/02/2021,1495.76,,,,PartP
1027-0714-PZA,1027,1,09/04/2020,10000,,,,PartP
1027-0714-PZA,1027,2,22/02/2021,11186.44,,,,PartP
1025-0644-PZA,1025,,04/03/2021,27258.38,,,,inv
0880-0690-PZA,880,,04/03/2021,7500,,,,inv
1012-0472-PZA,1012,,04/03/2021,7500,,,,inv
1013-0551-PZA,1013,,04/03/2021,6250,,,,inv
1014-0630-PZA,1014,,04/03/2021,3750,,,,inv
1023-0999-PZA,1023,,04/03/2021,85.66,,,,inv
1005-0130-PZA,1005,,04/03/2021,2922.5,,,,inv
1038-0999-PZA,1038,,04/03/2021,130,,,,inv
0943-0637-PZA,943,,04/03/2021,18000,,,,inv
0935-0637-PZA,935,,04/03/2021,18000,,,,inv
0944-0692-PZA,,,,,,,,Rem
0958-0692-PZA,,,,,,,,Rem
1039-0999-PZA,1039,,08/03/2021,140,,,,inv
1022-0688-PZA,,,,,1000356,08/03/2021,3476.25,CN
1036-0688-PZA,,,,,1000357,08/03/2021,3086.25,CN
1020-0520-PZA,1020,,09/03/2021,25000,,,,inv
1040-0688-PZA,1040,,11/03/2021,3156.25,,,,inv
1017-0679-PZA,1017,,12/03/2021,10000,,,,inv
1029-0698-PZA,1029,,12/03/2021,20050,,,,inv
0958-0692-PZA,958,,12/03/2021,5000,,,,inv
0944-0692-PZA,944,,12/03/2021,5000,,,,inv
1042-0999-PZA,1042,,12/03/2021,85.66,,,,inv
0999-0609-PZA,999,,12/03/2021,20000,,,,inv
0919-0676-PZA,,,,,1000358,12/03/2021,216.33,CN
0948-0676-PZA,,,,,1000359,12/03/2021,177.3,CN
0388-0476-PZA,,,,,,,,Rem
0387-0476-PZA,,,,,,,,Rem
0389-0476-PZA,,,,,,,,Rem
0185-0415-PZA,,,,,,,,Rem
1028-0634-PZA,,,,,,,,Rem
0945-0659-PZA,,,,,,,,Rem
0959-0659-PZA,,,,,,,,Rem
1002-0659-PZA,,,,,,,,Rem
1004-0659-PZA,,,,,,,,Rem
1016-0659-PZA,,,,,,,,Rem
1034-0659-PZA,,,,,,,,Rem
1037-0999-PZA,,,,,,,,Rem
0874-0664-PZA,,,,,,,,Rem
0875-0664-PZA,,,,,,,,Rem
0963-0664-PZA,,,,,,,,Rem
1021-0664-PZA,,,,,,,,Rem
1035-0664-PZA,,,,,,,,Rem
0170-0549-PZA,,,,,,,,Rem
0336-0549-PZA,,,,,,,,Rem
0700-0549-PZA,,,,,,,,Rem
0718-0600-PZA,,,,,,,,Rem
0335-0600-PZA,,,,,,,,Rem
0522-0625-PZA,,,,,,,,Rem
0534-0639-PZA,,,,,,,,Rem
0542-0600-PZA,,,,,,,,Rem
0830-0581-PZA,,,,,,,,Rem
0688-0598-PZA,,,,,,,,Rem
0871-0582-PZA,,,,,,,,Rem
0877-0676-PZA,,,,,,,,Rem
0878-0582-PZA,,,,,,,,Rem
1044-0676-PZA,,,,,,,,Rem
1045-0582-PZA,,,,,,,,Rem
1047-0699-PZA,,,,,1000360,17/03/2021,15000,CN
0957-0637-PZA,957,,24/03/2021,18000,,,,inv
1000-0637-PZA,1000,,24/03/2021,18000,,,,inv
0345-4000-PSM Ltd,345,,29/01/2021,2677.99,,,,inv
0346-4000-PSM Ltd,346,,29/01/2021,1976.07,,,,inv
0347-4000-PSM Ltd,347,,01/03/2021,2677.99,,,,inv
0348-4000-PSM Ltd,348,,01/03/2021,1976.07,,,,inv
1028-0634-PZA,1028,,30/03/2021,7500,,,,inv
0952-0415-PZA,,,,,1000361,30/03/2021,15000,CN
1019-0130-PZA,1019,,05/04/2021,640,,,,inv
0349-4000-PSM Ltd,349,,06/04/2021,2677.99,,,,inv
0350-4000-PSM Ltd,350,,06/04/2021,1976.07,,,,inv
1015-0609-PZA,1015,,06/04/2021,20000,,,,inv
1033-0644-PZA,1033,,06/04/2021,31628.38,,,,inv
1024-0720-PZA,1024,,07/04/2021,350,,,,inv
1058-0717-PZA,1058,,08/04/2021,50,,,,inv
1054-0688-PZA,1054,,12/04/2021,1396.25,,,,inv
1046-0699-PZA,1046,,13/04/2021,20000,,,,inv
0877-0676-PZA,,,,,1000362,14/04/2021,145.75,CN
1044-0676-PZA,,,,,1000363,14/04/2021,430.22,CN
0871-0582-PZA,,,,,1000364,14/04/2021,7877.5,CN
0878-0582-PZA,,,,,1000365,14/04/2021,200.91,CN
1045-0582-PZA,,,,,1000366,14/04/2021,48.07,CN
0333-0582-PZA,,,,,1000367,14/04/2021,6000,CN
0586-0582-PZA,,,,,1000368,14/04/2021,5000,CN
1056-0667-PZA,1056,,14/04/2021,9500,,,,inv
1057-0415-PZA,1057,,14/04/2021,13800,,,,inv
0387-0476-PZA,,,,,,,,Rem
0388-0476-PZA,,,,,,,,Rem
0389-0476-PZA,,,,,,,,Rem
1060-0584-PZA,,,,,,,,Rem
0185-0415-PZA,,,,,,,,Rem
1043-0683-PZA,,,,,,,,Rem
0945-0659-PZA,,,,,,,,Rem
0959-0659-PZA,,,,,,,,Rem
1002-0659-PZA,,,,,,,,Rem
1004-0659-PZA,,,,,,,,Rem
1016-0659-PZA,,,,,,,,Rem
1034-0659-PZA,,,,,,,,Rem
1051-0659-PZA,,,,,,,,Rem
0874-0664-PZA,,,,,,,,Rem
0875-0664-PZA,,,,,,,,Rem
0963-0664-PZA,,,,,,,,Rem
1021-0664-PZA,,,,,,,,Rem
1035-0664-PZA,,,,,,,,Rem
1052-0664-PZA,,,,,,,,Rem
1037-0999-PZA,,,,,,,,Rem
0170-0549-PZA,,,,,,,,Rem
0336-0549-PZA,,,,,,,,Rem
0700-0549-PZA,,,,,,,,Rem
0718-0600-PZA,,,,,,,,Rem
0830-0581-PZA,,,,,,,,Rem
0688-0598-PZA,,,,,,,,Rem
0335-0600-PZA,,,,,,,,Rem
0522-0625-PZA,,,,,,,,Rem
0534-0639-PZA,,,,,,,,Rem
0542-0600-PZA,,,,,,,,Rem
1043-0683-PZA,1043,,16/04/2021,50,,,,inv
1068-0601-PZA,,,,,1000369,22/04/2021,86250,CN
1069-0601-PZA,,,,,1000370,22/04/2021,17250,CN
1070-0601-PZA,,,,,1000371,22/04/2021,17250,CN
1071-0601-PZA,,,,,1000372,22/04/2021,17250,CN
1072-0601-PZA,,,,,1000373,22/04/2021,17250,CN
1073-0601-PZA,,,,,1000374,22/04/2021,17250,CN
1074-0601-PZA,,,,,1000375,22/04/2021,41924.25,CN
1075-0601-PZA,,,,,1000376,22/04/2021,17250,CN
1076-0601-PZA,,,,,1000377,22/04/2021,18742.11,CN
1077-0601-PZA,,,,,1000378,22/04/2021,17250,CN
1078-0601-PZA,,,,,1000379,22/04/2021,17250,CN
1079-0601-PZA,,,,,1000380,22/04/2021,17250,CN
1080-0601-PZA,,,,,1000381,22/04/2021,18500,CN
1081-0601-PZA,,,,,1000382,22/04/2021,18500,CN
1082-0601-PZA,,,,,1000383,22/04/2021,17500,CN
1083-0601-PZA,,,,,1000384,22/04/2021,17500,CN
1084-0601-PZA,,,,,1000385,22/04/2021,17500,CN
1085-0601-PZA,,,,,1000386,22/04/2021,17500,CN
1086-0601-PZA,,,,,1000387,22/04/2021,17500,CN
1087-0601-PZA,,,,,1000388,22/04/2021,12500,CN
1088-0601-PZA,,,,,1000389,22/04/2021,12500,CN
1089-0601-PZA,,,,,1000390,22/04/2021,155355.95,CN
1090-0601-PZA,,,,,1000391,22/04/2021,3000,CN
1091-0601-PZA,,,,,1000392,22/04/2021,3000,CN
1092-0601-PZA,,,,,1000393,22/04/2021,15500,CN
1093-0601-PZA,,,,,1000394,22/04/2021,15500,CN
1094-0601-PZA,,,,,1000395,22/04/2021,15500,CN
1095-0601-PZA,,,,,1000396,22/04/2021,21088.35,CN
1096-0601-PZA,,,,,1000397,22/04/2021,5000,CN
1097-0601-PZA,,,,,1000398,22/04/2021,17222.5,CN
1098-0601-PZA,,,,,1000399,22/04/2021,3575,CN
0686-0601-PZA,,,,,1000400,22/04/2021,32163.88,CN
1031-0609-PZA,1031,,26/04/2021,20000,,,,inv
1018-0637-PZA,1018,,04/05/2021,27000,,,,inv
1032-0637-PZA,1032,,04/05/2021,27000,,,,inv
0037-0498-iAS Ltd,37,,31/12/2020,295000,,,,inv
1050-0644-PZA,1050,,07/05/2021,31628.38,,,,inv
1111-0688-PZA,1111,,10/05/2021,477.5,,,,inv
1030-0130-PZA,1030,,10/05/2021,735,,,,inv
0387-0476-PZA,,,,,,,,Rem
0388-0476-PZA,,,,,,,,Rem
0389-0476-PZA,,,,,,,,Rem
1099-0613-PZA,,,,,,,,Rem
1060-0584-PZA,,,,,,,,Rem
0029-0415-PZA,,,,,,,,Rem
0185-0415-PZA,,,,,,,,Rem
1048-0999-PZA,,,,,,,,Rem
0945-0659-PZA,,,,,,,,Rem
0959-0659-PZA,,,,,,,,Rem
1002-0659-PZA,,,,,,,,Rem
1004-0659-PZA,,,,,,,,Rem
1016-0659-PZA,,,,,,,,Rem
1034-0659-PZA,,,,,,,,Rem
1051-0659-PZA,,,,,,,,Rem
1108-0659-PZA,,,,,,,,Rem
0874-0664-PZA,,,,,,,,Rem
0875-0664-PZA,,,,,,,,Rem
0963-0664-PZA,,,,,,,,Rem
1021-0664-PZA,,,,,,,,Rem
1035-0664-PZA,,,,,,,,Rem
1052-0664-PZA,,,,,,,,Rem
1109-0664-PZA,,,,,,,,Rem
0569-0628-PZA,,,,,,,,Rem
1062-0582-PZA,,,,,,,,Rem
1063-0582-PZA,,,,,,,,Rem
1064-0676-PZA,,,,,,,,Rem
1065-0676-PZA,,,,,,,,Rem
0170-0549-PZA,,,,,,,,Rem
0336-0549-PZA,,,,,,,,Rem
0700-0549-PZA,,,,,,,,Rem
0718-0600-PZA,,,,,,,,Rem
0335-0600-PZA,,,,,,,,Rem
0522-0625-PZA,,,,,,,,Rem
0534-0639-PZA,,,,,,,,Rem
0542-0600-PZA,,,,,,,,Rem
0830-0581-PZA,,,,,,,,Rem
0688-0598-PZA,,,,,,,,Rem
1041-0688-PZA,1041,,18/05/2021,3406.25,,,,inv
1117-0601-PZA,,,,,1000401,18/05/2021,86250,CN
1117-0601-PZA,,,,,1000402,18/05/2021,17250,CN
1117-0601-PZA,,,,,1000403,18/05/2021,17250,CN
1117-0601-PZA,,,,,1000404,18/05/2021,17250,CN
1117-0601-PZA,,,,,1000405,18/05/2021,17250,CN
1117-0601-PZA,,,,,1000406,18/05/2021,17250,CN
1117-0601-PZA,,,,,1000407,18/05/2021,41924.25,CN
1117-0601-PZA,,,,,1000408,18/05/2021,17250,CN
1117-0601-PZA,,,,,1000409,18/05/2021,18742.11,CN
1117-0601-PZA,,,,,1000410,18/05/2021,17250,CN
1117-0601-PZA,,,,,1000411,18/05/2021,17250,CN
1117-0601-PZA,,,,,1000412,18/05/2021,17250,CN
1117-0601-PZA,,,,,1000413,18/05/2021,18500,CN
1117-0601-PZA,,,,,1000414,18/05/2021,18500,CN
1117-0601-PZA,,,,,1000415,18/05/2021,17500,CN
1117-0601-PZA,,,,,1000416,18/05/2021,17500,CN
1117-0601-PZA,,,,,1000417,18/05/2021,17500,CN
1117-0601-PZA,,,,,1000418,18/05/2021,17500,CN
1117-0601-PZA,,,,,1000419,18/05/2021,17500,CN
1117-0601-PZA,,,,,1000420,18/05/2021,12500,CN
1117-0601-PZA,,,,,1000421,18/05/2021,12500,CN
1117-0601-PZA,,,,,1000422,18/05/2021,155355.95,CN
1117-0601-PZA,,,,,1000423,18/05/2021,3000,CN
1117-0601-PZA,,,,,1000424,18/05/2021,3000,CN
1117-0601-PZA,,,,,1000425,18/05/2021,15500,CN
1117-0601-PZA,,,,,1000426,18/05/2021,15500,CN
1117-0601-PZA,,,,,1000427,18/05/2021,15500,CN
1117-0601-PZA,,,,,1000428,18/05/2021,21088.35,CN
1117-0601-PZA,,,,,1000429,18/05/2021,5000,CN
1117-0601-PZA,,,,,1000430,18/05/2021,17222.5,CN
1117-0601-PZA,,,,,1000431,18/05/2021,3575,CN
1112-0717-PZA,1112,,19/05/2021,1007.09,,,,inv
0874-0664-PZA,874,,21/05/2021,30000,,,,inv
0875-0664-PZA,875,,21/05/2021,50,,,,inv
0963-0664-PZA,963,,21/05/2021,30000,,,,inv
1021-0664-PZA,1021,,21/05/2021,10000,,,,inv
1035-0664-PZA,1035,,21/05/2021,10000,,,,inv
1052-0664-PZA,1052,,21/05/2021,10000,,,,inv
1109-0664-PZA,1109,,21/05/2021,10000,,,,inv
1118-0999-PZA,1118,,21/05/2021,150,,,,inv
1055-0520-PZA,1055,,24/05/2021,25000,,,,inv
1066-0520-PZA,1066,,24/05/2021,390,,,,inv
1060-0584-PZA,1060,,24/05/2021,140,,,,inv
0351-4000-PSM Ltd,351,,17/04/2021,300,,,,inv
0352-4000-PSM Ltd,352,,22/04/2021,70,,,,inv
0353-4000-PSM Ltd,353,,03/05/2021,2677.99,,,,inv
0354-4000-PSM Ltd,354,,03/05/2021,1976.07,,,,inv
1125-0525-PZA,1125,,28/05/2021,700,,,,inv
1126-0525-PZA,1126,,28/05/2021,125,,,,inv
1128-0999-PZA,1128,,01/06/2021,130,,,,inv
1129-0999-PZA,1129,,01/06/2021,50,,,,inv
0355-4000-PSM Ltd,355,,02/06/2021,2677.99,,,,inv
0356-4000-PSM Ltd,356,,02/06/2021,1976.07,,,,inv
1053-0130-PZA,1053,,03/06/2021,895,,,,inv
1099-0613-PZA,1099,,03/06/2021,13000,,,,inv
1107-0644-PZA,1107,,03/06/2021,31871.79,,,,inv
1063-0582-PZA,,,,,1000432,04/06/2021,8506.48,CN
1062-0582-PZA,1062,,04/06/2021,43038.9,,,,inv
1048-0999-PZA,1048,,08/06/2021,140,,,,inv
1113-0569-PZA,1113,,09/06/2021,525,,,,inv
1049-0637-PZA,1049,,09/06/2021,27000,,,,inv
1106-0700-PZA,1106,,09/06/2021,27000,,,,inv
1130-0582-PZA,1130,,09/06/2021,8702.46,,,,inv
1124-0688-PZA,1124,,14/06/2021,225,,,,inv
0389-0476-PZA,389,,15/06/2021,5494.14,,,,inv
0388-0476-PZA,388,2,15/06/2021,2980.43,,,,PartP
1064-0676-PZA,,,,,1000433,15/06/2021,5868.84,CN
1065-0676-PZA,,,,,1000434,15/06/2021,1500.98,CN
0387-0476-PZA,,,,,,,,Rem
0388-0476-PZA,,,,,,,,Rem
0029-0415-PZA,,,,,,,,Rem
0185-0415-PZA,,,,,,,,Rem
1100-0608-PZA,,,,,,,,Rem
0945-0659-PZA,,,,,,,,Rem
0959-0659-PZA,,,,,,,,Rem
1002-0659-PZA,,,,,,,,Rem
1004-0659-PZA,,,,,,,,Rem
1016-0659-PZA,,,,,,,,Rem
1034-0659-PZA,,,,,,,,Rem
1051-0659-PZA,,,,,,,,Rem
1108-0659-PZA,,,,,,,,Rem
1123-0659-PZA,,,,,,,,Rem
1132-0659-PZA,,,,,,,,Rem
1037-0999-PZA,,,,,,,,Rem
1059-0630-PZA,,,,,,,,Rem
1061-0711-PZA,,,,,,,,Rem
1134-0694-PZA,,,,,,,,Rem
0569-0628-PZA,,,,,,,,Rem
1133-0676-PZA,,,,,,,,Rem
0830-0581-PZA,,,,,,,,Rem
0688-0598-PZA,,,,,,,,Rem
0170-0549-PZA,,,,,,,,Rem
0336-0549-PZA,,,,,,,,Rem
0700-0549-PZA,,,,,,,,Rem
0718-0600-PZA,,,,,,,,Rem
0335-0600-PZA,,,,,,,,Rem
0522-0625-PZA,,,,,,,,Rem
0534-0639-PZA,,,,,,,,Rem
0542-0600-PZA,,,,,,,,Rem
1037-0999-PZA,1037,,21/06/2021,140,,,,inv
1061-0711-PZA,1061,,21/06/2021,800,,,,inv
1059-0630-PZA,1059,,21/06/2021,90.87,,,,inv
1136-0547-PZA,1136,,21/06/2021,12000,,,,inv
0038-0498-iAS Ltd,38,,23/06/2021,8679.86,,,,inv
1102-0609-PZA,,,,,,,,Rem
1103-0609-PZA,,,,,,,,Rem
1104-0609-PZA,,,,,,,,Rem
1119-0609-PZA,,,,,,,,Rem
1105-0609-PZA,,,,,,,,Rem
1120-0609-PZA,,,,,,,,Rem
1138-0609-PZA,,,,,,,,Rem
1137-0609-PZA,,,,,,,,Rem
1135-0723-PZA,1135,,25/06/2021,800,,,,inv
1143-0671-PZA,1143,,01/07/2021,2600,,,,inv
1122-0644-PZA,1122,,02/07/2021,31871.79,,,,inv
1110-0130-PZA,1110,,06/07/2021,205,,,,inv
1102-0609-PZA,1102,,07/07/2021,20000,,,,inv
1103-0609-PZA,1103,,07/07/2021,20000,,,,inv
1104-0609-PZA,1104,,07/07/2021,20000,,,,inv
1105-0609-PZA,1105,,07/07/2021,20000,,,,inv
1100-0608-PZA,,,,,1000435,07/07/2021,48940,CN
1146-0999-PZA,1146,,15/07/2021,85.66,,,,inv
1114-0601-PZA,1114,,16/07/2021,12328.75,,,,inv
1115-0601-PZA,1115,,16/07/2021,8000,,,,inv
1116-0601-PZA,1116,,16/07/2021,49334.93,,,,inv
0945-0659-PZA,,,,,,,,Rem
0959-0659-PZA,,,,,,,,Rem
1002-0659-PZA,,,,,,,,Rem
1004-0659-PZA,,,,,,,,Rem
1016-0659-PZA,,,,,,,,Rem
1034-0659-PZA,,,,,,,,Rem
1051-0659-PZA,,,,,,,,Rem
1108-0659-PZA,,,,,,,,Rem
1123-0659-PZA,,,,,,,,Rem
1132-0659-PZA,,,,,,,,Rem
1141-0659-PZA,,,,,,,,Rem
0387-0476-PZA,,,,,,,,Rem
0388-0476-PZA,,,,,,,,Rem
0029-0415-PZA,,,,,,,,Rem
0185-0415-PZA,,,,,,,,Rem
1127-0664-PZA,,,,,,,,Rem
1142-0664-PZA,,,,,,,,Rem
1134-0694-PZA,,,,,,,,Rem
1131-0689-PZA,,,,,,,,Rem
0688-0598-PZA,,,,,,,,Rem
0830-0581-PZA,,,,,,,,Rem
0335-0600-PZA,,,,,,,,Rem
0522-0625-PZA,,,,,,,,Rem
0534-0639-PZA,,,,,,,,Rem
0542-0600-PZA,,,,,,,,Rem
0170-0549-PZA,,,,,,,,Rem
0336-0549-PZA,,,,,,,,Rem
0700-0549-PZA,,,,,,,,Rem
0718-0600-PZA,,,,,,,,Rem
0569-0628-PZA,,,,,,,,Rem
1133-0676-PZA,,,,,,,,Rem
1145-0999-PZA,1145,,19/07/2021,85.66,,,,inv
0569-0628-PZA,569,,21/07/2021,3500,,,,inv
1133-0676-PZA,1133,,21/07/2021,5095.84,,,,inv
0440-0999-PZA,,,,,,,,bd
0701-0583-PZA,,,,,,,,bd
0357-4000-PSM Ltd,357,,30/06/2021,2677.99,,,,inv
0358-4000-PSM Ltd,358,,30/06/2021,1976.07,,,,inv
1150-0679-PZA,1150,,30/07/2021,10000,,,,inv
0359-4000-PSM Ltd,359,,02/08/2021,2677.99,,,,inv
0360-4000-PSM Ltd,360,,02/08/2021,1976.07,,,,inv
1131-0689-PZA,1131,,03/08/2021,7500,,,,inv
1157-0688-PZA,1157,,03/08/2021,652.5,,,,inv
1140-0644-PZA,1140,,04/08/2021,31871.79,,,,inv
1144-0608-PZA,1144,,04/08/2021,47260,,,,inv
1147-0728-PZA,,,,,,,,Rem
0387-0476-PZA,,,,,,,,Rem
0388-0476-PZA,,,,,,,,Rem
1149-0584-PZA,,,,,,,,Rem
0029-0415-PZA,,,,,,,,Rem
0185-0415-PZA,,,,,,,,Rem
1127-0664-PZA,,,,,,,,Rem
1142-0664-PZA,,,,,,,,Rem
1158-0664-PZA,,,,,,,,Rem
0170-0549-PZA,,,,,,,,Rem
0336-0549-PZA,,,,,,,,Rem
0700-0549-PZA,,,,,,,,Rem
0718-0600-PZA,,,,,,,,Rem
0335-0600-PZA,,,,,,,,Rem
0522-0625-PZA,,,,,,,,Rem
0534-0639-PZA,,,,,,,,Rem
0542-0600-PZA,,,,,,,,Rem
1148-0715-PZA,,,,,,,,Rem
0830-0581-PZA,,,,,,,,Rem
0688-0598-PZA,,,,,,,,Rem
0945-0659-PZA,,,,,,,,Rem
0959-0659-PZA,,,,,,,,Rem
1002-0659-PZA,,,,,,,,Rem
1004-0659-PZA,,,,,,,,Rem
1016-0659-PZA,,,,,,,,Rem
1034-0659-PZA,,,,,,,,Rem
1051-0659-PZA,,,,,,,,Rem
1108-0659-PZA,,,,,,,,Rem
1123-0659-PZA,,,,,,,,Rem
1132-0659-PZA,,,,,,,,Rem
1141-0659-PZA,,,,,,,,Rem
1156-0659-PZA,,,,,,,,Rem
1119-0609-PZA,,,,,,,,Rem
1120-0609-PZA,,,,,,,,Rem
1137-0609-PZA,,,,,,,,Rem
1138-0609-PZA,,,,,,,,Rem
1152-0609-PZA,,,,,,,,Rem
1153-0609-PZA,,,,,,,,Rem
1119-0609-PZA,1119,,23/08/2021,20000,,,,inv
1120-0609-PZA,1120,,23/08/2021,20000,,,,inv
1159-0679-PZA,1159,,23/08/2021,10000,,,,inv
1149-0584-PZA,1149,,23/08/2021,140,,,,inv
1134-0694-PZA,,,,,1000436,26/08/2021,4560,CN
1132-0659-PZA,1132,,27/08/2021,2600,,,,inv
1004-0659-PZA,1004,,27/08/2021,325,,,,inv
1101-0700-PZA,1101,,30/08/2021,60,,,,inv
1121-0700-PZA,1121,,30/08/2021,27000,,,,inv
1139-0700-PZA,1139,,30/08/2021,27000,,,,inv
1137-0609-PZA,1137,,03/09/2021,20000,,,,inv
1138-0609-PZA,1138,,03/09/2021,20000,,,,inv
1166-0694-PZA,1166,,03/09/2021,4500,,,,inv
1168-0999-PZA,1168,,13/09/2021,85.66,,,,inv
1151-0130-PZA,1151,,13/09/2021,495,,,,inv
1169-0415-PZA,1169,,15/09/2021,60,,,,inv
1155-0644-PZA,1155,,17/09/2021,31871.79,,,,inv
1147-0728-PZA,,,,,,,,Rem
0387-0476-PZA,,,,,,,,Rem
0388-0476-PZA,,,,,,,,Rem
0185-0415-PZA,,,,,,,,Rem
0945-0659-PZA,,,,,,,,Rem
0959-0659-PZA,,,,,,,,Rem
1002-0659-PZA,,,,,,,,Rem
1016-0659-PZA,,,,,,,,Rem
1034-0659-PZA,,,,,,,,Rem
1051-0659-PZA,,,,,,,,Rem
1108-0659-PZA,,,,,,,,Rem
1123-0659-PZA,,,,,,,,Rem
1141-0659-PZA,,,,,,,,Rem
1156-0659-PZA,,,,,,,,Rem
1164-0659-PZA,,,,,,,,Rem
1127-0664-PZA,,,,,,,,Rem
1142-0664-PZA,,,,,,,,Rem
1158-0664-PZA,,,,,,,,Rem
1165-0664-PZA,,,,,,,,Rem
0170-0549-PZA,,,,,,,,Rem
0336-0549-PZA,,,,,,,,Rem
0700-0549-PZA,,,,,,,,Rem
0718-0600-PZA,,,,,,,,Rem
1148-0715-PZA,,,,,,,,Rem
0335-0600-PZA,,,,,,,,Rem
0522-0625-PZA,,,,,,,,Rem
0534-0639-PZA,,,,,,,,Rem
0542-0600-PZA,,,,,,,,Rem
0830-0581-PZA,,,,,,,,Rem
0688-0598-PZA,,,,,,,,Rem
1171-0735-PZA,1171,,23/09/2021,8474.58,,,,inv
1152-0609-PZA,1152,,27/09/2021,20000,,,,inv
1153-0609-PZA,1153,,27/09/2021,20000,,,,inv
1147-0728-PZA,1147,,27/09/2021,235,,,,inv
1163-0644-PZA,1163,,01/10/2021,31871.79,,,,inv
1154-0700-PZA,1154,,08/10/2021,27000,,,,inv
1162-0700-PZA,1162,,08/10/2021,27000,,,,inv
1179-0999-PZA,1179,,12/10/2021,85.66,,,,inv
0387-0476-PZA,,,,,,,,Rem
0388-0476-PZA,,,,,,,,Rem
0185-0415-PZA,,,,,,,,Rem
0945-0659-PZA,,,,,,,,Rem
0959-0659-PZA,,,,,,,,Rem
1002-0659-PZA,,,,,,,,Rem
1016-0659-PZA,,,,,,,,Rem
1034-0659-PZA,,,,,,,,Rem
1051-0659-PZA,,,,,,,,Rem
1108-0659-PZA,,,,,,,,Rem
1123-0659-PZA,,,,,,,,Rem
1141-0659-PZA,,,,,,,,Rem
1156-0659-PZA,,,,,,,,Rem
1164-0659-PZA,,,,,,,,Rem
1177-0659-PZA,,,,,,,,Rem
1127-0664-PZA,,,,,,,,Rem
1142-0664-PZA,,,,,,,,Rem
1158-0664-PZA,,,,,,,,Rem
1165-0664-PZA,,,,,,,,Rem
0170-0549-PZA,,,,,,,,Rem
0336-0549-PZA,,,,,,,,Rem
0700-0549-PZA,,,,,,,,Rem
0718-0600-PZA,,,,,,,,Rem
1148-0715-PZA,,,,,,,,Rem
0688-0598-PZA,,,,,,,,Rem
0830-0581-PZA,,,,,,,,Rem
0335-0600-PZA,,,,,,,,Rem
0522-0625-PZA,,,,,,,,Rem
0534-0639-PZA,,,,,,,,Rem
0542-0600-PZA,,,,,,,,Rem
1180-0999-PZA,1180,,20/10/2021,130,,,,inv
1181-0672-PZA,1181,,25/10/2021,24000,,,,inv
1160-0609-PZA,1160,,26/10/2021,20000,,,,inv
1161-0609-PZA,1161,,26/10/2021,20000,,,,inv
1185-0999-PZA,1185,,26/10/2021,91.66,,,,inv
1170-0701-PZA,1170,,27/10/2021,5000,,,,inv
1192-0999-PZA,1192,,01/11/2021,696.32,,,,inv
1172-0130-PZA,1172,,01/11/2021,325,,,,inv
0361-4000-PSM Ltd,361,,31/08/2021,2677.99,,,,inv
0362-4000-PSM Ltd,362,,31/08/2021,1976.07,,,,inv
0363-4000-PSM Ltd,363,,04/10/2021,1021.7,,,,inv
0364-4000-PSM Ltd,364,,04/10/2021,592.91,,,,inv
0365-4000-PSM Ltd,365,,04/10/2021,3699.69,,,,inv
0366-4000-PSM Ltd,366,,04/10/2021,2568.98,,,,inv
0367-4000-PSM Ltd,367,,01/11/2021,3699.69,,,,inv
0368-4000-PSM Ltd,368,,01/11/2021,2568.98,,,,inv
0039-0498-iAS Ltd,39,,30/06/2021,324000,,,,inv
0040-0498-iAS Ltd,40,,30/09/2021,330000,,,,inv
1176-0644-PZA,1176,,02/11/2021,31871.79,,,,inv
1193-0999-PZA,1193,,03/11/2021,221.32,,,,inv
1194-0520-PZA,1194,1,27/10/2021,35000,,,,PartP
1167-0520-PZA,,,,,1000437,12/11/2021,70000,CN
1186-0609-PZA,,,,,1000438,12/11/2021,20000,CN
0387-0476-PZA,,,,,,,,Rem
0388-0476-PZA,,,,,,,,Rem
1184-0641-PZA,,,,,,,,Rem
0185-0415-PZA,,,,,,,,Rem
0945-0659-PZA,,,,,,,,Rem
0959-0659-PZA,,,,,,,,Rem
1002-0659-PZA,,,,,,,,Rem
1016-0659-PZA,,,,,,,,Rem
1034-0659-PZA,,,,,,,,Rem
1051-0659-PZA,,,,,,,,Rem
1108-0659-PZA,,,,,,,,Rem
1123-0659-PZA,,,,,,,,Rem
1141-0659-PZA,,,,,,,,Rem
1156-0659-PZA,,,,,,,,Rem
1164-0659-PZA,,,,,,,,Rem
1177-0659-PZA,,,,,,,,Rem
1189-0659-PZA,,,,,,,,Rem
1127-0664-PZA,,,,,,,,Rem
1142-0664-PZA,,,,,,,,Rem
1158-0664-PZA,,,,,,,,Rem
1165-0664-PZA,,,,,,,,Rem
1178-0664-PZA,,,,,,,,Rem
1190-0664-PZA,,,,,,,,Rem
1183-0711-PZA,,,,,,,,Rem
0170-0549-PZA,,,,,,,,Rem
0336-0549-PZA,,,,,,,,Rem
0700-0549-PZA,,,,,,,,Rem
0718-0600-PZA,,,,,,,,Rem
0335-0600-PZA,,,,,,,,Rem
0522-0625-PZA,,,,,,,,Rem
0534-0639-PZA,,,,,,,,Rem
0542-0600-PZA,,,,,,,,Rem
1148-0715-PZA,,,,,,,,Rem
0830-0581-PZA,,,,,,,,Rem
0688-0598-PZA,,,,,,,,Rem
1196-0999-PZA,,,,,1000439,18/11/2021,400,CN
1197-0999-PZA,1197,,18/11/2021,338.98,,,,inv
1184-0641-PZA,1184,,19/11/2021,50,,,,inv
1175-0700-PZA,1175,,19/11/2021,27000,,,,inv
1187-0700-PZA,1187,,19/11/2021,27000,,,,inv
1198-0601-PZA,1198,,25/11/2021,6014.37,,,,inv
1188-0644-PZA,1188,,01/12/2021,32403.18,,,,inv
1183-0711-PZA,1183,,03/12/2021,86.21,,,,inv
0369-4000-PSM Ltd,369,,03/12/2021,3699.69,,,,inv
0370-4000-PSM Ltd,370,,03/12/2021,2568.98,,,,inv
1173-0609-PZA,1173,,06/12/2021,20000,,,,inv
1174-0609-PZA,1174,,06/12/2021,20000,,,,inv
1207-0724-PZA,1207,,15/12/2021,35000,,,,inv
1191-0130-PZA,1191,,15/12/2021,805,,,,inv
0387-0476-PZA,,,,,,,,Rem
0388-0476-PZA,,,,,,,,Rem
1200-0999-PZA,,,,,,,,Rem
0185-0415-PZA,,,,,,,,Rem
0170-0549-PZA,,,,,,,,Rem
0336-0549-PZA,,,,,,,,Rem
0700-0549-PZA,,,,,,,,Rem
0718-0600-PZA,,,,,,,,Rem
0335-0600-PZA,,,,,,,,Rem
0522-0625-PZA,,,,,,,,Rem
0534-0639-PZA,,,,,,,,Rem
0542-0600-PZA,,,,,,,,Rem
1148-0715-PZA,,,,,,,,Rem
0830-0581-PZA,,,,,,,,Rem
0688-0598-PZA,,,,,,,,Rem
1127-0664-PZA,,,,,,,,Rem
1142-0664-PZA,,,,,,,,Rem
1158-0664-PZA,,,,,,,,Rem
1165-0664-PZA,,,,,,,,Rem
1178-0664-PZA,,,,,,,,Rem
1190-0664-PZA,,,,,,,,Rem
1205-0664-PZA,,,,,,,,Rem
0945-0659-PZA,,,,,,,,Rem
0959-0659-PZA,,,,,,,,Rem
1002-0659-PZA,,,,,,,,Rem
1016-0659-PZA,,,,,,,,Rem
1034-0659-PZA,,,,,,,,Rem
1051-0659-PZA,,,,,,,,Rem
1108-0659-PZA,,,,,,,,Rem
1123-0659-PZA,,,,,,,,Rem
1141-0659-PZA,,,,,,,,Rem
1156-0659-PZA,,,,,,,,Rem
1164-0659-PZA,,,,,,,,Rem
1177-0659-PZA,,,,,,,,Rem
1189-0659-PZA,,,,,,,,Rem
1204-0659-PZA,,,,,,,,Rem
1206-0679-PZA,1206,,22/12/2021,371.7,,,,inv
0945-0659-PZA,945,2,24/12/2021,7754.24,,,,PartP
0959-0659-PZA,959,,24/12/2021,9250,,,,inv
1002-0659-PZA,1002,,24/12/2021,9250,,,,inv
1016-0659-PZA,1016,,24/12/2021,9250,,,,inv
1034-0659-PZA,1034,,24/12/2021,9250,,,,inv
0980-0649-PZA,980,,24/12/2021,116250,,,,inv
1199-0649-PZA,1199,,24/12/2021,41786.92,,,,inv
1203-0644-PZA,1203,,29/12/2021,32403.18,,,,inv
1213-0728-PZA,1213,,06/01/2022,140,,,,inv
1202-0700-PZA,1202,,10/01/2022,27000,,,,inv
1209-0700-PZA,1209,,10/01/2022,27000,,,,inv
0387-0476-PZA,,,,,,,,Rem
0388-0476-PZA,,,,,,,,Rem
1200-0999-PZA,,,,,,,,Rem
0185-0415-PZA,,,,,,,,Rem
1051-0659-PZA,,,,,,,,Rem
1108-0659-PZA,,,,,,,,Rem
1123-0659-PZA,,,,,,,,Rem
1141-0659-PZA,,,,,,,,Rem
1156-0659-PZA,,,,,,,,Rem
1164-0659-PZA,,,,,,,,Rem
1177-0659-PZA,,,,,,,,Rem
1189-0659-PZA,,,,,,,,Rem
1204-0659-PZA,,,,,,,,Rem
1211-0659-PZA,,,,,,,,Rem
1127-0664-PZA,,,,,,,,Rem
1142-0664-PZA,,,,,,,,Rem
1158-0664-PZA,,,,,,,,Rem
1165-0664-PZA,,,,,,,,Rem
1178-0664-PZA,,,,,,,,Rem
1190-0664-PZA,,,,,,,,Rem
1205-0664-PZA,,,,,,,,Rem
1212-0664-PZA,,,,,,,,Rem
0170-0549-PZA,,,,,,,,Rem
0336-0549-PZA,,,,,,,,Rem
0700-0549-PZA,,,,,,,,Rem
0718-0600-PZA,,,,,,,,Rem
1148-0715-PZA,,,,,,,,Rem
0688-0598-PZA,,,,,,,,Rem
0830-0581-PZA,,,,,,,,Rem
0335-0600-PZA,,,,,,,,Rem
0522-0625-PZA,,,,,,,,Rem
0534-0639-PZA,,,,,,,,Rem
0542-0600-PZA,,,,,,,,Rem
1195-0609-PZA,1195,,19/01/2022,40000,,,,inv
1182-0679-PZA,1182,,04/11/2021,15000,,,,inv
0041-0498-iAS Ltd,41,,25/11/2021,3291.85,,,,inv
0042-0498-iAS Ltd,42,,31/12/2021,393000,,,,inv
1224-0644-PZA,,,,,1000440,26/01/2022,32403.18,CN
1228-0754-PZA,1228,,01/02/2022,210,,,,inv
0029-0415-PZA,,,,,1000441,02/02/2022,670.18,CN
1210-0644-PZA,1210,,03/02/2022,32403.18,,,,inv
1232-0736-PZA,1232,,15/02/2022,6742.5,,,,inv
1230-0679-PZA,1230,,15/02/2022,10000,,,,inv
1231-0679-PZA,1231,,15/02/2022,50000,,,,inv
0185-0415-PZA,,,,,,,,Rem
0387-0476-PZA,,,,,,,,Rem
0388-0476-PZA,,,,,,,,Rem
1200-0999-PZA,,,,,,,,Rem
0170-0549-PZA,,,,,,,,Rem
0336-0549-PZA,,,,,,,,Rem
0700-0549-PZA,,,,,,,,Rem
0718-0600-PZA,,,,,,,,Rem
0830-0581-PZA,,,,,,,,Rem
0688-0598-PZA,,,,,,,,Rem
1148-0715-PZA,,,,,,,,Rem
0335-0600-PZA,,,,,,,,Rem
0522-0625-PZA,,,,,,,,Rem
0534-0639-PZA,,,,,,,,Rem
0542-0600-PZA,,,,,,,,Rem
1051-0659-PZA,,,,,,,,Rem
1108-0659-PZA,,,,,,,,Rem
1123-0659-PZA,,,,,,,,Rem
1141-0659-PZA,,,,,,,,Rem
1156-0659-PZA,,,,,,,,Rem
1164-0659-PZA,,,,,,,,Rem
1177-0659-PZA,,,,,,,,Rem
1189-0659-PZA,,,,,,,,Rem
1204-0659-PZA,,,,,,,,Rem
1211-0659-PZA,,,,,,,,Rem
1225-0659-PZA,,,,,,,,Rem
1127-0664-PZA,,,,,,,,Rem
1142-0664-PZA,,,,,,,,Rem
1158-0664-PZA,,,,,,,,Rem
1165-0664-PZA,,,,,,,,Rem
1178-0664-PZA,,,,,,,,Rem
1190-0664-PZA,,,,,,,,Rem
1205-0664-PZA,,,,,,,,Rem
1212-0664-PZA,,,,,,,,Rem
1226-0664-PZA,,,,,,,,Rem
1234-0999-PZA,1234,,17/02/2022,101.69,,,,inv
1236-0754-PZA,1236,,28/02/2022,210,,,,inv
1200-0999-PZA,1200,,28/02/2022,107.69,,,,inv
1208-0609-PZA,1208,,28/02/2022,40000,,,,inv
1051-0659-PZA,1051,,01/03/2022,9250,,,,inv
1108-0659-PZA,1108,,01/03/2022,9250,,,,inv
1123-0659-PZA,1123,,01/03/2022,9250,,,,inv
1141-0659-PZA,1141,,01/03/2022,9250,,,,inv
1156-0659-PZA,1156,,01/03/2022,9250,,,,inv
1164-0659-PZA,1164,,01/03/2022,9250,,,,inv
1229-0644-PZA,1229,,03/03/2022,32452.95,,,,inv
1245-0999-PZA,1245,,04/03/2022,120,,,,inv
1215-0725-PZA,1215,,09/03/2022,10000,,,,inv
1216-0725-PZA,1216,,09/03/2022,10000,,,,inv
1217-0725-PZA,1217,,09/03/2022,10000,,,,inv
1218-0725-PZA,1218,,09/03/2022,10000,,,,inv
1237-0999-PZA,1237,,10/03/2022,107.69,,,,inv
0387-0476-PZA,,,,,,,,Rem
0388-0476-PZA,,,,,,,,Rem
0185-0415-PZA,,,,,,,,Rem
1233-0681-PZA,,,,,,,,Rem
1235-0525-PZA,,,,,,,,Rem
1222-0999-PZA,,,,,,,,Rem
1220-0630-PZA,,,,,,,,Rem
0170-0549-PZA,,,,,,,,Rem
0336-0549-PZA,,,,,,,,Rem
0700-0549-PZA,,,,,,,,Rem
0718-0600-PZA,,,,,,,,Rem
0335-0600-PZA,,,,,,,,Rem
0522-0625-PZA,,,,,,,,Rem
0534-0639-PZA,,,,,,,,Rem
0542-0600-PZA,,,,,,,,Rem
1148-0715-PZA,,,,,,,,Rem
0830-0581-PZA,,,,,,,,Rem
0688-0598-PZA,,,,,,,,Rem
1177-0659-PZA,,,,,,,,Rem
1189-0659-PZA,,,,,,,,Rem
1204-0659-PZA,,,,,,,,Rem
1211-0659-PZA,,,,,,,,Rem
1225-0659-PZA,,,,,,,,Rem
1241-0659-PZA,,,,,,,,Rem
1127-0664-PZA,,,,,,,,Rem
1142-0664-PZA,,,,,,,,Rem
1158-0664-PZA,,,,,,,,Rem
1165-0664-PZA,,,,,,,,Rem
1178-0664-PZA,,,,,,,,Rem
1190-0664-PZA,,,,,,,,Rem
1205-0664-PZA,,,,,,,,Rem
1212-0664-PZA,,,,,,,,Rem
1226-0664-PZA,,,,,,,,Rem
1242-0664-PZA,,,,,,,,Rem
1201-0609-PZA,1201,,31/01/2022,40000,,,,inv
1221-0609-PZA,1221,,28/03/2022,1408.97,,,,inv
1223-0700-PZA,1223,,28/03/2022,27000,,,,inv
1239-0700-PZA,1239,,28/03/2022,27000,,,,inv
1244-0679-PZA,1244,,05/04/2022,50000,,,,inv
0043-0498-iAS Ltd,43,,30/03/2022,420000,,,,inv
1238-0130-PZA,1238,,08/04/2022,825,,,,inv
1220-0630-PZA,,,,,,,,Rem
1222-0999-PZA,,,,,,,,Rem
0387-0476-PZA,,,,,,,,Rem
0388-0476-PZA,,,,,,,,Rem
1227-0725-PZA,,,,,,,,Rem
1243-0725-PZA,,,,,,,,Rem
1252-0725-PZA,,,,,,,,Rem
1235-0525-PZA,,,,,,,,Rem
1177-0659-PZA,,,,,,,,Rem
1189-0659-PZA,,,,,,,,Rem
1204-0659-PZA,,,,,,,,Rem
1211-0659-PZA,,,,,,,,Rem
1225-0659-PZA,,,,,,,,Rem
1241-0659-PZA,,,,,,,,Rem
1250-0659-PZA,,,,,,,,Rem
1127-0664-PZA,,,,,,,,Rem
1142-0664-PZA,,,,,,,,Rem
1158-0664-PZA,,,,,,,,Rem
1165-0664-PZA,,,,,,,,Rem
1178-0664-PZA,,,,,,,,Rem
1190-0664-PZA,,,,,,,,Rem
1205-0664-PZA,,,,,,,,Rem
1212-0664-PZA,,,,,,,,Rem
1226-0664-PZA,,,,,,,,Rem
1242-0664-PZA,,,,,,,,Rem
1251-0664-PZA,,,,,,,,Rem
1246-0753-PZA,,,,,,,,Rem
0170-0549-PZA,,,,,,,,Rem
0336-0549-PZA,,,,,,,,Rem
0700-0549-PZA,,,,,,,,Rem
0718-0600-PZA,,,,,,,,Rem
0335-0600-PZA,,,,,,,,Rem
0522-0625-PZA,,,,,,,,Rem
0534-0639-PZA,,,,,,,,Rem
0542-0600-PZA,,,,,,,,Rem
1148-0715-PZA,,,,,,,,Rem
0830-0581-PZA,,,,,,,,Rem
0688-0598-PZA,,,,,,,,Rem
1233-0681-PZA,,,,,,,,Rem
0185-0415-PZA,185,3,14/04/2022,30000,,,,PartP
1220-0630-PZA,1220,,19/04/2022,3450,,,,inv
1240-0644-PZA,1240,,19/04/2022,30322.57,,,,inv
1222-0999-PZA,1222,,19/04/2022,100,,,,inv
1235-0525-PZA,1235,,22/04/2022,250,,,,inv
1194-0520-PZA,1194,2,29/04/2022,35000,,,,PartP
1214-0701-PZA,1214,,29/04/2022,10500,,,,inv
1254-0676-PZA,1254,,03/05/2022,310,,,,inv
1247-0130-PZA,1247,,04/05/2022,385,,,,inv
1177-0659-PZA,1177,,10/05/2022,9250,,,,inv
1189-0659-PZA,1189,,10/05/2022,9250,,,,inv
1204-0659-PZA,1204,,10/05/2022,9250,,,,inv
1211-0659-PZA,1211,,10/05/2022,9250,,,,inv
1225-0659-PZA,1225,,10/05/2022,9250,,,,inv
1241-0659-PZA,1241,,10/05/2022,9250,,,,inv
1250-0659-PZA,1250,,10/05/2022,9250,,,,inv
1258-0659-PZA,1258,,10/05/2022,9250,,,,inv
1249-0644-PZA,1249,,11/05/2022,27636.02,,,,inv
1266-0753-PZA,1266,,11/05/2022,50,,,,inv
1267-0999-PZA,1267,,11/05/2022,100,,,,inv
0371-4000-PSM Ltd,371,,28/12/2021,3699.69,,,,inv
0372-4000-PSM Ltd,372,,28/12/2022,2568.98,,,,inv
0373-4000-PSM Ltd,373,,31/01/2022,3699.69,,,,inv
0374-4000-PSM Ltd,374,,31/01/2022,2568.98,,,,inv
0375-4000-PSM Ltd,375,,28/02/2022,3699.69,,,,inv
0376-4000-PSM Ltd,376,,28/02/2022,2568.98,,,,inv
0377-4000-PSM Ltd,377,,30/03/2022,3699.69,,,,inv
0378-4000-PSM Ltd,378,,30/03/2022,2568.98,,,,inv
0379-4000-PSM Ltd,379,,30/04/2022,3699.69,,,,inv
0380-4000-PSM Ltd,380,,30/04/2022,2568.98,,,,inv
0387-0476-PZA,,,,,,,,Rem
0388-0476-PZA,,,,,,,,Rem
1227-0725-PZA,,,,,,,,Rem
1243-0725-PZA,,,,,,,,Rem
1252-0725-PZA,,,,,,,,Rem
1260-0725-PZA,,,,,,,,Rem
1253-0999-PZA,,,,,,,,Rem
1265-0999-PZA,,,,,,,,Rem
1246-0753-PZA,,,,,,,,Rem
1233-0681-PZA,,,,,,,,Rem
1127-0664-PZA,,,,,,,,Rem
1142-0664-PZA,,,,,,,,Rem
1158-0664-PZA,,,,,,,,Rem
1165-0664-PZA,,,,,,,,Rem
1178-0664-PZA,,,,,,,,Rem
1190-0664-PZA,,,,,,,,Rem
1205-0664-PZA,,,,,,,,Rem
1212-0664-PZA,,,,,,,,Rem
1226-0664-PZA,,,,,,,,Rem
1242-0664-PZA,,,,,,,,Rem
1251-0664-PZA,,,,,,,,Rem
1261-0664-PZA,,,,,,,,Rem
0170-0549-PZA,,,,,,,,Rem
0336-0549-PZA,,,,,,,,Rem
0700-0549-PZA,,,,,,,,Rem
0718-0600-PZA,,,,,,,,Rem
0335-0600-PZA,,,,,,,,Rem
0522-0625-PZA,,,,,,,,Rem
0534-0639-PZA,,,,,,,,Rem
0542-0600-PZA,,,,,,,,Rem
1148-0715-PZA,,,,,,,,Rem
0830-0581-PZA,,,,,,,,Rem
0688-0598-PZA,,,,,,,,Rem
1264-0999-PZA,1264,,19/05/2022,126,,,,inv
1259-0679-PZA,1259,,23/05/2022,1133.12,,,,inv
1269-0679-PZA,1269,,23/05/2022,2025.4,,,,inv
1270-0999-PZA,1270,,25/05/2022,150,,,,inv
1278-0738-PZA,1278,,01/06/2022,50,,,,inv
1248-0700-PZA,1248,,01/06/2022,27000,,,,inv
1255-0700-PZA,1255,,01/06/2022,27000,,,,inv
1233-0681-PZA,1233,,01/06/2022,25000,,,,inv
1289-0999-PZA,1289,,03/06/2022,107.69,,,,inv
1256-0130-PZA,1256,,08/06/2022,765,,,,inv
1282-0569-PZA,1282,,09/06/2022,950,,,,inv
1257-0644-PZA,1257,,15/06/2022,27636.02,,,,inv
0381-4000-PSM Ltd,381,,30/05/2022,3699.69,,,,inv
0382-4000-PSM Ltd,382,,30/05/2022,2568.98,,,,inv
1290-0999-PZA,1290,,16/06/2022,107.69,,,,inv
1276-0752-PZA,1276,,16/06/2022,12000,,,,inv
1268-0752-PZA,1268,,16/06/2022,36000,,,,inv
1253-0999-PZA,1253,,16/06/2022,312,,,,inv
1265-0999-PZA,1265,,16/06/2022,107.69,,,,inv
0387-0476-PZA,,,,,,,,Rem
0388-0476-PZA,,,,,,,,Rem
1227-0725-PZA,,,,,,,,Rem
1243-0725-PZA,,,,,,,,Rem
1252-0725-PZA,,,,,,,,Rem
1260-0725-PZA,,,,,,,,Rem
1275-0725-PZA,,,,,,,,Rem
1127-0664-PZA,,,,,,,,Rem
1142-0664-PZA,,,,,,,,Rem
1158-0664-PZA,,,,,,,,Rem
1165-0664-PZA,,,,,,,,Rem
1178-0664-PZA,,,,,,,,Rem
1190-0664-PZA,,,,,,,,Rem
1205-0664-PZA,,,,,,,,Rem
1212-0664-PZA,,,,,,,,Rem
1226-0664-PZA,,,,,,,,Rem
1242-0664-PZA,,,,,,,,Rem
1251-0664-PZA,,,,,,,,Rem
1261-0664-PZA,,,,,,,,Rem
1277-0664-PZA,,,,,,,,Rem
1262-0609-PZA,,,,,,,,Rem
1263-0609-PZA,,,,,,,,Rem
1271-0609-PZA,,,,,,,,Rem
1246-0753-PZA,,,,,,,,Rem
0170-0549-PZA,,,,,,,,Rem
0336-0549-PZA,,,,,,,,Rem
0700-0549-PZA,,,,,,,,Rem
0718-0600-PZA,,,,,,,,Rem
0335-0600-PZA,,,,,,,,Rem
0522-0625-PZA,,,,,,,,Rem
0534-0639-PZA,,,,,,,,Rem
0542-0600-PZA,,,,,,,,Rem
1148-0715-PZA,,,,,,,,Rem
0830-0581-PZA,,,,,,,,Rem
0688-0598-PZA,,,,,,,,Rem
1227-0725-PZA,1227,,23/06/2022,10000,,,,inv
1243-0725-PZA,1243,,23/06/2022,10000,,,,inv
1274-0659-PZA,1274,,01/07/2022,9250,,,,inv
1306-0746-PZA,1306,,11/07/2022,9750,,,,inv
1284-0679-PZA,1284,,11/07/2022,30000,,,,inv
1288-0727-PZA,1288,,11/07/2022,19250,,,,inv
1127-0664-PZA,1127,,11/07/2022,10000,,,,inv
1142-0664-PZA,1142,,11/07/2022,10000,,,,inv
1158-0664-PZA,1158,,11/07/2022,10000,,,,inv
1165-0664-PZA,1165,,11/07/2022,10000,,,,inv
1178-0664-PZA,1178,,11/07/2022,10000,,,,inv
1190-0664-PZA,1190,,11/07/2022,10000,,,,inv
1205-0664-PZA,1205,,11/07/2022,10000,,,,inv
1212-0664-PZA,1212,,11/07/2022,10000,,,,inv
1226-0664-PZA,1226,,11/07/2022,10000,,,,inv
1242-0664-PZA,1242,,11/07/2022,10000,,,,inv
1251-0664-PZA,1251,,11/07/2022,10000,,,,inv
1261-0664-PZA,1261,,11/07/2022,10000,,,,inv
1277-0664-PZA,1277,,11/07/2022,10000,,,,inv
1287-0717-PZA,1287,,12/07/2022,2100,,,,inv
1273-0644-PZA,1273,,13/07/2022,27636.02,,,,inv
1272-0700-PZA,1272,,19/07/2022,27000,,,,inv
1292-0700-PZA,1292,,19/07/2022,27000,,,,inv
1263-0609-PZA,1263,,19/07/2022,17500,,,,inv
1262-0609-PZA,1262,,19/07/2022,57500,,,,inv
0387-0476-PZA,,,,,,,,Rem
0388-0476-PZA,,,,,,,,Rem
1252-0725-PZA,,,,,,,,Rem
1260-0725-PZA,,,,,,,,Rem
1275-0725-PZA,,,,,,,,Rem
1297-0725-PZA,,,,,,,,Rem
1280-0427-PZA,,,,,,,,Rem
1283-0584-PZA,,,,,,,,Rem
1309-0584-PZA,,,,,,,,Rem
1246-0753-PZA,,,,,,,,Rem
1285-0683-PZA,,,,,,,,Rem
1067-0704-PZA,,,,,,,,Rem
1279-0520-PZA,,,,,,,,Rem
1296-0520-PZA,,,,,,,,Rem
1307-0674-PZA,,,,,,,,Rem
1301-0731-PZA,,,,,,,,Rem
1302-0731-PZA,,,,,,,,Rem
1303-0731-PZA,,,,,,,,Rem
1304-0731-PZA,,,,,,,,Rem
0170-0549-PZA,,,,,,,,Rem
0336-0549-PZA,,,,,,,,Rem
0700-0549-PZA,,,,,,,,Rem
0718-0600-PZA,,,,,,,,Rem
1148-0715-PZA,,,,,,,,Rem
0335-0600-PZA,,,,,,,,Rem
0522-0625-PZA,,,,,,,,Rem
0534-0639-PZA,,,,,,,,Rem
0542-0600-PZA,,,,,,,,Rem
0830-0581-PZA,,,,,,,,Rem
0688-0598-PZA,,,,,,,,Rem
1283-0584-PZA,,,,,1000442,27/07/2022,20111,CN
1309-0584-PZA,,,,,1000443,27/07/2022,140,CN
0383-4000-PSM Ltd,383,,30/06/2022,3699.69,,,,inv
0384-4000-PSM Ltd,384,,30/06/2022,2568.98,,,,inv
1295-0679-PZA,1295,,28/07/2022,20000,,,,inv
1298-0752-PZA,1298,,28/07/2022,12000,,,,inv
1246-0753-PZA,1246,,02/08/2022,107.69,,,,inv
1320-0751-PZA,1320,,03/08/2022,107.69,,,,inv
1294-0659-PZA,1294,,03/08/2022,9250,,,,inv
1271-0609-PZA,1271,,03/08/2022,17500,,,,inv
1280-0427-PZA,1280,,09/08/2022,1748,,,,inv
0387-0476-PZA,,,,,,,,Rem
0388-0476-PZA,,,,,,,,Rem
1252-0725-PZA,,,,,,,,Rem
1260-0725-PZA,,,,,,,,Rem
1275-0725-PZA,,,,,,,,Rem
1297-0725-PZA,,,,,,,,Rem
1314-0725-PZA,,,,,,,,Rem
1308-0999-PZA,,,,,,,,Rem
1318-0584-PZA,,,,,,,,Rem
1319-0584-PZA,,,,,,,,Rem
1285-0683-PZA,,,,,,,,Rem
1305-0734-PZA,,,,,,,,Rem
1279-0520-PZA,,,,,,,,Rem
1296-0520-PZA,,,,,,,,Rem
1307-0674-PZA,,,,,,,,Rem
0170-0549-PZA,,,,,,,,Rem
0336-0549-PZA,,,,,,,,Rem
0700-0549-PZA,,,,,,,,Rem
0718-0600-PZA,,,,,,,,Rem
1148-0715-PZA,,,,,,,,Rem
0335-0600-PZA,,,,,,,,Rem
0522-0625-PZA,,,,,,,,Rem
0534-0639-PZA,,,,,,,,Rem
0542-0600-PZA,,,,,,,,Rem
0830-0581-PZA,,,,,,,,Rem
0688-0598-PZA,,,,,,,,Rem
1315-0752-PZA,1315,,12/08/2022,12000,,,,inv
1293-0644-PZA,1293,,12/08/2022,27636.02,,,,inv
1307-0674-PZA,1307,,22/08/2022,300,,,,inv
1305-0734-PZA,1305,,22/08/2022,2950,,,,inv
1319-0584-PZA,1319,,23/08/2022,140,,,,inv
1318-0584-PZA,1318,1,23/08/2022,6567.8,,,,PartP
0385-4000-PSM Ltd,385,,31/07/2022,3699.69,,,,inv
0386-4000-PSM Ltd,386,,31/07/2022,2568.98,,,,inv
1308-0999-PZA,1308,,29/08/2022,166.31,,,,inv
1301-0731-PZA,1301,,29/08/2022,20000,,,,inv
1302-0731-PZA,1302,,29/08/2022,11000,,,,inv
1303-0731-PZA,1303,,29/08/2022,11000,,,,inv
1304-0731-PZA,1304,,29/08/2022,11000,,,,inv
1313-0659-PZA,1313,,29/08/2022,9250,,,,inv
1285-0683-PZA,1285,,31/08/2022,2400,,,,inv
1291-0609-PZA,1291,,12/09/2022,13000,,,,inv
1325-0752-PZA,1325,,13/09/2022,12000,,,,inv
1311-0700-PZA,1311,,22/09/2022,27000,,,,inv
1321-0700-PZA,1321,,22/09/2022,27000,,,,inv
1312-0644-PZA,1312,,20/09/2022,18210.73,,,,inv
1322-0644-PZA,1322,,20/09/2022,15906.55,,,,inv
1316-0664-PZA,1316,,20/09/2022,10000,,,,inv
1326-0664-PZA,1326,,20/09/2022,10000,,,,inv
1299-0664-PZA,1299,,20/09/2022,10000,,,,inv
1067-0704-PZA,1067,,27/09/2022,60,,,,inv
0387-4000-PSM Ltd,387,,01/09/2022,3699.69,,,,inv
0388-4000-PSM Ltd,388,,01/09/2022,2646.05,,,,inv
0170-0549-PZA,170,,28/09/2022,18000,,,,inv
0335-0600-PZA,335,2,28/09/2022,9066.84,,,,PartP
0336-0549-PZA,336,,28/09/2022,7000,,,,inv
0522-0625-PZA,522,,28/09/2022,5000,,,,inv
0534-0639-PZA,534,,28/09/2022,2750,,,,inv
0542-0600-PZA,542,,28/09/2022,15000,,,,inv
0700-0549-PZA,700,,28/09/2022,10000,,,,inv
0718-0600-PZA,718,,28/09/2022,20000,,,,inv
0387-0476-PZA,,,,,,,,Rem
0388-0476-PZA,,,,,,,,Rem
1252-0725-PZA,,,,,,,,Rem
1260-0725-PZA,,,,,,,,Rem
1275-0725-PZA,,,,,,,,Rem
1297-0725-PZA,,,,,,,,Rem
1314-0725-PZA,,,,,,,,Rem
1324-0725-PZA,,,,,,,,Rem
1318-0584-PZA,,,,,,,,Rem
1279-0520-PZA,,,,,,,,Rem
1296-0520-PZA,,,,,,,,Rem
0830-0581-PZA,,,,,,,,Rem
1148-0715-PZA,,,,,,,,Rem
0389-4000-PSM Ltd,389,,03/10/2022,3699.69,,,,inv
0390-4000-PSM Ltd,390,,03/10/2022,2646.05,,,,inv
1317-0731-PZA,1317,,03/10/2022,11000,,,,inv
0830-0581-PZA,,,,,1000444,05/10/2022,25911.27,CN
1333-0581-PZA,1333,1,05/10/2022,16705.19,,,,PartP
1334-0598-PZA,1334,,05/10/2022,15000,,,,inv
0688-0598-PZA,,,,,1000445,05/10/2022,15000,CN
1252-0725-PZA,1252,,10/10/2022,10000,,,,inv
1335-0649-PZA,1335,,14/10/2022,113318.91,,,,inv
0387-0476-PZA,,,,,,,,Rem
0388-0476-PZA,,,,,,,,Rem
1318-0584-PZA,,,,,,,,Rem
1279-0520-PZA,,,,,,,,Rem
1296-0520-PZA,,,,,,,,Rem
1331-0752-PZA,1331,,21/10/2022,12000,,,,inv
1327-0731-PZA,1327,,31/10/2022,11000,,,,inv
0044-0498-iAS Ltd,44,,30/06/2022,334000,,,,inv
0045-0498-iAS Ltd,45,,30/09/2022,325000,,,,inv
1329-0644-PZA,1329,,08/11/2022,13602.38,,,,inv
1328-0700-PZA,1328,,10/11/2022,27000,,,,inv
1336-0700-PZA,1336,,10/11/2022,27000,,,,inv
0387-0476-PZA,,,,,,,,Rem
0388-0476-PZA,,,,,,,,Rem
1260-0725-PZA,,,,,,,,Rem
1275-0725-PZA,,,,,,,,Rem
1297-0725-PZA,,,,,,,,Rem
1314-0725-PZA,,,,,,,,Rem
1324-0725-PZA,,,,,,,,Rem
1318-0584-PZA,,,,,,,,Rem
1148-0715-PZA,,,,,,,,Rem
1333-0581-PZA,,,,,,,,Rem
1310-0609-PZA,,,,,,,,Rem
1279-0520-PZA,,,,,,,,Rem
1296-0520-PZA,,,,,,,,Rem
1343-0520-PZA,,,,,,,,Rem
1344-0520-PZA,,,,,,,,Rem
1345-0520-PZA,,,,,,,,Rem
1346-0520-PZA,,,,,,,,Rem
1341-0731-PZA,1341,,23/11/2022,17000,,,,inv
1342-0731-PZA,1342,,23/11/2022,17000,,,,inv
1356-0999-PZA,1356,,25/11/2022,86,,,,inv
1351-0606-PZA,1351,,24/11/2022,675,,,,inv
1352-0606-PZA,1352,,24/11/2022,5962.5,,,,inv
1353-0606-PZA,1353,,24/11/2022,6630,,,,inv
1354-0606-PZA,1354,,24/11/2022,7065,,,,inv
1355-0606-PZA,1355,,24/11/2022,17055,,,,inv
1323-0659-PZA,1323,,30/11/2022,9250,,,,inv
1330-0659-PZA,1330,,30/11/2022,9250,,,,inv
1348-0723-PZA,1348,,05/12/2022,140,,,,inv
1337-0644-PZA,1337,,07/12/2022,12250,,,,inv
1365-0779-PZA,1365,,15/12/2022,107.69,,,,inv
1339-0752-PZA,1339,,15/12/2022,12000,,,,inv
0387-0476-PZA,,,,,,,,Rem
0388-0476-PZA,,,,,,,,Rem
1260-0725-PZA,,,,,,,,Rem
1275-0725-PZA,,,,,,,,Rem
1297-0725-PZA,,,,,,,,Rem
1314-0725-PZA,,,,,,,,Rem
1324-0725-PZA,,,,,,,,Rem
1148-0715-PZA,,,,,,,,Rem
1333-0581-PZA,,,,,,,,Rem
1332-0664-PZA,,,,,,,,Rem
1340-0664-PZA,,,,,,,,Rem
1362-0664-PZA,,,,,,,,Rem
1373-0664-PZA,,,,,,,,Rem
1347-0999-PZA,,,,,,,,Rem
1310-0609-PZA,,,,,,,,Rem
1279-0520-PZA,,,,,,,,Rem
1296-0520-PZA,,,,,,,,Rem
1343-0520-PZA,,,,,,,,Rem
1344-0520-PZA,,,,,,,,Rem
1345-0520-PZA,,,,,,,,Rem
1346-0520-PZA,,,,,,,,Rem
1360-0520-PZA,,,,,,,,Rem
1371-0520-PZA,,,,,,,,Rem
1318-0584-PZA,1318,2,21/12/2022,3389.83,,,,PartP
1380-0762-PZA,1380,,21/12/2022,50,,,,inv
1357-0700-PZA,1357,,23/12/2022,27000,,,,inv
1367-0700-PZA,1367,,23/12/2022,71,,,,inv
1361-0752-PZA,1361,,23/12/2022,12000,,,,inv
1381-0736-PZA,1381,,30/12/2022,8000,,,,inv
1359-0659-PZA,1359,,23/12/2022,9250,,,,inv
1358-0644-PZA,1358,,23/12/2022,12250,,,,inv
1338-0659-PZA,1338,,23/12/2022,9250,,,,inv
1310-0609-PZA,1310,,29/12/2022,13000,,,,inv
1279-0520-PZA,1279,,29/12/2022,156100,,,,inv
1275-0725-PZA,1275,,27/12/2022,10000,,,,inv
1260-0725-PZA,1260,,27/12/2022,10000,,,,inv
1347-0999-PZA,1347,,03/01/2023,200,,,,inv
0387-0476-PZA,,,,,,,,Rem
0388-0476-PZA,,,,,,,,Rem
1382-0724-PZA,,,,,,,,Rem
1297-0725-PZA,,,,,,,,Rem
1314-0725-PZA,,,,,,,,Rem
1324-0725-PZA,,,,,,,,Rem
1318-0584-PZA,,,,,,,,Rem
1148-0715-PZA,,,,,,,,Rem
1333-0581-PZA,,,,,,,,Rem
1384-0999-PZA,1384,,20/01/2023,107.69,,,,inv
1366-0649-PZA,1366,,16/01/2023,62478.8,,,,inv
1383-0064-PZA,1383,,20/01/2023,180,,,,inv
1374-0731-PZA,1374,,25/01/2023,17000,,,,inv
1363-0731-PZA,1363,,25/01/2023,17000,,,,inv
1332-0664-PZA,,,,,,,,Rem
1340-0664-PZA,,,,,,,,Rem
1362-0664-PZA,,,,,,,,Rem
1373-0664-PZA,,,,,,,,Rem
1296-0520-PZA,,,,,,,,Rem
1343-0520-PZA,,,,,,,,Rem
1344-0520-PZA,,,,,,,,Rem
1345-0520-PZA,,,,,,,,Rem
1346-0520-PZA,,,,,,,,Rem
1360-0520-PZA,,,,,,,,Rem
1371-0520-PZA,,,,,,,,Rem
1370-0659-PZA,1370,,30/01/2023,9250,,,,inv
0391-4000-PSM Ltd,391,,31/10/2022,3699.69,,,,inv
0392-4000-PSM Ltd,392,,31/10/2022,2646.05,,,,inv
0393-4000-PSM Ltd,393,,01/12/2022,3699.69,,,,inv
0394-4000-PSM Ltd,394,,01/12/2022,2646.05,,,,inv
0395-4000-PSM Ltd,395,,28/12/2022,3699.69,,,,inv
0396-4000-PSM Ltd,396,,28/12/2022,2646.05,,,,inv
0397-4000-PSM Ltd,397,,30/01/2023,3699.69,,,,inv
0398-4000-PSM Ltd,398,,30/01/2023,2646.05,,,,inv
1372-0752-PZA,1372,,31/01/2023,12000,,,,inv
1390-0628-PZA,1390,,02/02/2023,107.69,,,,inv
1332-0664-PZA,1332,,03/02/2023,10000,,,,inv
1340-0664-PZA,1340,,03/02/2023,10000,,,,inv
1362-0664-PZA,1362,,03/02/2023,10000,,,,inv
1393-0624-PZA,1393,,06/02/2023,175,,,,inv
1391-0738-PZA,1391,,06/02/2023,3500,,,,inv
1333-0581-PZA,1333,2,08/02/2023,8595.84,,,,PartP
1300-0711-PZA,,,,,1000446,08/02/2023,2000,CN
1392-0624-PZA,1392,,15/02/2023,107.69,,,,inv
1387-0752-PZA,1387,,20/02/2023,12000,,,,inv
0387-0476-PZA,,,,,,,,Rem
0388-0476-PZA,,,,,,,,Rem
1382-0724-PZA,,,,,,,,Rem
1297-0725-PZA,,,,,,,,Rem
1314-0725-PZA,,,,,,,,Rem
1324-0725-PZA,,,,,,,,Rem
1318-0584-PZA,,,,,,,,Rem
1396-0753-PZA,,,,,,,,Rem
1148-0715-PZA,,,,,,,,Rem
1395-0765-PZA,,,,,,,,Rem
1399-0745-PZA,,,,,,,,Rem
1400-0715-PZA,,,,,,,,Rem
1296-0520-PZA,,,,,,,,Rem
1343-0520-PZA,,,,,,,,Rem
1344-0520-PZA,,,,,,,,Rem
1345-0520-PZA,,,,,,,,Rem
1346-0520-PZA,,,,,,,,Rem
1360-0520-PZA,,,,,,,,Rem
1371-0520-PZA,,,,,,,,Rem
1375-0609-PZA,,,,,,,,Rem
1376-0609-PZA,,,,,,,,Rem
1377-0609-PZA,,,,,,,,Rem
1378-0609-PZA,,,,,,,,Rem
1379-0609-PZA,,,,,,,,Rem
1373-0664-PZA,,,,,,,,Rem
1388-0664-PZA,,,,,,,,Rem
1368-0999-PZA,,,,,,,,Rem
1402-0999-PZA,1402,,21/02/2023,169.49,,,,inv
1385-0700-PZA,,,,,1000447,22/02/2023,27000,CN
1396-0753-PZA,,,,,1000448,22/02/2023,7000,CN
1368-0999-PZA,1368,,27/02/2023,206,,,,inv
1386-0659-PZA,1386,,27/02/2023,9250,,,,inv
1375-0609-PZA,1375,,27/02/2023,8500,,,,inv
1376-0609-PZA,1376,,27/02/2023,8500,,,,inv
1377-0609-PZA,1377,,27/02/2023,8500,,,,inv
1378-0609-PZA,1378,,27/02/2023,8500,,,,inv
1379-0609-PZA,1379,,27/02/2023,8500,,,,inv
0399-4000-PSM Ltd,399,,03/03/2023,3699.69,,,,inv
0400-4000-PSM Ltd,400,,03/03/2023,2646.05,,,,inv
1369-0700-PZA,1369,,06/03/2023,27000,,,,inv
1401-0758-PZA,1401,,06/03/2023,20000,,,,inv
1405-0752-PZA,1405,,16/03/2023,12000,,,,inv
1389-0731-PZA,1389,,16/03/2023,17000,,,,inv
0387-0476-PZA,,,,,,,,Rem
0388-0476-PZA,,,,,,,,Rem
1382-0724-PZA,,,,,,,,Rem
1297-0725-PZA,,,,,,,,Rem
1314-0725-PZA,,,,,,,,Rem
1324-0725-PZA,,,,,,,,Rem
1318-0584-PZA,,,,,,,,Rem
1373-0664-PZA,,,,,,,,Rem
1388-0664-PZA,,,,,,,,Rem
1406-0664-PZA,,,,,,,,Rem
1403-0753-PZA,,,,,,,,Rem
1148-0715-PZA,,,,,,,,Rem
1395-0765-PZA,,,,,,,,Rem
1399-0745-PZA,,,,,,,,Rem
1400-0715-PZA,,,,,,,,Rem
1333-0581-PZA,,,,,,,,Rem
1409-0784-PZA,1409,,29/03/2023,9750,,,,inv
1394-0711-PZA,1394,,30/03/2023,1550,,,,inv
1417-0672-PZA,1417,,30/03/2023,12000,,,,inv
1418-0672-PZA,1418,,30/03/2023,27000,,,,inv
0046-0498-iAS Ltd,46,,30/12/2022,345000,,,,inv
0401-4000-PSM Ltd,401,,03/04/2023,3699.69,,,,inv
0402-4000-PSM Ltd,402,,03/04/2023,2646.05,,,,inv
1404-0659-PZA,1404,,03/04/2023,9250,,,,inv
1410-0659-PZA,1410,,03/04/2023,9250,,,,inv
1416-0752-PZA,1416,,03/04/2023,12000,,,,inv
1419-0772-PZA,1419,,10/04/2023,10440,,,,inv
1427-0679-PZA,1427,,12/04/2023,50,,,,inv
1426-0679-PZA,1426,,12/04/2023,13000,,,,inv
1411-0787-PZA,1411,,12/04/2023,3850,,,,inv
1296-0520-PZA,1296,,12/04/2023,15610,,,,inv
1343-0520-PZA,1343,,12/04/2023,21210,,,,inv
1344-0520-PZA,1344,,12/04/2023,21210,,,,inv
1407-0731-PZA,1407,,14/04/2023,17000,,,,inv
1420-0727-PZA,1420,,17/04/2023,8000,,,,inv
1421-0727-PZA,1421,,17/04/2023,107.69,,,,inv
0387-0476-PZA,,,,,,,,Rem
0388-0476-PZA,,,,,,,,Rem
1382-0724-PZA,,,,,,,,Rem
1297-0725-PZA,,,,,,,,Rem
1314-0725-PZA,,,,,,,,Rem
1324-0725-PZA,,,,,,,,Rem
1318-0584-PZA,,,,,,,,Rem
1349-0734-PZA,,,,,,,,Rem
1350-0768-PZA,,,,,,,,Rem
1397-0745-PZA,,,,,,,,Rem
1398-0745-PZA,,,,,,,,Rem
1412-0786-PZA,,,,,,,,Rem
1219-0735-PZA,,,,,,,,Rem
1286-0686-PZA,,,,,,,,Rem
1403-0753-PZA,,,,,,,,Rem
1431-0549-PZA,,,,,,,,Rem
1148-0715-PZA,,,,,,,,Rem
1395-0765-PZA,,,,,,,,Rem
1399-0745-PZA,,,,,,,,Rem
1400-0715-PZA,,,,,,,,Rem
1422-0132-PZA,1422,,21/04/2023,475,,,,inv
1433-0694-PZA,,,,,1000450,25/04/2023,20250,CN
1434-0659-PZA,1434,,26/04/2023,9250,,,,inv
1435-0751-PZA,1435,,26/04/2023,175,,,,inv
1441-0689-PZA,1441,,26/04/2023,21186.44,,,,inv
1442-0649-PZA,1442,1,26/04/2023,15000,,,,PartP
1373-0664-PZA,,,,,,,,Rem
1388-0664-PZA,,,,,,,,Rem
1406-0664-PZA,,,,,,,,Rem
1413-0664-PZA,,,,,,,,Rem
1415-0784-PZA,,,,,,,,Rem
1345-0520-PZA,,,,,,,,Rem
1346-0520-PZA,,,,,,,,Rem
1360-0520-PZA,,,,,,,,Rem
1371-0520-PZA,,,,,,,,Rem
1423-0520-PZA,,,,,,,,Rem
1424-0520-PZA,,,,,,,,Rem
1425-0520-PZA,,,,,,,,Rem
1297-0725-PZA,1297,,28/04/2023,10000,,,,inv
1314-0725-PZA,1314,,28/04/2023,10000,,,,inv
1324-0725-PZA,1324,,28/04/2023,10000,,,,inv
0047-0498-iAS Ltd,47,,30/03/2023,445000,,,,inv
0403-4000-PSM Ltd,403,,02/05/2023,3699.69,,,,inv
0404-4000-PSM Ltd,404,,02/05/2023,2646.05,,,,inv
1408-0777-PZA,1408,,05/05/2023,3000,,,,inv
1412-0786-PZA,1412,,05/05/2023,60,,,,inv
1345-0520-PZA,1345,,11/05/2023,21210,,,,inv
1346-0520-PZA,1346,,11/05/2023,21210,,,,inv
1360-0520-PZA,1360,,11/05/2023,21210,,,,inv
1414-0731-PZA,1414,,12/05/2023,17000,,,,inv
1397-0745-PZA,1397,,15/05/2023,13000,,,,inv
1398-0745-PZA,1398,,15/05/2023,10000,,,,inv
1449-0999-PZA,1449,,19/05/2023,124.64,,,,inv
0387-0476-PZA,,,,,,,,Rem
0388-0476-PZA,,,,,,,,Rem
1428-0641-PZA,,,,,,,,Rem
1318-0584-PZA,,,,,,,,Rem
1349-0734-PZA,,,,,,,,Rem
1350-0768-PZA,,,,,,,,Rem
1432-0764-PZA,,,,,,,,Rem
1429-0609-PZA,,,,,,,,Rem
1430-0609-PZA,,,,,,,,Rem
1403-0753-PZA,,,,,,,,Rem
1431-0549-PZA,,,,,,,,Rem
1148-0715-PZA,,,,,,,,Rem
1395-0765-PZA,,,,,,,,Rem
1399-0745-PZA,,,,,,,,Rem
1400-0715-PZA,,,,,,,,Rem
1333-0581-PZA,,,,,,,,Rem
1437-0752-PZA,1437,,23/05/2023,12000,,,,inv
1445-0782-PZA,1445,,23/05/2023,25000,,,,inv
1453-0999-PZA,1453,,24/05/2023,508.48,,,,inv
1371-0520-PZA,,,,,,,,Rem
1423-0520-PZA,,,,,,,,Rem
1424-0520-PZA,,,,,,,,Rem
1425-0520-PZA,,,,,,,,Rem
1436-0520-PZA,,,,,,,,Rem
1456-0520-PZA,,,,,,,,Rem
1415-0784-PZA,,,,,,,,Rem
1438-0784-PZA,,,,,,,,Rem
1458-0784-PZA,,,,,,,,Rem
1373-0664-PZA,,,,,,,,Rem
1388-0664-PZA,,,,,,,,Rem
1406-0664-PZA,,,,,,,,Rem
1413-0664-PZA,,,,,,,,Rem
1439-0664-PZA,,,,,,,,Rem
1459-0664-PZA,,,,,,,,Rem
1373-0664-PZA,1373,,29/05/2023,10000,,,,inv
1448-0659-PZA,1448,,29/05/2023,9250,,,,inv
1446-0999-PZA,1446,,02/06/2023,320,,,,inv
1457-0752-PZA,1457,,02/06/2023,12000,,,,inv
1432-0764-PZA,1432,,02/06/2023,2700,,,,inv
1439-0664-PZA,,,,,1000451,05/06/2023,10000,CN
1459-0664-PZA,,,,,1000452,05/06/2023,10000,CN
1371-0520-PZA,1371,,14/06/2023,21210,,,,inv
1423-0520-PZA,1423,,14/06/2023,22432,,,,inv
0405-4000-PSM Ltd,405,,31/05/2023,3699.69,,,,inv
0406-4000-PSM Ltd,406,,31/05/2023,2646.05,,,,inv
1440-0731-PZA,1440,,19/06/2023,17000,,,,inv
0048-0498-iAS Ltd,48,,30/05/2023,40000,,,,inv
0387-0476-PZA,,,,,,,,Rem
0388-0476-PZA,,,,,,,,Rem
1382-0724-PZA,,,,,,,,Rem
1428-0641-PZA,,,,,,,,Rem
1318-0584-PZA,,,,,,,,Rem
1349-0734-PZA,,,,,,,,Rem
1350-0768-PZA,,,,,,,,Rem
1429-0609-PZA,,,,,,,,Rem
1430-0609-PZA,,,,,,,,Rem
1403-0753-PZA,,,,,,,,Rem
1431-0549-PZA,,,,,,,,Rem
1148-0715-PZA,,,,,,,,Rem
1395-0765-PZA,,,,,,,,Rem
1399-0745-PZA,,,,,,,,Rem
1400-0715-PZA,,,,,,,,Rem
1442-0649-PZA,,,,,,,,Rem
1443-0694-PZA,1443,,22/06/2023,18100,,,,inv
1444-0694-PZA,1444,,22/06/2023,3650,,,,inv
1318-0584-PZA,1318,3,23/06/2023,10153.37,,,,PartP
1452-0777-PZA,1452,,23/06/2023,3000,,,,inv
1428-0641-PZA,1428,,23/06/2023,7000,,,,inv
1450-0679-PZA,1450,,26/06/2023,8666.66,,,,inv
1454-0679-PZA,1454,,26/06/2023,8666.66,,,,inv
1388-0664-PZA,,,,,,,,Rem
1406-0664-PZA,,,,,,,,Rem
1413-0664-PZA,,,,,,,,Rem
1462-0664-PZA,,,,,,,,Rem
1463-0664-PZA,,,,,,,,Rem
1424-0520-PZA,,,,,,,,Rem
1425-0520-PZA,,,,,,,,Rem
1436-0520-PZA,,,,,,,,Rem
1456-0520-PZA,,,,,,,,Rem
1415-0784-PZA,,,,,,,,Rem
1438-0784-PZA,,,,,,,,Rem
1458-0784-PZA,,,,,,,,Rem
1415-0784-PZA,1415,,27/06/2023,9750,,,,inv
1451-0781-PZA,1451,,28/06/2023,12000,,,,inv
1466-0752-PZA,1466,,28/06/2023,12000,,,,inv
1464-0659-PZA,1464,,30/06/2023,9250,,,,inv
1438-0784-PZA,1438,,03/07/2023,9750,,,,inv
1458-0784-PZA,1458,,03/07/2023,9750,,,,inv
1470-0792-PZA,1470,,05/07/2023,50,,,,inv
1460-0731-PZA,1460,,11/07/2023,17000,,,,inv
1471-0999-PZA,1471,,17/07/2023,124.64,,,,inv
1455-0679-PZA,1455,,18/07/2023,8666.66,,,,inv
1442-0649-PZA,1442,2,18/07/2023,15000,,,,PartP
0387-0476-PZA,,,,,,,,Rem
0388-0476-PZA,,,,,,,,Rem
1382-0724-PZA,,,,,,,,Rem
1349-0734-PZA,,,,,,,,Rem
1350-0768-PZA,,,,,,,,Rem
1461-0771-PZA,,,,,,,,Rem
1403-0753-PZA,,,,,,,,Rem
1431-0549-PZA,,,,,,,,Rem
1148-0715-PZA,,,,,,,,Rem
1395-0765-PZA,,,,,,,,Rem
1399-0745-PZA,,,,,,,,Rem
1400-0715-PZA,,,,,,,,Rem
1473-0659-PZA,1473,,24/07/2023,9250,,,,inv
1148-0715-PZA,,,,,1000453,26/07/2023,11060,CN
1424-0520-PZA,,,,,,,,Rem
1425-0520-PZA,,,,,,,,Rem
1436-0520-PZA,,,,,,,,Rem
1456-0520-PZA,,,,,,,,Rem
1465-0520-PZA,,,,,,,,Rem
1467-0784-PZA,,,,,,,,Rem
1388-0664-PZA,,,,,,,,Rem
1406-0664-PZA,,,,,,,,Rem
1413-0664-PZA,,,,,,,,Rem
1462-0664-PZA,,,,,,,,Rem
1463-0664-PZA,,,,,,,,Rem
1468-0664-PZA,,,,,,,,Rem
1400-0715-PZA,1400,,26/07/2023,30000,,,,inv
1481-0715-PZA,1481,,26/07/2023,120120,,,,inv
1219-0735-PZA,1219,,26/07/2023,1275,,,,inv
1286-0686-PZA,1286,,26/07/2023,7500,,,,inv
1447-0649-PZA,1447,1,27/07/2023,8174.15,,,,PartP
1477-0752-PZA,1477,,27/07/2023,12000,,,,inv
1486-0999-PZA,1486,,31/07/2023,60,,,,inv
1461-0771-PZA,1461,,02/08/2023,9000,,,,inv
1424-0520-PZA,1424,,03/08/2023,22432,,,,inv
1425-0520-PZA,1425,,03/08/2023,22432,,,,inv
1469-0731-PZA,1469,,02/08/2023,17000,,,,inv
1482-0736-PZA,1482,,04/08/2023,3872.5,,,,inv
1483-0736-PZA,1483,,04/08/2023,6482,,,,inv
0049-0498-iAS Ltd,49,,08/08/2023,345000,,,,inv
1489-0792-PZA,,,,,1000454,08/08/2023,8900,CN
1491-0689-PZA,1491,,10/08/2023,25423.73,,,,inv
0407-4000-PSM Ltd,407,,01/07/2023,3699.69,,,,inv
0408-4000-PSM Ltd,408,,01/07/2023,2646.05,,,,inv
0409-4000-PSM Ltd,409,,31/07/2023,3699.69,,,,inv
0410-4000-PSM Ltd,410,,31/07/2023,2646.05,,,,inv
1494-0792-PZA,1494,,08/08/2023,8900,,,,inv
1493-0999-PZA,1493,,24/08/2023,60,,,,inv
0387-0476-PZA,,,,,,,,Rem
0388-0476-PZA,,,,,,,,Rem
1382-0724-PZA,,,,,,,,Rem
1442-0649-PZA,,,,,,,,Rem
1484-0770-PZA,,,,,,,,Rem
1485-0770-PZA,,,,,,,,Rem
1349-0734-PZA,,,,,,,,Rem
1350-0768-PZA,,,,,,,,Rem
1467-0784-PZA,,,,,,,,Rem
1478-0784-PZA,,,,,,,,Rem
1472-0700-PZA,,,,,,,,Rem
1474-0700-PZA,,,,,,,,Rem
1475-0700-PZA,,,,,,,,Rem
1403-0753-PZA,,,,,,,,Rem
1431-0549-PZA,,,,,,,,Rem
1395-0765-PZA,,,,,,,,Rem
1399-0745-PZA,,,,,,,,Rem
1333-0581-PZA,,,,,,,,Rem
1490-0659-PZA,1490,,25/08/2023,9250,,,,inv
1474-0700-PZA,1474,,25/08/2023,8700,,,,inv
1472-0700-PZA,1472,1,25/08/2023,987.5,,,,PartP
1498-0752-PZA,1498,,30/08/2023,12000,,,,inv
1487-0679-PZA,1487,,01/09/2023,8000,,,,inv
1436-0520-PZA,1436,,04/09/2023,22432,,,,inv
1456-0520-PZA,1456,,04/09/2023,22432,,,,inv
1484-0770-PZA,1484,,04/09/2023,8800,,,,inv
1500-0715-PZA,1500,,11/09/2023,20000,,,,inv
1480-0731-PZA,1480,,15/09/2023,17000,,,,inv
1281-0551-PZA,,,,,1000455,18/09/2023,6000,CN
0387-0476-PZA,,,,,,,,Rem
0388-0476-PZA,,,,,,,,Rem
1382-0724-PZA,,,,,,,,Rem
1442-0649-PZA,,,,,,,,Rem
1350-0768-PZA,,,,,,,,Rem
1349-0734-PZA,,,,,,,,Rem
1467-0784-PZA,,,,,,,,Rem
1478-0784-PZA,,,,,,,,Rem
1403-0753-PZA,,,,,,,,Rem
1431-0549-PZA,,,,,,,,Rem
1395-0765-PZA,,,,,,,,Rem
1399-0745-PZA,,,,,,,,Rem
1333-0581-PZA,,,,,,,,Rem
1388-0664-PZA,,,,,,,,Rem
1406-0664-PZA,,,,,,,,Rem
1413-0664-PZA,,,,,,,,Rem
1462-0664-PZA,,,,,,,,Rem
1463-0664-PZA,,,,,,,,Rem
1468-0664-PZA,,,,,,,,Rem
1479-0664-PZA,,,,,,,,Rem
1488-0679-PZA,1488,,22/09/2023,8000,,,,inv
1485-0770-PZA,1485,,22/09/2023,8800,,,,inv
0411-4000-PSM Ltd,411,,25/09/2023,4437.5,,,,inv
1388-0664-PZA,,,,,,,,Rem
1406-0664-PZA,,,,,,,,Rem
1413-0664-PZA,,,,,,,,Rem
1462-0664-PZA,,,,,,,,Rem
1463-0664-PZA,,,,,,,,Rem
1468-0664-PZA,,,,,,,,Rem
1479-0664-PZA,,,,,,,,Rem
1496-0664-PZA,,,,,,,,Rem
1465-0520-PZA,,,,,,,,Rem
1476-0520-PZA,,,,,,,,Rem
1495-0520-PZA,,,,,,,,Rem
1501-0659-PZA,1501,,29/09/2023,9250,,,,inv
1492-0777-PZA,1492,,04/10/2023,3000,,,,inv
1502-0711-PZA,1502,,04/10/2023,175,,,,inv
1509-0760-PZA,1509,,04/10/2023,8505,,,,inv
1349-0734-PZA,1349,,09/10/2023,650,,,,inv
1350-0768-PZA,1350,,09/10/2023,2250,,,,inv
1442-0649-PZA,1442,3,10/10/2023,10939.05,,,,PartP
1467-0784-PZA,,,,,1000456,11/10/2023,9750,CN
1478-0784-PZA,,,,,1000457,11/10/2023,9750,CN
1499-0679-PZA,1499,,13/10/2023,8000,,,,inv
1507-0727-PZA,1507,,13/10/2023,6000,,,,inv
1514-0649-PZA,1514,1,16/10/2023,4060.95,,,,PartP
1465-0520-PZA,1465,,16/10/2023,22432,,,,inv
1476-0520-PZA,1476,,16/10/2023,22432,,,,inv
1497-0731-PZA,1497,,16/10/2023,17000,,,,inv
0387-0476-PZA,,,,,,,,Rem
0388-0476-PZA,,,,,,,,Rem
1382-0724-PZA,,,,,,,,Rem
1403-0753-PZA,,,,,,,,Rem
1431-0549-PZA,,,,,,,,Rem
1395-0765-PZA,,,,,,,,Rem
1399-0745-PZA,,,,,,,,Rem
1506-0715-PZA,,,,,,,,Rem
1333-0581-PZA,,,,,,,,Rem
0050-0498-iAS Ltd,50,,29/09/2023,335000,,,,inv
1388-0664-PZA,,,,,,,,Rem
1406-0664-PZA,,,,,,,,Rem
1413-0664-PZA,,,,,,,,Rem
1462-0664-PZA,,,,,,,,Rem
1463-0664-PZA,,,,,,,,Rem
1468-0664-PZA,,,,,,,,Rem
1479-0664-PZA,,,,,,,,Rem
1496-0664-PZA,,,,,,,,Rem
1504-0664-PZA,,,,,,,,Rem
1495-0520-PZA,,,,,,,,Rem
1503-0520-PZA,,,,,,,,Rem
1382-0724-PZA,1382,,26/10/2023,4584.7,,,,inv
1523-0999-PZA,1523,,26/10/2023,107.69,,,,inv
1524-0711-PZA,1524,,26/10/2023,107.69,,,,inv
1525-0999-PZA,1525,,26/10/2023,107.69,,,,inv
1475-0700-PZA,,,,,1000458,26/10/2023,16400,CN
1510-0727-PZA,1510,,27/10/2023,6000,,,,inv
1508-0758-PZA,1508,,27/10/2023,32500,,,,inv
1513-0659-PZA,1513,,30/10/2023,9250,,,,inv
1388-0664-PZA,1388,,27/10/2023,10000,,,,inv
1406-0664-PZA,1406,,27/10/2023,10000,,,,inv
1413-0664-PZA,1413,,27/10/2023,10000,,,,inv
1462-0664-PZA,1462,,27/10/2023,10000,,,,inv
1463-0664-PZA,1463,,27/10/2023,10000,,,,inv
1468-0664-PZA,1468,1,27/10/2023,4600,,,,PartP
1534-0799-PZA,1534,,31/10/2023,50,,,,inv
1526-0752-PZA,1526,,03/11/2023,12000,,,,inv
1527-0752-PZA,1527,,03/11/2023,12000,,,,inv
1535-0808-PZA,1535,,03/11/2023,50,,,,inv
1505-0731-PZA,1505,,09/11/2023,17000,,,,inv
1472-0700-PZA,1472,2,10/11/2023,937.5,,,,PartP
1532-0700-PZA,1532,,10/11/2023,11480,,,,inv
1533-0700-PZA,1533,,10/11/2023,4920,,,,inv
1429-0609-PZA,1429,,10/11/2023,10627.5,,,,inv
1430-0609-PZA,1430,,10/11/2023,8580,,,,inv
1511-0784-PZA,1511,,16/11/2023,9750,,,,inv
1541-0738-PZA,1541,,17/11/2023,1250,,,,inv
1543-0672-PZA,1543,,16/11/2023,11475,,,,inv
1544-0672-PZA,1544,,16/11/2023,12295,,,,inv
0387-0476-PZA,,,,,,,,Rem
0388-0476-PZA,,,,,,,,Rem
1514-0649-PZA,,,,,,,,Rem
1522-0649-PZA,,,,,,,,Rem
1512-0784-PZA,,,,,,,,Rem
1403-0753-PZA,,,,,,,,Rem
1431-0549-PZA,,,,,,,,Rem
1395-0765-PZA,,,,,,,,Rem
1399-0745-PZA,,,,,,,,Rem
1506-0715-PZA,,,,,,,,Rem
1530-0715-PZA,,,,,,,,Rem
1333-0581-PZA,,,,,,,,Rem
1522-0649-PZA,1522,,23/11/2023,231915.37,,,,inv
1538-0802-PZA,1538,,23/11/2023,10000,,,,inv
1539-0802-PZA,1539,,23/11/2023,22500,,,,inv
1540-0802-PZA,1540,,23/11/2023,10000,,,,inv
0412-4000-PSM Ltd,412,,30/09/2023,4437.5,,,,inv
0413-4000-PSM Ltd,413,,31/10/2023,4437.5,,,,inv
1495-0520-PZA,,,,,,,,Rem
1503-0520-PZA,,,,,,,,Rem
1531-0520-PZA,,,,,,,,Rem
1468-0664-PZA,,,,,,,,Rem
1479-0664-PZA,,,,,,,,Rem
1496-0664-PZA,,,,,,,,Rem
1504-0664-PZA,,,,,,,,Rem
1528-0664-PZA,,,,,,,,Rem
1549-0752-PZA,1549,,01/12/2023,12000,,,,inv
0414-4000-PSM Ltd,414,,30/11/2023,4437.5,,,,inv
1537-0700-PZA,1537,,05/12/2023,8970,,,,inv
1495-0520-PZA,1495,,07/12/2023,22432,,,,inv
1547-0777-PZA,,,,,,,,Rem
1547-0777-PZA,1547,,15/12/2023,3000,,,,inv
1529-0731-PZA,1529,,15/12/2023,17000,,,,inv
0051-0498-iAS Ltd,51,,29/12/2023,375000,,,,inv
1447-0649-PZA,1447,2,19/12/2023,3474.58,,,,PartP
0387-0476-PZA,,,,,,,,Rem
0388-0476-PZA,,,,,,,,Rem
1514-0649-PZA,,,,,,,,Rem
1468-0664-PZA,,,,,,,,Rem
1479-0664-PZA,,,,,,,,Rem
1496-0664-PZA,,,,,,,,Rem
1504-0664-PZA,,,,,,,,Rem
1528-0664-PZA,,,,,,,,Rem
1550-0664-PZA,,,,,,,,Rem
1512-0784-PZA,,,,,,,,Rem
1515-0609-PZA,,,,,,,,Rem
1516-0609-PZA,,,,,,,,Rem
1517-0609-PZA,,,,,,,,Rem
1518-0609-PZA,,,,,,,,Rem
1519-0609-PZA,,,,,,,,Rem
1520-0609-PZA,,,,,,,,Rem
1521-0609-PZA,,,,,,,,Rem
1536-0609-PZA,,,,,,,,Rem
1447-0649-PZA,,,,,,,,Rem
1503-0520-PZA,,,,,,,,Rem
1531-0520-PZA,,,,,,,,Rem
1548-0520-PZA,,,,,,,,Rem
1403-0753-PZA,,,,,,,,Rem
1431-0549-PZA,,,,,,,,Rem
1395-0765-PZA,,,,,,,,Rem
1399-0745-PZA,,,,,,,,Rem
1333-0581-PZA,,,,,,,,Rem
1506-0715-PZA,,,,,,,,Rem
1530-0715-PZA,,,,,,,,Rem
1552-0715-PZA,,,,,,,,Rem
1553-0802-PZA,1553,,21/12/2023,28500,,,,inv
1514-0649-PZA,1514,2,22/12/2023,15000,,,,PartP
1546-0659-PZA,1546,,22/12/2023,9250,,,,inv
1560-0659-PZA,1560,,22/12/2023,9250,,,,inv
1562-0809-PZA,1562,,22/12/2023,50,,,,inv
1555-0999-PZA,1555,,02/01/2024,107.69,,,,inv
1551-0731-PZA,1551,,05/01/2024,17000,,,,inv
1468-0664-PZA,1468,2,10/01/2024,5400,,,,PartP
1479-0664-PZA,1479,,10/01/2024,10000,,,,inv
1496-0664-PZA,1496,1,10/01/2024,4600,,,,PartP
1576-0689-PZA,1576,,10/01/2024,30000,,,,inv
1503-0520-PZA,1503,,11/01/2024,22432,,,,inv
1582-0628-PZA,1582,,12/01/2024,60,,,,inv
1515-0609-PZA,,,,,,,,Rem
1516-0609-PZA,,,,,,,,Rem
1517-0609-PZA,,,,,,,,Rem
1518-0609-PZA,,,,,,,,Rem
1519-0609-PZA,,,,,,,,Rem
1520-0609-PZA,,,,,,,,Rem
1521-0609-PZA,,,,,,,,Rem
1536-0609-PZA,,,,,,,,Rem
1570-0609-PZA,,,,,,,,Rem
1554-0609-PZA,,,,,,,,Rem
1496-0664-PZA,,,,,,,,Rem
1504-0664-PZA,,,,,,,,Rem
1528-0664-PZA,,,,,,,,Rem
1550-0664-PZA,,,,,,,,Rem
1564-0664-PZA,,,,,,,,Rem
1581-0751-PZA,1581,,17/01/2024,175,,,,inv
0387-0476-PZA,,,,,,,,Rem
0388-0476-PZA,,,,,,,,Rem
1514-0649-PZA,,,,,,,,Rem
1447-0649-PZA,,,,,,,,Rem
1512-0784-PZA,,,,,,,,Rem
1403-0753-PZA,,,,,,,,Rem
1431-0549-PZA,,,,,,,,Rem
1395-0765-PZA,,,,,,,,Rem
1399-0745-PZA,,,,,,,,Rem
1333-0581-PZA,,,,,,,,Rem
1506-0715-PZA,,,,,,,,Rem
1530-0715-PZA,,,,,,,,Rem
1552-0715-PZA,,,,,,,,Rem
1545-0791-PZA,,,,,,,,Rem
1568-0715-PZA,,,,,,,,Rem
1542-0500-PZA,,,,,,,,Rem
1575-0736-PZA,1575,,22/01/2024,1700,,,,inv
1579-0628-PZA,1579,,24/01/2024,2350,,,,inv
1515-0609-PZA,1515,,30/01/2024,5318.72,,,,inv
1516-0609-PZA,1516,,30/01/2024,3106.7,,,,inv
1517-0609-PZA,1517,,30/01/2024,6468,,,,inv
1518-0609-PZA,1518,,30/01/2024,4271.98,,,,inv
1519-0609-PZA,1519,,30/01/2024,6517.5,,,,inv
1520-0609-PZA,1520,,30/01/2024,2907.5,,,,inv
1521-0609-PZA,1521,,30/01/2024,1125,,,,inv
1536-0609-PZA,1536,,30/01/2024,3637.5,,,,inv
1578-0760-PZA,1578,,02/02/2024,6120,,,,inv
0415-4000-PSM Ltd,415,,30/12/2024,4437.5,,,,inv
0416-4000-PSM Ltd,416,,31/01/2024,4437.5,,,,inv
1566-0752-PZA,1566,,06/02/2024,12000,,,,inv
1588-0752-PZA,1588,,06/02/2024,12000,,,,inv
1531-0520-PZA,1531,,08/02/2024,19555,,,,inv
1585-0813-PZA,1585,,12/02/2024,9500,,,,inv
1593-0813-PZA,1593,,12/02/2024,9500,,,,inv
1592-0813-PZA,,,,,1000459,15/02/2024,9500,CN
1584-0792-PZA,1584,,16/02/2024,8900,,,,inv
0387-0476-PZA,,,,,,,,Rem
0388-0476-PZA,,,,,,,,Rem
1574-0641-PZA,,,,,,,,Rem
1514-0649-PZA,,,,,,,,Rem
1563-0775-PZA,,,,,,,,Rem
1556-0999-PZA,,,,,,,,Rem
1542-0500-PZA,,,,,,,,Rem
1561-0755-PZA,,,,,,,,Rem
1447-0649-PZA,,,,,,,,Rem
1512-0784-PZA,,,,,,,,Rem
1403-0753-PZA,,,,,,,,Rem
1431-0549-PZA,,,,,,,,Rem
1506-0715-PZA,,,,,,,,Rem
1530-0715-PZA,,,,,,,,Rem
1552-0715-PZA,,,,,,,,Rem
1545-0791-PZA,,,,,,,,Rem
1568-0715-PZA,,,,,,,,Rem
1591-0715-PZA,,,,,,,,Rem
1571-0549-PZA,,,,,,,,Rem
1333-0581-PZA,,,,,,,,Rem
1395-0765-PZA,,,,,,,,Rem
1399-0745-PZA,,,,,,,,Rem
1496-0664-PZA,1496,2,19/02/2024,5400,,,,PartP
1504-0664-PZA,1504,1,19/02/2024,4600,,,,PartP
1583-0664-PZA,1583,,19/02/2024,106,,,,inv
1506-0715-PZA,1506,,21/02/2024,20000,,,,inv
1530-0715-PZA,1530,,21/02/2024,20000,,,,inv
1552-0715-PZA,1552,,21/02/2024,20000,,,,inv
1594-0694-PZA,1594,,22/02/2024,175,,,,inv
1504-0664-PZA,1504,2,22/02/2024,5400,,,,PartP
1528-0664-PZA,1528,,22/02/2024,10000,,,,inv
1550-0664-PZA,1550,,22/02/2024,10000,,,,inv
1564-0664-PZA,1564,,22/02/2024,10000,,,,inv
1567-0731-PZA,1567,,22/02/2024,17000,,,,inv
1596-0999-PZA,1596,,22/02/2024,254.24,,,,inv
1587-0659-PZA,1587,,23/02/2024,15750,,,,inv
1595-0659-PZA,1595,,23/02/2024,15750,,,,inv
1604-0818-PZA,1604,,29/02/2024,50,,,,inv
1606-0751-PZA,1606,,01/03/2024,50,,,,inv
1548-0520-PZA,1548,,05/03/2024,19555,,,,inv
1599-0752-PZA,1599,,06/03/2024,12000,,,,inv
1574-0641-PZA,1574,,07/03/2024,20000,,,,inv
1570-0609-PZA,1570,,11/03/2024,2887.5,,,,inv
1580-0805-PZA,1580,,12/03/2024,14940,,,,inv
1514-0649-PZA,1514,3,13/03/2024,3822.87,,,,PartP
0417-4000-PSM Ltd,417,,04/03/2024,4437.5,,,,inv
1590-0731-PZA,1590,,20/03/2024,17000,,,,inv
1603-0813-PZA,1603,,22/03/2024,9500,,,,inv
1607-0659-PZA,1607,,25/03/2024,15750,,,,inv
1608-0682-PZA,1608,,25/03/2024,3338.76,,,,inv
1609-0707-PZA,1609,,25/03/2024,865.74,,,,inv
1610-0708-PZA,1610,,25/03/2024,581.59,,,,inv
1611-0712-PZA,1611,1,25/03/2024,3688.48,,,,PartP
1557-0727-PZA,,,,,,,,Rem
1589-0664-PZA,,,,,,,,Rem
1600-0664-PZA,,,,,,,,Rem
1565-0520-PZA,,,,,,,,Rem
1597-0520-PZA,,,,,,,,Rem
1598-0520-PZA,,,,,,,,Rem
1431-0549-PZA,,,,,,,,Rem
1395-0765-PZA,,,,,,,,Rem
1399-0745-PZA,,,,,,,,Rem
1333-0581-PZA,,,,,,,,Rem
1545-0791-PZA,,,,,,,,Rem
1568-0715-PZA,,,,,,,,Rem
1591-0715-PZA,,,,,,,,Rem
1571-0549-PZA,,,,,,,,Rem
1602-0715-PZA,,,,,,,,Rem
1403-0753-PZA,,,,,,,,Rem
1569-0802-PZA,,,,,,,,Rem
1572-0802-PZA,,,,,,,,Rem
0387-0476-PZA,,,,,,,,Rem
0388-0476-PZA,,,,,,,,Rem
1563-0775-PZA,,,,,,,,Rem
1556-0999-PZA,,,,,,,,Rem
1542-0500-PZA,,,,,,,,Rem
1573-0764-PZA,,,,,,,,Rem
1561-0755-PZA,,,,,,,,Rem
1577-0689-PZA,,,,,,,,Rem
1512-0784-PZA,,,,,,,,Rem
1561-0755-PZA,1561,,27/03/2024,56,,,,inv
1626-0752-PZA,1626,,28/03/2024,12000,,,,inv
1572-0802-PZA,1572,1,28/03/2024,42372.88,,,,PartP
0418-4000-PSM Ltd,418,,02/04/2024,4437.5,,,,inv
1636-0649-PZA,1636,,12/03/2024,3929.56,,,,inv
1620-0751-PZA,1620,,03/04/2024,3377.27,,,,inv
1589-0664-PZA,1589,,03/04/2024,10000,,,,inv
1565-0520-PZA,1565,,04/04/2024,19555,,,,inv
1637-0999-PZA,1637,,12/03/2024,7247.57,,,,inv
1557-0727-PZA,1557,,05/04/2024,180,,,,inv
1558-0723-PZA,1558,,05/04/2024,175,,,,inv
1559-0999-PZA,1559,,05/04/2024,97.86,,,,inv
1586-0609-PZA,1586,,08/04/2024,3247.5,,,,inv
1622-0727-PZA,1622,,09/04/2024,29400,,,,inv
1633-0679-PZA,1633,,09/04/2024,33250,,,,inv
0052-0498-iAS Ltd,52,,28/03/2024,435000,,,,inv
1601-0731-PZA,1601,,17/04/2024,17000,,,,inv
1634-0694-PZA,1634,,18/04/2024,60,,,,inv
1635-0694-PZA,1635,,18/04/2024,80,,,,inv
1569-0802-PZA,,,,,,,,Rem
1572-0802-PZA,,,,,,,,Rem
0387-0476-PZA,,,,,,,,Rem
0388-0476-PZA,,,,,,,,Rem
1563-0775-PZA,,,,,,,,Rem
1556-0999-PZA,,,,,,,,Rem
1542-0500-PZA,,,,,,,,Rem
1573-0764-PZA,,,,,,,,Rem
1577-0689-PZA,,,,,,,,Rem
1554-0609-PZA,,,,,,,,Rem
1623-0641-PZA,,,,,,,,Rem
1403-0753-PZA,,,,,,,,Rem
1333-0581-PZA,,,,,,,,Rem
1545-0791-PZA,,,,,,,,Rem
1568-0715-PZA,,,,,,,,Rem
1591-0715-PZA,,,,,,,,Rem
1571-0549-PZA,,,,,,,,Rem
1602-0715-PZA,,,,,,,,Rem
1629-0715-PZA,,,,,,,,Rem
1431-0549-PZA,,,,,,,,Rem
1395-0765-PZA,,,,,,,,Rem
1399-0745-PZA,,,,,,,,Rem
1563-0775-PZA,1563,,22/04/2024,50,,,,inv
1641-0659-PZA,1641,,24/04/2024,15750,,,,inv
1597-0520-PZA,,,,,,,,Rem
1598-0520-PZA,,,,,,,,Rem
1625-0520-PZA,,,,,,,,Rem
1630-0813-PZA,,,,,,,,Rem
1598-0520-PZA,1598,,30/04/2024,19797,,,,inv
0419-4000-PSM Ltd,419,,02/05/2024,4437.5,,,,inv
1573-0764-PZA,1573,,03/05/2024,20000,,,,inv
1624-0778-PZA,1624,,03/05/2024,5556,,,,inv
1542-0500-PZA,1542,,06/05/2024,9500,,,,inv
1605-0609-PZA,1605,,06/05/2024,3455,,,,inv
1647-0813-PZA,1647,,10/05/2024,9500,,,,inv
1630-0813-PZA,1630,,10/05/2024,9500,,,,inv
1650-0745-PZA,1650,,08/05/2024,175,,,,inv
1643-0752-PZA,1643,,13/05/2024,12000,,,,inv
1628-0731-PZA,1628,,13/05/2024,17000,,,,inv
1364-0549-PZA,1364,,05/12/2022,107.69,,,,inv
1333-0581-PZA,1333,3,10/05/2024,610.24,,,,PartP
1395-0765-PZA,1395,,10/05/2024,900,,,,inv
1399-0745-PZA,1399,,10/05/2024,5000,,,,inv
1431-0549-PZA,1431,,10/05/2024,10000,,,,inv
1545-0791-PZA,1545,,10/05/2024,5000,,,,inv
1568-0715-PZA,1568,,10/05/2024,20000,,,,inv
1571-0549-PZA,1571,,10/05/2024,7900,,,,inv
1591-0715-PZA,1591,,10/05/2024,20000,,,,inv
1602-0715-PZA,1602,1,10/05/2024,15335.52,,,,PartP
1577-0689-PZA,1577,,14/05/2024,57761.18,,,,inv
1569-0802-PZA,,,,,,,,Rem
1572-0802-PZA,,,,,,,,Rem
1556-0999-PZA,,,,,,,,Rem
1403-0753-PZA,,,,,,,,Rem
0387-0476-PZA,,,,,,,,Rem
0388-0476-PZA,,,,,,,,Rem
1512-0784-PZA,,,,,,,,Rem
1611-0712-PZA,,,,,,,,Rem
1612-0718-PZA,,,,,,,,Rem
1613-0740-PZA,,,,,,,,Rem
1614-0741-PZA,,,,,,,,Rem
1615-0756-PZA,,,,,,,,Rem
1616-0759-PZA,,,,,,,,Rem
1617-0789-PZA,,,,,,,,Rem
1618-0797-PZA,,,,,,,,Rem
1631-0790-PZA,,,,,,,,Rem
1632-0800-PZA,,,,,,,,Rem
1652-0823-PZA,1652,,17/05/2024,1500,,,,inv
1572-0802-PZA,1572,2,21/05/2024,17627.12,,,,PartP
1569-0802-PZA,1569,,21/05/2024,28500,,,,inv
1600-0664-PZA,1600,,21/05/2024,10000,,,,inv
1653-0659-PZA,1653,,24/05/2024,15750,,,,inv
1619-0700-PZA,1619,,24/05/2024,6375,,,,inv
1662-0582-PZA,1662,,27/05/2024,175,,,,inv
1623-0641-PZA,1623,,29/05/2024,175,,,,inv
1658-0827-PZA,1658,,29/05/2024,200,,,,inv
1657-0828-PZA,1657,,29/05/2024,1500,,,,inv
1597-0520-PZA,1597,,29/05/2024,19797,,,,inv
1625-0520-PZA,,,,,,,,Rem
1642-0520-PZA,,,,,,,,Rem
1627-0664-PZA,,,,,,,,Rem
1644-0664-PZA,,,,,,,,Rem
1648-0664-PZA,,,,,,,,Rem
1640-0664-PZA,,,,,,,,Rem
1672-0730-PZA,1672,,31/05/2024,100,,,,inv
1666-0752-PZA,1666,,03/06/2024,12000,,,,inv
1656-0793-PZA,1656,1,31/05/2024,8474.58,,,,PartP
1611-0712-PZA,1611,2,06/06/2024,143.74,,,,PartP
1613-0740-PZA,1613,,06/06/2024,2356.87,,,,inv
1614-0741-PZA,1614,,06/06/2024,579.23,,,,inv
1615-0756-PZA,1615,,06/06/2024,790.06,,,,inv
1616-0759-PZA,1616,,06/06/2024,442.16,,,,inv
1673-0758-PZA,1673,,06/06/2024,22500,,,,inv
1656-0793-PZA,1656,2,10/06/2024,21186.44,,,,PartP
1651-0763-PZA,1651,,11/06/2024,203.16,,,,inv
1645-0731-PZA,1645,,11/06/2024,17000,,,,inv
1656-0793-PZA,1656,3,13/06/2024,21186.44,,,,PartP
1659-0641-PZA,1659,,13/06/2024,15000,,,,inv
1660-0641-PZA,1660,,13/06/2024,500,,,,inv
1656-0793-PZA,1656,4,14/06/2024,9152.54,,,,PartP
0053-0498-iAS Ltd,53,,18/06/2024,430000,,,,inv
1676-0751-PZA,1676,,18/06/2024,585.04,,,,inv
1681-0582-PZA,1681,,18/06/2024,250,,,,inv
0387-0476-PZA,,,,,,,,Rem
0388-0476-PZA,,,,,,,,Rem
1556-0999-PZA,,,,,,,,Rem
1602-0715-PZA,,,,,,,,Rem
1629-0715-PZA,,,,,,,,Rem
1646-0715-PZA,,,,,,,,Rem
1669-0715-PZA,,,,,,,,Rem
1664-0745-PZA,,,,,,,,Rem
1663-0751-PZA,,,,,,,,Rem
1677-0751-PZA,,,,,,,,Rem
1684-0751-PZA,,,,,,,,Rem
1512-0784-PZA,,,,,,,,Rem
1403-0753-PZA,,,,,,,,Rem
1447-0649-PZA,,,,,,,,Rem
1621-0715-PZA,,,,,,,,Rem
1683-0736-PZA,1683,,26/06/2024,3347.69,,,,inv
1670-0813-PZA,,,,,,,,Rem
1627-0664-PZA,,,,,,,,Rem
1644-0664-PZA,,,,,,,,Rem
1648-0664-PZA,,,,,,,,Rem
1640-0664-PZA,,,,,,,,Rem
1667-0664-PZA,,,,,,,,Rem
1671-0664-PZA,,,,,,,,Rem
1678-0659-PZA,1678,,28/06/2024,15750,,,,inv
1682-0751-PZA,1682,,28/06/2024,344.99,,,,inv
1685-0752-PZA,1685,,28/06/2024,12000,,,,inv
1625-0520-PZA,1625,,28/06/2024,19797,,,,inv
1670-0813-PZA,1670,,01/07/2024,9500,,,,inv
1638-0609-PZA,1638,,04/07/2024,3902.5,,,,inv
1639-0609-PZA,1639,,04/07/2024,3000,,,,inv
1668-0731-PZA,1668,,08/07/2024,17000,,,,inv
1674-0700-PZA,1674,,08/07/2024,20700,,,,inv
1632-0800-PZA,1632,,09/07/2024,37.51,,,,inv
1631-0790-PZA,1631,,09/07/2024,54.6,,,,inv
1618-0797-PZA,1618,,09/07/2024,479.36,,,,inv
1617-0789-PZA,1617,,09/07/2024,104.85,,,,inv
1612-0718-PZA,1612,,09/07/2024,6537.05,,,,inv
1691-0830-PZA,,,,,1000460,10/07/2024,40000,CN
1554-0609-PZA,1554,,15/07/2024,60,,,,inv
1649-0609-PZA,1649,,15/07/2024,60,,,,inv
0420-4000-PSM Ltd,420,,30/06/2024,4437.5,,,,inv
0421-4000-PSM Ltd,421,,02/07/2024,4437.5,,,,inv
0387-0476-PZA,,,,,,,,Rem
0388-0476-PZA,,,,,,,,Rem
1403-0753-PZA,,,,,,,,Rem
1556-0999-PZA,,,,,,,,Rem
1512-0784-PZA,,,,,,,,Rem
1661-0745-PZA,,,,,,,,Rem
1663-0751-PZA,,,,,,,,Rem
1677-0751-PZA,,,,,,,,Rem
1684-0751-PZA,,,,,,,,Rem
1664-0745-PZA,,,,,,,,Rem
1654-0760-PZA,,,,,,,,Rem
1675-0760-PZA,,,,,,,,Rem
1680-0760-PZA,,,,,,,,Rem
1697-0760-PZA,,,,,,,,Rem
1695-0830-PZA,1695,,22/07/2024,40000,,,,inv
1689-0813-PZA,1689,,22/07/2024,9500,,,,inv
1696-0659-PZA,1696,,26/07/2024,15750,,,,inv
1627-0664-PZA,,,,,,,,Rem
1644-0664-PZA,,,,,,,,Rem
1648-0664-PZA,,,,,,,,Rem
1640-0664-PZA,,,,,,,,Rem
1667-0664-PZA,,,,,,,,Rem
1671-0664-PZA,,,,,,,,Rem
1686-0664-PZA,,,,,,,,Rem
1602-0715-PZA,,,,,,,,Rem
1629-0715-PZA,,,,,,,,Rem
1646-0715-PZA,,,,,,,,Rem
1669-0715-PZA,,,,,,,,Rem
1688-0715-PZA,,,,,,,,Rem
1642-0520-PZA,,,,,,,,Rem
1665-0520-PZA,,,,,,,,Rem
1690-0520-PZA,,,,,,,,Rem
1655-0609-PZA,1655,,30/07/2024,2468.75,,,,inv
1642-0520-PZA,1642,,02/08/2024,17216,,,,inv
1707-0837-PZA,1707,,09/08/2024,4237.29,,,,inv
1687-0731-PZA,1687,,09/08/2024,17000,,,,inv
1627-0664-PZA,1627,,19/08/2024,10000,,,,inv
1640-0664-PZA,1640,,19/08/2024,50,,,,inv
1644-0664-PZA,1644,,19/08/2024,20000,,,,inv
1648-0664-PZA,1648,,19/08/2024,5000,,,,inv
1667-0664-PZA,1667,,19/08/2024,20000,,,,inv
1671-0664-PZA,1671,,19/08/2024,12045,,,,inv
1686-0664-PZA,1686,,19/08/2024,20000,,,,inv
1675-0760-PZA,1675,,21/08/2024,3350,,,,inv
1680-0760-PZA,1680,,21/08/2024,400,,,,inv
1697-0760-PZA,1697,,21/08/2024,4536.25,,,,inv
0422-4000-PSM Ltd,422,,01/08/2024,4437.5,,,,inv
1708-0837-PZA,1708,,20/08/2024,4237.29,,,,inv
1694-0804-PZA,,,,,1000461,23/08/2024,30000,CN
1727-0568-PZA,1727,,23/08/2024,175,,,,inv
1698-0752-PZA,1698,,28/08/2024,12000,,,,inv
1693-0826-PZA,,,,,,,,Rem
1665-0520-PZA,,,,,,,,Rem
1690-0520-PZA,,,,,,,,Rem
1703-0520-PZA,,,,,,,,Rem
1699-0664-PZA,,,,,,,,Rem
1621-0715-PZA,,,,,,,,Rem
1679-0609-PZA,1679,,29/08/2024,3807.5,,,,inv
1602-0715-PZA,,,,,,,,Rem
1629-0715-PZA,,,,,,,,Rem
1646-0715-PZA,,,,,,,,Rem
1669-0715-PZA,,,,,,,,Rem
1688-0715-PZA,,,,,,,,Rem
1701-0715-PZA,,,,,,,,Rem
0387-0476-PZA,,,,,,,,Rem
0388-0476-PZA,,,,,,,,Rem
1403-0753-PZA,,,,,,,,Rem
1512-0784-PZA,,,,,,,,Rem
1692-0476-PZA,,,,,,,,Rem
1704-0763-PZA,,,,,,,,Rem
1556-0999-PZA,,,,,,,,Rem
1664-0745-PZA,,,,,,,,Rem
1720-0818-PZA,1720,,30/08/2024,2500,,,,inv
1724-0819-PZA,1724,,30/08/2024,4650,,,,inv
1706-0659-PZA,1706,,30/08/2024,15750,,,,inv
1725-0834-PZA,1725,,30/08/2024,550,,,,inv
1663-0751-PZA,,,,,,,,Rem
1677-0751-PZA,,,,,,,,Rem
1684-0751-PZA,,,,,,,,Rem
1661-0745-PZA,,,,,,,,Rem
1447-0649-PZA,,,,,,,,Rem
1719-0821-PZA,1719,,02/09/2024,4300,,,,inv
1735-0672-PZA,1735,,02/09/2024,19850,,,,inv
1704-0763-PZA,1704,,03/09/2024,505.47,,,,inv
1665-0520-PZA,1665,,03/09/2024,17216,,,,inv
1738-0808-PZA,1738,,04/09/2024,2250,,,,inv
0423-4000-PSM Ltd,423,,05/09/2024,4437.5,,,,inv
1654-0760-PZA,,,,,,,,Rem
1705-0760-PZA,,,,,,,,Rem
1700-0731-PZA,1700,,10/09/2024,17000,,,,inv
1661-0745-PZA,1661,,18/09/2024,34000,,,,inv
1748-0837-PZA,1748,,18/09/2024,4237.29,,,,inv
1702-0813-PZA,1702,,04/09/2024,9500,,,,inv
1729-0752-PZA,1729,,20/09/2024,12000,,,,inv
1693-0826-PZA,1693,,23/09/2024,74,,,,inv
1717-0826-PZA,1717,,23/09/2024,275,,,,inv
1749-0837-PZA,1749,,24/09/2024,4237.29,,,,inv
1723-0802-PZA,,,,,,,,Rem
0387-0476-PZA,,,,,,,,Rem
0388-0476-PZA,,,,,,,,Rem
1403-0753-PZA,,,,,,,,Rem
1556-0999-PZA,,,,,,,,Rem
1602-0715-PZA,,,,,,,,Rem
1629-0715-PZA,,,,,,,,Rem
1646-0715-PZA,,,,,,,,Rem
1669-0715-PZA,,,,,,,,Rem
1688-0715-PZA,,,,,,,,Rem
1701-0715-PZA,,,,,,,,Rem
1732-0715-PZA,,,,,,,,Rem
1699-0664-PZA,,,,,,,,Rem
1730-0664-PZA,,,,,,,,Rem
1447-0649-PZA,,,,,,,,Rem
1621-0715-PZA,,,,,,,,Rem
1736-0715-PZA,,,,,,,,Rem
1512-0784-PZA,,,,,,,,Rem
1690-0520-PZA,,,,,,,,Rem
1703-0520-PZA,,,,,,,,Rem
1728-0520-PZA,,,,,,,,Rem
1663-0751-PZA,,,,,,,,Rem
1677-0751-PZA,,,,,,,,Rem
1684-0751-PZA,,,,,,,,Rem
1664-0745-PZA,,,,,,,,Rem
1722-0804-PZA,1722,,26/09/2024,25000,,,,inv
1740-0803-PZA,1740,,26/09/2024,3500,,,,inv
1741-0796-PZA,1741,,26/09/2024,8250,,,,inv
1733-0813-PZA,1733,,27/09/2024,9500,,,,inv
1746-0659-PZA,1746,,30/09/2024,15750,,,,inv
1747-0568-PZA,1747,,30/09/2024,350,,,,inv
1755-0999-PZA,1755,,01/10/2024,107.69,,,,inv
1690-0520-PZA,1690,,03/10/2024,12881,,,,inv
0424-4000-PSM Ltd,424,,04/10/2024,4437.5,,,,inv
1758-0999-PZA,1758,,04/10/2024,297.18,,,,inv
0054-0498-iAS Ltd,54,,30/09/2024,435000,,,,inv
1721-0809-PZA,1721,,09/10/2024,26000,,,,inv
1731-0731-PZA,1731,,11/10/2024,17000,,,,inv
1654-0760-PZA,1654,,14/10/2024,9200,,,,inv
1723-0802-PZA,,,,,,,,Rem
0387-0476-PZA,,,,,,,,Rem
0388-0476-PZA,,,,,,,,Rem
1737-0727-PZA,,,,,,,,Rem
1745-0727-PZA,,,,,,,,Rem
1403-0753-PZA,,,,,,,,Rem
1556-0999-PZA,,,,,,,,Rem
1726-0825-PZA,,,,,,,,Rem
1715-0828-PZA,,,,,,,,Rem
1512-0784-PZA,,,,,,,,Rem
1602-0715-PZA,,,,,,,,Rem
1629-0715-PZA,,,,,,,,Rem
1646-0715-PZA,,,,,,,,Rem
1669-0715-PZA,,,,,,,,Rem
1688-0715-PZA,,,,,,,,Rem
1701-0715-PZA,,,,,,,,Rem
1732-0715-PZA,,,,,,,,Rem
1754-0715-PZA,,,,,,,,Rem
1663-0751-PZA,,,,,,,,Rem
1677-0751-PZA,,,,,,,,Rem
1684-0751-PZA,,,,,,,,Rem
1664-0745-PZA,,,,,,,,Rem
1739-0812-PZA,,,,,,,,Rem
1734-0700-PZA,,,,,,,,Rem
1756-0813-PZA,1756,,21/10/2024,9500,,,,inv
1764-0659-PZA,1764,,25/10/2024,15750,,,,inv
1766-0717-PZA,1766,,25/10/2024,175,,,,inv
1699-0664-PZA,,,,,,,,Rem
1730-0664-PZA,,,,,,,,Rem
1752-0664-PZA,,,,,,,,Rem
1778-0999-PZA,1778,,30/10/2024,404.87,,,,inv
1759-0843-PZA,1759,,01/11/2024,3750,,,,inv
0425-4000-PSM Ltd,425,,04/11/2024,4437.5,,,,inv
1699-0664-PZA,1699,,07/11/2024,20000,,,,inv
1730-0664-PZA,1730,,07/11/2024,20000,,,,inv
1752-0664-PZA,1752,,07/11/2024,20000,,,,inv
1751-0752-PZA,1751,,07/11/2024,12000,,,,inv
1753-0731-PZA,1753,,08/11/2024,17000,,,,inv
1779-0628-PZA,1779,,08/11/2024,175,,,,inv
1774-0813-PZA,,,,,1000462,13/11/2024,9500,CN
1716-0827-PZA,1716,,04/09/2024,550,,,,inv
1718-0823-PZA,1718,,04/09/2024,1850,,,,inv
1762-0787-PZA,1762,,12/11/2024,2000,,,,inv
1403-0753-PZA,,,,,,,,Rem
1761-0787-PZA,1761,,18/11/2024,9000,,,,inv
1403-0753-PZA,,,,,1000463,20/11/2024,7000,CN
1723-0802-PZA,,,,,1000464,20/11/2024,20093.15,CN
1784-0802-PZA,1784,,21/11/2024,17681.5,,,,inv
1783-0753-PZA,1783,,21/11/2024,7000,,,,inv
1709-0811-PZA,1709,,22/11/2024,1446.8,,,,inv
1710-0814-PZA,1710,,22/11/2024,821.1,,,,inv
1711-0820-PZA,1711,,22/11/2024,1091.54,,,,inv
1712-0822-PZA,1712,,22/11/2024,145.54,,,,inv
1713-0829-PZA,1713,,22/11/2024,739.81,,,,inv
1742-0999-PZA,1742,,22/11/2024,340,,,,inv
1743-0999-PZA,1743,,22/11/2024,225,,,,inv
1763-0500-PZA,1763,,22/11/2024,2150,,,,inv
1739-0812-PZA,1739,,25/11/2024,9750,,,,inv
1737-0727-PZA,1737,1,25/11/2024,7199.15,,,,PartP
1787-0745-PZA,1787,,25/11/2024,50,,,,inv
1760-0816-PZA,1760,,27/11/2024,8000,,,,inv
1781-0659-PZA,1781,,29/11/2024,15750,,,,inv
1795-0818-PZA,1795,,29/11/2024,124.64,,,,inv
1726-0825-PZA,1726,,29/11/2024,9500,,,,inv
0387-0476-PZA,,,,,,,,Rem
0388-0476-PZA,,,,,,,,Rem
1556-0999-PZA,,,,,,,,Rem
1768-0763-PZA,,,,,,,,Rem
1715-0828-PZA,,,,,,,,Rem
1512-0784-PZA,,,,,,,,Rem
1602-0715-PZA,,,,,,,,Rem
1629-0715-PZA,,,,,,,,Rem
1646-0715-PZA,,,,,,,,Rem
1669-0715-PZA,,,,,,,,Rem
1688-0715-PZA,,,,,,,,Rem
1701-0715-PZA,,,,,,,,Rem
1732-0715-PZA,,,,,,,,Rem
1754-0715-PZA,,,,,,,,Rem
1773-0715-PZA,,,,,,,,Rem
1792-0715-PZA,,,,,,,,Rem
1767-0664-PZA,,,,,,,,Rem
1771-0664-PZA,,,,,,,,Rem
1777-0664-PZA,,,,,,,,Rem
1785-0664-PZA,,,,,,,,Rem
1790-0664-PZA,,,,,,,,Rem
1703-0520-PZA,,,,,,,,Rem
1728-0520-PZA,,,,,,,,Rem
1750-0520-PZA,,,,,,,,Rem
1769-0520-PZA,,,,,,,,Rem
1447-0649-PZA,,,,,,,,Rem
1621-0715-PZA,,,,,,,,Rem
1736-0715-PZA,,,,,,,,Rem
1703-0520-PZA,1703,,03/12/2024,12881,,,,inv
1728-0520-PZA,1728,,03/12/2024,12881,,,,inv
1705-0760-PZA,1705,,04/12/2024,5467.5,,,,inv
1768-0763-PZA,1768,,09/12/2024,682.97,,,,inv
1772-0731-PZA,1772,,11/12/2024,17000,,,,inv
1794-0830-PZA,1794,,12/12/2024,20000,,,,inv
1797-0830-PZA,1797,,12/12/2024,30000,,,,inv
1775-0850-PZA,1775,,12/12/2024,5250,,,,inv
1770-0752-PZA,1770,,17/12/2024,12000,,,,inv
1765-0787-PZA,1765,,17/12/2024,2500,,,,inv
1714-0832-PZA,1714,,17/12/2024,6471.55,,,,inv
1776-0848-PZA,1776,,17/12/2024,18000,,,,inv
1790-0664-PZA,1790,,18/12/2024,20000,,,,inv
1785-0664-PZA,1785,,18/12/2024,175,,,,inv
1777-0664-PZA,1777,,18/12/2024,21154.93,,,,inv
1771-0664-PZA,1771,,18/12/2024,20000,,,,inv
1767-0664-PZA,1767,,18/12/2024,60,,,,inv
1715-0828-PZA,,,,,,,,Rem
1447-0649-PZA,,,,,,,,Rem
1621-0715-PZA,,,,,,,,Rem
1736-0715-PZA,,,,,,,,Rem
1512-0784-PZA,,,,,,,,Rem
1750-0520-PZA,,,,,,,,Rem
1769-0520-PZA,,,,,,,,Rem
1788-0520-PZA,,,,,,,,Rem
0387-0476-PZA,,,,,,,,Rem
0388-0476-PZA,,,,,,,,Rem
1556-0999-PZA,,,,,,,,Rem
1602-0715-PZA,,,,,,,,Rem
1629-0715-PZA,,,,,,,,Rem
1646-0715-PZA,,,,,,,,Rem
1669-0715-PZA,,,,,,,,Rem
1688-0715-PZA,,,,,,,,Rem
1701-0715-PZA,,,,,,,,Rem
1732-0715-PZA,,,,,,,,Rem
1754-0715-PZA,,,,,,,,Rem
1773-0715-PZA,,,,,,,,Rem
1792-0715-PZA,,,,,,,,Rem
1807-0715-PZA,,,,,,,,Rem
1737-0727-PZA,,,,,,,,Rem
1745-0727-PZA,,,,,,,,Rem
1744-0760-PZA,1744,,19/12/2024,5462.5,,,,inv
1757-0760-PZA,1757,,19/12/2024,5262.5,,,,inv
1786-0760-PZA,1786,,19/12/2024,321.98,,,,inv
1663-0751-PZA,,,,,,,,Rem
1677-0751-PZA,,,,,,,,Rem
1684-0751-PZA,,,,,,,,Rem
1664-0745-PZA,,,,,,,,Rem
1782-0837-PZA,,,,,,,,Rem
1809-0818-PZA,1809,,19/12/2024,75,,,,inv
0426-4000-PSM Ltd,426,,02/12/2024,4437.5,,,,inv
0427-4000-PSM Ltd,427,,02/01/2025,4437.5,,,,inv
1801-0700-PZA,1801,,20/12/2024,3000,,,,inv
1734-0700-PZA,1734,,20/12/2024,3400,,,,inv
1737-0727-PZA,1737,2,23/12/2024,16949.15,,,,PartP
1798-0659-PZA,1798,,27/12/2024,15750,,,,inv
1789-0752-PZA,1789,,30/12/2024,12000,,,,inv
0055-0498-iAS Ltd,55,,30/12/2024,425000,,,,inv
1750-0520-PZA,1750,,15/01/2025,12881,,,,inv
1791-0731-PZA,1791,,17/01/2025,17000,,,,inv
1816-0999-PZA,,,,,1000465,27/01/2025,60,CN
1817-0999-PZA,1817,,21/01/2025,60,,,,inv
1804-0752-PZA,1804,,24/01/2025,12000,,,,inv
1820-0999-PZA,1820,,17/01/2025,60,,,,inv
1814-0659-PZA,1814,,30/01/2025,15750,,,,inv
1793-0848-PZA,,,,,,,,Rem
1808-0848-PZA,,,,,,,,Rem
1793-0848-PZA,1793,,03/02/2025,18000,,,,inv
1808-0848-PZA,1808,,03/02/2025,18000,,,,inv
0387-0476-PZA,,,,,,,,Rem
0388-0476-PZA,,,,,,,,Rem
1737-0727-PZA,,,,,,,,Rem
1745-0727-PZA,,,,,,,,Rem
1556-0999-PZA,,,,,,,,Rem
1802-0763-PZA,,,,,,,,Rem
1715-0828-PZA,,,,,,,,Rem
1447-0649-PZA,,,,,,,,Rem
1621-0715-PZA,,,,,,,,Rem
1736-0715-PZA,,,,,,,,Rem
1512-0784-PZA,,,,,,,,Rem
1684-0751-PZA,,,,,,,,Rem
1677-0751-PZA,,,,,,,,Rem
1664-0745-PZA,,,,,,,,Rem
1663-0751-PZA,,,,,,,,Rem
1788-0520-PZA,,,,,,,,Rem
1803-0520-PZA,,,,,,,,Rem
1602-0715-PZA,,,,,,,,Rem
1629-0715-PZA,,,,,,,,Rem
1646-0715-PZA,,,,,,,,Rem
1669-0715-PZA,,,,,,,,Rem
1688-0715-PZA,,,,,,,,Rem
1701-0715-PZA,,,,,,,,Rem
1732-0715-PZA,,,,,,,,Rem
1754-0715-PZA,,,,,,,,Rem
1773-0715-PZA,,,,,,,,Rem
1792-0715-PZA,,,,,,,,Rem
1807-0715-PZA,,,,,,,,Rem
1769-0520-PZA,1769,,04/02/2025,12881,,,,inv
1805-0664-PZA,1805,,04/02/2025,20000,,,,inv
0428-4000-PSM Ltd,428,,05/02/2025,4437.5,,,,inv
1715-0828-PZA,1715,,06/02/2025,850,,,,inv
1828-0751-PZA,1828,,12/02/2025,171.28,,,,inv
1806-0731-PZA,1806,,14/02/2025,17000,,,,inv
1822-0752-PZA,1822,,14/02/2025,12000,,,,inv
1830-0751-PZA,1830,,17/02/2025,297,,,,inv
1602-0715-PZA,1602,2,19/02/2025,4664.48,,,,PartP
1629-0715-PZA,1629,1,19/02/2025,16521.97,,,,PartP
1831-0751-PZA,1831,,24/02/2025,297,,,,inv
0387-0476-PZA,,,,,,,,Rem
0388-0476-PZA,,,,,,,,Rem
1556-0999-PZA,,,,,,,,Rem
1692-0476-PZA,,,,,,,,Rem
1802-0763-PZA,,,,,,,,Rem
1447-0649-PZA,,,,,,,,Rem
1621-0715-PZA,,,,,,,,Rem
1736-0715-PZA,,,,,,,,Rem
1512-0784-PZA,,,,,,,,Rem
1802-0763-PZA,1802,,25/02/2025,706.74,,,,inv
1629-0715-PZA,,,,,,,,Rem
1646-0715-PZA,,,,,,,,Rem
1669-0715-PZA,,,,,,,,Rem
1688-0715-PZA,,,,,,,,Rem
1701-0715-PZA,,,,,,,,Rem
1732-0715-PZA,,,,,,,,Rem
1754-0715-PZA,,,,,,,,Rem
1773-0715-PZA,,,,,,,,Rem
1792-0715-PZA,,,,,,,,Rem
1807-0715-PZA,,,,,,,,Rem
1825-0715-PZA,,,,,,,,Rem
1782-0837-PZA,,,,,,,,Rem
1813-0609-PZA,,,,,,,,Rem
1818-0641-PZA,,,,,,,,Rem
1834-0659-PZA,1834,,26/02/2025,15750,,,,inv
1826-0848-PZA,,,,,,,,Rem
1823-0664-PZA,,,,,,,,Rem
1788-0520-PZA,,,,,,,,Rem
1803-0520-PZA,,,,,,,,Rem
1821-0520-PZA,,,,,,,,Rem
1663-0751-PZA,,,,,,,,Rem
1664-0745-PZA,,,,,,,,Rem
1677-0751-PZA,,,,,,,,Rem
1684-0751-PZA,,,,,,,,Rem
1829-0751-PZA,,,,,,,,Rem
1838-0752-PZA,1838,,28/02/2025,12000,,,,inv
1788-0520-PZA,1788,,03/03/2025,12881,,,,inv
1799-0760-PZA,1799,,03/03/2025,10290,,,,inv
1800-0760-PZA,1800,,03/03/2025,375,,,,inv
1813-0609-PZA,1813,,03/03/2025,7330,,,,inv
1782-0837-PZA,1782,,04/03/2025,33051,,,,inv
1780-0760-PZA,1780,,05/03/2025,12735,,,,inv
0429-4000-PSM Ltd,429,,04/03/2025,4437.5,,,,inv
1815-0760-PZA,,,,,,,,Rem
1835-0760-PZA,,,,,,,,Rem
1824-0731-PZA,1824,,13/03/2025,17000,,,,inv
1826-0848-PZA,1826,,17/03/2025,18000,,,,inv
1841-0813-PZA,1841,,20/03/2025,18500,,,,inv
1845-0830-PZA,,,,,1000466,21/03/2025,50000,CN
1849-0830-PZA,1849,,17/03/2025,31355.93,,,,inv
1843-0763-PZA,1843,,21/03/2025,860.53,,,,inv
1848-0861-PZA,1848,,25/03/2025,50,,,,inv
1827-0813-PZA,1827,,07/03/2025,18500,,,,inv
1803-0520-PZA,,,,,,,,Rem
1821-0520-PZA,,,,,,,,Rem
1837-0520-PZA,,,,,,,,Rem
1823-0664-PZA,,,,,,,,Rem
1839-0664-PZA,,,,,,,,Rem
1629-0715-PZA,,,,,,,,Rem
1646-0715-PZA,,,,,,,,Rem
1669-0715-PZA,,,,,,,,Rem
1688-0715-PZA,,,,,,,,Rem
1701-0715-PZA,,,,,,,,Rem
1732-0715-PZA,,,,,,,,Rem
1754-0715-PZA,,,,,,,,Rem
1773-0715-PZA,,,,,,,,Rem
1792-0715-PZA,,,,,,,,Rem
1807-0715-PZA,,,,,,,,Rem
1825-0715-PZA,,,,,,,,Rem
1836-0715-PZA,,,,,,,,Rem
1842-0848-PZA,,,,,,,,Rem
1847-0659-PZA,1847,,26/03/2025,15750,,,,inv
1737-0727-PZA,,,,,,,,Rem
1745-0727-PZA,,,,,,,,Rem
1832-0727-PZA,,,,,,,,Rem
1833-0727-PZA,,,,,,,,Rem
1818-0641-PZA,,,,,,,,Rem
1835-0760-PZA,1835,,27/03/2025,9375,,,,inv
1803-0520-PZA,1803,,28/03/2025,12881,,,,inv
1861-0672-PZA,1861,,28/03/2025,11829.16,,,,inv
0387-0476-PZA,,,,,,,,Rem
0388-0476-PZA,,,,,,,,Rem
1556-0999-PZA,,,,,,,,Rem
1447-0649-PZA,,,,,,,,Rem
1621-0715-PZA,,,,,,,,Rem
1736-0715-PZA,,,,,,,,Rem
1512-0784-PZA,,,,,,,,Rem
1819-0837-PZA,,,,,,,,Rem
1556-0999-PZA,1556,,28/03/2025,50,,,,inv
1663-0751-PZA,,,,,,,,Rem
1664-0745-PZA,,,,,,,,Rem
1677-0751-PZA,,,,,,,,Rem
1684-0751-PZA,,,,,,,,Rem
1829-0751-PZA,,,,,,,,Rem
1857-0831-PZA,1857,,28/03/2025,8250,,,,inv
0056-0498-iAS Ltd,56,,28/03/2025,600000,,,,inv
1818-0641-PZA,1818,,04/04/2025,247.5,,,,inv
1842-0848-PZA,1842,,07/04/2025,18000,,,,inv
1867-0808-PZA,1867,,11/04/2025,50,,,,inv
1840-0731-PZA,1840,,11/04/2025,17000,,,,inv
1851-0752-PZA,1851,,11/04/2025,12000,,,,inv
1862-0846-PZA,1862,,11/04/2025,10000,,,,inv
1855-0813-PZA,1855,,17/04/2025,18500,,,,inv
0387-0476-PZA,,,,,,,,Rem
0388-0476-PZA,,,,,,,,Rem
1737-0727-PZA,,,,,,,,Rem
1745-0727-PZA,,,,,,,,Rem
1832-0727-PZA,,,,,,,,Rem
1833-0727-PZA,,,,,,,,Rem
1846-0727-PZA,,,,,,,,Rem
1512-0784-PZA,,,,,,,,Rem
1819-0837-PZA,,,,,,,,Rem
1865-0632-PZA,,,,,,,,Rem
1447-0649-PZA,,,,,,,,Rem
1621-0715-PZA,,,,,,,,Rem
1736-0715-PZA,,,,,,,,Rem
1663-0751-PZA,,,,,,,,Rem
1664-0745-PZA,,,,,,,,Rem
1677-0751-PZA,,,,,,,,Rem
1684-0751-PZA,,,,,,,,Rem
1829-0751-PZA,,,,,,,,Rem
1823-0664-PZA,1823,,17/04/2025,20000,,,,inv
1839-0664-PZA,1839,,17/04/2025,20000,,,,inv
1852-0664-PZA,1852,,17/04/2025,20000,,,,inv
1819-0837-PZA,1819,,23/04/2025,50,,,,inv
1864-0641-PZA,1864,,24/04/2025,15000,,,,inv
1869-0659-PZA,1869,,25/04/2025,15750,,,,inv
1821-0520-PZA,,,,,,,,Rem
1837-0520-PZA,,,,,,,,Rem
1850-0520-PZA,,,,,,,,Rem
1629-0715-PZA,,,,,,,,Rem
1646-0715-PZA,,,,,,,,Rem
1669-0715-PZA,,,,,,,,Rem
1688-0715-PZA,,,,,,,,Rem
1701-0715-PZA,,,,,,,,Rem
1732-0715-PZA,,,,,,,,Rem
1754-0715-PZA,,,,,,,,Rem
1773-0715-PZA,,,,,,,,Rem
1792-0715-PZA,,,,,,,,Rem
1807-0715-PZA,,,,,,,,Rem
1825-0715-PZA,,,,,,,,Rem
1836-0715-PZA,,,,,,,,Rem
1854-0715-PZA,,,,,,,,Rem
1865-0632-PZA,1865,,28/04/2025,175,,,,inv
1821-0520-PZA,1821,,06/05/2025,12881,,,,inv
1870-0763-PZA,1870,,07/05/2025,825.29,,,,inv
1883-0736-PZA,1883,,08/05/2025,9625,,,,inv
1880-0813-PZA,1880,,09/05/2025,18500,,,,inv
1884-0830-PZA,1884,,08/05/2025,18644.07,,,,inv
1860-0609-PZA,1860,,12/05/2025,1820,,,,inv
1856-0848-PZA,1856,,13/05/2025,18000,,,,inv
1815-0760-PZA,,,,,,,,Rem
1844-0760-PZA,,,,,,,,Rem
1871-0813-PZA,1871,,15/05/2025,19850,,,,inv
1882-0751-PZA,1882,,15/05/2025,60,,,,inv
1853-0731-PZA,1853,,15/05/2025,17000,,,,inv
1876-0752-PZA,1876,,16/05/2025,12000,,,,inv
1874-0999-PZA,1874,,21/05/2025,1586.08,,,,inv
0387-0476-PZA,,,,,,,,Rem
0388-0476-PZA,,,,,,,,Rem
1737-0727-PZA,,,,,,,,Rem
1745-0727-PZA,,,,,,,,Rem
1832-0727-PZA,,,,,,,,Rem
1833-0727-PZA,,,,,,,,Rem
1846-0727-PZA,,,,,,,,Rem
1692-0476-PZA,,,,,,,,Rem
1664-0745-PZA,1664,,21/05/2025,7500,,,,inv
1677-0751-PZA,1677,,21/05/2025,585.04,,,,inv
1684-0751-PZA,1684,,21/05/2025,3722.25,,,,inv
1829-0751-PZA,1829,,21/05/2025,171.28,,,,inv
1663-0751-PZA,1663,1,21/05/2025,30394.31,,,,PartP
1886-0659-PZA,1886,,23/05/2025,15750,,,,inv
1663-0751-PZA,,,,,,,,Rem
1858-0679-PZA,1858,,26/05/2025,6395,,,,inv
1859-0679-PZA,1859,,26/05/2025,10185,,,,inv
1512-0784-PZA,,,,,,,,Rem
1863-0845-PZA,,,,,,,,Rem
1447-0649-PZA,,,,,,,,Rem
1621-0715-PZA,,,,,,,,Rem
1736-0715-PZA,,,,,,,,Rem
1866-0700-PZA,1866,,27/05/2025,4925,,,,inv
1837-0520-PZA,,,,,,,,Rem
1850-0520-PZA,,,,,,,,Rem
1875-0520-PZA,,,,,,,,Rem
1877-0664-PZA,,,,,,,,Rem
1629-0715-PZA,,,,,,,,Rem
1646-0715-PZA,,,,,,,,Rem
1669-0715-PZA,,,,,,,,Rem
1688-0715-PZA,,,,,,,,Rem
1701-0715-PZA,,,,,,,,Rem
1732-0715-PZA,,,,,,,,Rem
1754-0715-PZA,,,,,,,,Rem
1773-0715-PZA,,,,,,,,Rem
1792-0715-PZA,,,,,,,,Rem
1807-0715-PZA,,,,,,,,Rem
1825-0715-PZA,,,,,,,,Rem
1836-0715-PZA,,,,,,,,Rem
1854-0715-PZA,,,,,,,,Rem
1879-0715-PZA,,,,,,,,Rem
1863-0845-PZA,1863,,29/05/2025,2500,,,,inv
1872-0130-PZA,1872,,30/05/2025,1320,,,,inv
0430-4000-PSM Ltd,430,,01/04/2025,4437.5,,,,inv
0431-4000-PSM Ltd,431,,03/05/2025,4437.5,,,,inv
1837-0520-PZA,1837,,03/06/2025,12881,,,,inv
1881-0848-PZA,1881,,04/06/2025,18000,,,,inv
1889-0584-PZA,1889,,09/06/2025,1225,,,,inv
1692-0476-PZA,,,,,,,,Rem
0387-0476-PZA,,,,,,,,Rem
0388-0476-PZA,,,,,,,,Rem
1737-0727-PZA,,,,,,,,Rem
1745-0727-PZA,,,,,,,,Rem
1832-0727-PZA,,,,,,,,Rem
1833-0727-PZA,,,,,,,,Rem
1846-0727-PZA,,,,,,,,Rem
1887-0727-PZA,,,,,,,,Rem
1663-0751-PZA,,,,,,,,Rem
1447-0649-PZA,,,,,,,,Rem
1621-0715-PZA,,,,,,,,Rem
1736-0715-PZA,,,,,,,,Rem
1512-0784-PZA,,,,,,,,Rem
1873-0817-PZA,,,,,,,,Rem
1885-0837-PZA,,,,,,,,Rem
0057-0498-iAS Ltd,57,,17/06/2025,420000,,,,inv
1810-0837-PZA,,,,,1000467,18/06/2025,4237.29,CN
1811-0837-PZA,,,,,1000468,18/06/2025,4237.29,CN
1812-0837-PZA,,,,,1000469,18/06/2025,4237.29,CN
1796-0837-PZA,,,,,1000470,18/06/2025,4237.29,CN
1901-0864-PZA,1901,,18/06/2025,50,,,,inv
1878-0731-PZA,1878,,19/06/2025,17000,,,,inv
1900-0860-PZA,1900,,19/06/2025,50,,,,inv
1447-0649-PZA,1447,3,20/06/2025,20734.27,,,,PartP
1621-0715-PZA,1621,1,20/06/2025,4689.46,,,,PartP
1850-0520-PZA,1850,,25/06/2025,12881,,,,inv
1875-0520-PZA,,,,,,,,Rem
1890-0520-PZA,,,,,,,,Rem
1877-0664-PZA,,,,,,,,Rem
1892-0664-PZA,,,,,,,,Rem
1629-0715-PZA,,,,,,,,Rem
1646-0715-PZA,,,,,,,,Rem
1669-0715-PZA,,,,,,,,Rem
1688-0715-PZA,,,,,,,,Rem
1701-0715-PZA,,,,,,,,Rem
1732-0715-PZA,,,,,,,,Rem
1754-0715-PZA,,,,,,,,Rem
1773-0715-PZA,,,,,,,,Rem
1792-0715-PZA,,,,,,,,Rem
1807-0715-PZA,,,,,,,,Rem
1825-0715-PZA,,,,,,,,Rem
1836-0715-PZA,,,,,,,,Rem
1854-0715-PZA,,,,,,,,Rem
1879-0715-PZA,,,,,,,,Rem
1894-0715-PZA,,,,,,,,Rem
1904-0659-PZA,1904,,27/06/2025,15750,,,,inv
1913-0871-PZA,1913,,27/06/2025,3250,,,,inv
1897-0792-PZA,1897,,01/07/2025,18000,,,,inv
1916-0861-PZA,1916,,02/07/2025,15000,,,,inv
1815-0760-PZA,1815,,03/07/2025,3397.5,,,,inv
1844-0760-PZA,1844,,03/07/2025,7247.5,,,,inv
1737-0727-PZA,,,,,1000471,14/07/2025,20000,CN
1737-0727-PZA,1737,3,04/07/2025,13301.7,,,,PartP
1745-0727-PZA,1745,,04/07/2025,5087.64,,,,inv
1832-0727-PZA,1832,,04/07/2025,8177.16,,,,inv
1833-0727-PZA,1833,,04/07/2025,2070.26,,,,inv
1846-0727-PZA,1846,,04/07/2025,945,,,,inv
1887-0727-PZA,1887,,04/07/2025,100,,,,inv
1898-0679-PZA,1898,,04/07/2025,5436,,,,inv
1922-0855-PZA,1922,,04/07/2025,2500,,,,inv
1895-0813-PZA,1895,,07/07/2025,18500,,,,inv
1896-0848-PZA,1896,,07/07/2025,18000,,,,inv
1912-0848-PZA,1912,,07/07/2025,18000,,,,inv
1891-0752-PZA,1891,,07/07/2025,12000,,,,inv
1907-0752-PZA,1907,,07/07/2025,12000,,,,inv
1877-0664-PZA,1877,,08/07/2025,20000,,,,inv
1892-0664-PZA,1892,,08/07/2025,20000,,,,inv
1873-0817-PZA,1873,,09/07/2025,25000,,,,inv
1893-0731-PZA,1893,,10/07/2025,17000,,,,inv
1905-0641-PZA,1905,,09/07/2025,15000,,,,inv
1692-0476-PZA,1692,,14/07/2025,1850,,,,inv
1868-0760-PZA,,,,,,,,Rem
1888-0760-PZA,,,,,,,,Rem
1903-0760-PZA,,,,,,,,Rem
0387-0476-PZA,,,,,,,,Rem
0388-0476-PZA,,,,,,,,Rem
1663-0751-PZA,,,,,,,,Rem
1621-0715-PZA,,,,,,,,Rem
1736-0715-PZA,,,,,,,,Rem
1512-0784-PZA,,,,,,,,Rem
1902-0823-PZA,,,,,,,,Rem
1911-0813-PZA,1911,,24/07/2025,18500,,,,inv
1902-0823-PZA,1902,,25/07/2025,50,,,,inv
1885-0837-PZA,1885,,25/07/2025,70,,,,inv
1914-0837-PZA,1914,,25/07/2025,50000,,,,inv
1915-0480-PZA,1915,,25/07/2025,6885,,,,inv
1899-0752-PZA,1899,,25/07/2025,60,,,,inv
1868-0760-PZA,1868,,04/08/2025,8597.5,,,,inv
1888-0760-PZA,1888,,04/08/2025,7285,,,,inv
1932-0999-PZA,1932,,05/08/2025,256,,,,inv
1927-0752-PZA,1927,,05/08/2025,12000,,,,inv
1890-0520-PZA,,,,,,,,Rem
1906-0520-PZA,,,,,,,,Rem
1629-0715-PZA,,,,,,,,Rem
1646-0715-PZA,,,,,,,,Rem
1669-0715-PZA,,,,,,,,Rem
1688-0715-PZA,,,,,,,,Rem
1701-0715-PZA,,,,,,,,Rem
1732-0715-PZA,,,,,,,,Rem
1754-0715-PZA,,,,,,,,Rem
1773-0715-PZA,,,,,,,,Rem
1792-0715-PZA,,,,,,,,Rem
1807-0715-PZA,,,,,,,,Rem
1825-0715-PZA,,,,,,,,Rem
1836-0715-PZA,,,,,,,,Rem
1854-0715-PZA,,,,,,,,Rem
1879-0715-PZA,,,,,,,,Rem
1894-0715-PZA,,,,,,,,Rem
1910-0715-PZA,,,,,,,,Rem
1933-0999-PZA,1933,,06/08/2025,215.38,,,,inv
1931-0848-PZA,1931,,08/08/2025,18000,,,,inv
1923-0846-PZA,1923,,13/08/2025,7500,,,,inv
1909-0731-PZA,1909,,25/08/2025,17000,,,,inv
1890-0520-PZA,1890,,28/08/2025,12881,,,,inv
1930-0813-PZA,1930,,29/08/2025,18500,,,,inv
1908-0664-PZA,1908,,29/08/2025,20000,,,,inv
1928-0664-PZA,1928,,29/08/2025,20000,,,,inv
0387-0476-PZA,,,,,,,,Rem
0388-0476-PZA,,,,,,,,Rem
1663-0751-PZA,,,,,,,,Rem
1621-0715-PZA,,,,,,,,Rem
1736-0715-PZA,,,,,,,,Rem
1512-0784-PZA,,,,,,,,Rem
1906-0520-PZA,,,,,,,,Rem
1926-0520-PZA,,,,,,,,Rem
1629-0715-PZA,,,,,,,,Rem
1646-0715-PZA,,,,,,,,Rem
1669-0715-PZA,,,,,,,,Rem
1688-0715-PZA,,,,,,,,Rem
1701-0715-PZA,,,,,,,,Rem
1732-0715-PZA,,,,,,,,Rem
1754-0715-PZA,,,,,,,,Rem
1773-0715-PZA,,,,,,,,Rem
1792-0715-PZA,,,,,,,,Rem
1807-0715-PZA,,,,,,,,Rem
1825-0715-PZA,,,,,,,,Rem
1836-0715-PZA,,,,,,,,Rem
1854-0715-PZA,,,,,,,,Rem
1879-0715-PZA,,,,,,,,Rem
1894-0715-PZA,,,,,,,,Rem
1910-0715-PZA,,,,,,,,Rem
1929-0715-PZA,,,,,,,,Rem
1903-0760-PZA,1903,,03/09/2025,11578.75,,,,inv
1925-0760-PZA,1925,,03/09/2025,7952.5,,,,inv
1943-0799-PZA,1943,,05/09/2025,46.59,,,,inv
1939-0664-PZA,,,,,1000472,11/09/2025,20000,CN
1942-0848-PZA,1942,,12/09/2025,18000,,,,inv
1936-0731-PZA,1936,,12/09/2025,4365,,,,inv
1950-0818-PZA,1950,,12/09/2025,50,,,,inv
1938-0752-PZA,1938,,16/09/2025,12000,,,,inv
1953-0999-PZA,1953,,23/09/2025,1377,,,,inv
1875-0520-PZA,1875,,30/07/2025,12881,,,,inv
1924-0659-PZA,1924,,31/07/2025,15750,,,,inv
1906-0520-PZA,,,,,,,,Rem
1926-0520-PZA,,,,,,,,Rem
1937-0520-PZA,,,,,,,,Rem
1629-0715-PZA,,,,,,,,Rem
1646-0715-PZA,,,,,,,,Rem
1669-0715-PZA,,,,,,,,Rem
1688-0715-PZA,,,,,,,,Rem
1701-0715-PZA,,,,,,,,Rem
1732-0715-PZA,,,,,,,,Rem
1754-0715-PZA,,,,,,,,Rem
1773-0715-PZA,,,,,,,,Rem
1792-0715-PZA,,,,,,,,Rem
1807-0715-PZA,,,,,,,,Rem
1825-0715-PZA,,,,,,,,Rem
1836-0715-PZA,,,,,,,,Rem
1854-0715-PZA,,,,,,,,Rem
1879-0715-PZA,,,,,,,,Rem
1894-0715-PZA,,,,,,,,Rem
1910-0715-PZA,,,,,,,,Rem
1929-0715-PZA,,,,,,,,Rem
1940-0715-PZA,,,,,,,,Rem
0387-0476-PZA,,,,,,,,Rem
0388-0476-PZA,,,,,,,,Rem
1663-0751-PZA,,,,,,,,Rem
1512-0784-PZA,,,,,,,,Rem
1918-0865-PZA,,,,,,,,Rem
1919-0852-PZA,,,,,,,,Rem
1920-0851-PZA,,,,,,,,Rem
1917-0849-PZA,,,,,,,,Rem
1921-0866-PZA,,,,,,,,Rem
1621-0715-PZA,,,,,,,,Rem
1736-0715-PZA,,,,,,,,Rem
1934-0659-PZA,1934,,29/09/2025,15750,,,,inv
1948-0659-PZA,1948,,29/09/2025,15750,,,,inv
0433-4000-PSM Ltd,433,,02/07/2025,4437.5,,,,inv
0434-4000-PSM Ltd,434,,04/08/2025,4437.5,,,,inv
0435-4000-PSM Ltd,435,,02/09/2025,4437.5,,,,inv
0436-4000-PSM Ltd,436,,02/09/2025,4096.48,,,,inv
1963-0774-PZA,1963,,30/09/2025,50,,,,inv
1955-0752-PZA,1955,,01/10/2025,12000,,,,inv
1906-0520-PZA,1906,,02/10/2025,12881,,,,inv
1917-0849-PZA,1917,,02/10/2025,35000,,,,inv
1952-0853-PZA,1952,,02/10/2025,50,,,,inv
0437-4000-PSM Ltd,437,,02/10/2025,4437.5,,,,inv
1961-0649-PZA,1961,,09/10/2025,290400,,,,inv
1962-0649-PZA,1962,,09/10/2025,15500,,,,inv
1944-0664-PZA,1944,,10/10/2025,50000,,,,inv
1935-0760-PZA,1935,,10/10/2025,6512.5,,,,inv
1621-0715-PZA,,,,,,,,Rem
1736-0715-PZA,,,,,,,,Rem
1921-0866-PZA,,,,,,,,Rem
1663-0751-PZA,,,,,,,,Rem
1949-0763-PZA,,,,,,,,Rem
1512-0784-PZA,,,,,,,,Rem
1941-0813-PZA,,,,,,,,Rem
1958-0813-PZA,,,,,,,,Rem
1966-0835-PZA,1966,,17/10/2025,50,,,,inv
1959-0848-PZA,1959,,23/10/2025,21000,,,,inv
1964-0659-PZA,1964,,29/10/2025,15750,,,,inv
1926-0520-PZA,,,,,,,,Rem
1937-0520-PZA,,,,,,,,Rem
1954-0520-PZA,,,,,,,,Rem
1629-0715-PZA,,,,,,,,Rem
1646-0715-PZA,,,,,,,,Rem
1688-0715-PZA,,,,,,,,Rem
1669-0715-PZA,,,,,,,,Rem
1701-0715-PZA,,,,,,,,Rem
1732-0715-PZA,,,,,,,,Rem
1754-0715-PZA,,,,,,,,Rem
1773-0715-PZA,,,,,,,,Rem
1792-0715-PZA,,,,,,,,Rem
1807-0715-PZA,,,,,,,,Rem
1825-0715-PZA,,,,,,,,Rem
1836-0715-PZA,,,,,,,,Rem
1854-0715-PZA,,,,,,,,Rem
1879-0715-PZA,,,,,,,,Rem
1894-0715-PZA,,,,,,,,Rem
1910-0715-PZA,,,,,,,,Rem
1929-0715-PZA,,,,,,,,Rem
1940-0715-PZA,,,,,,,,Rem
1957-0715-PZA,,,,,,,,Rem
1941-0813-PZA,1941,,29/10/2025,18500,,,,inv
1958-0813-PZA,1958,,29/10/2025,18500,,,,inv
1949-0763-PZA,1949,,30/10/2025,899.85,,,,inv
1926-0520-PZA,1926,,03/11/2025,12881,,,,inv
0432-4000-PSM Ltd,432,,03/06/2025,4437.5,,,,inv
0438-4000-PSM Ltd,438,,08/10/2025,2100.88,,,,inv
1971-0752-PZA,1971,,06/11/2025,12000,,,,inv
0439-4000-PSM Ltd,439,,04/11/2025,4437.5,,,,inv
1976-0999-PZA,1976,,10/11/2025,128,,,,inv
0058-0498-iAS Ltd,58,,11/11/2025,440000,,,,inv
1951-0760-PZA,,,,,,,,Rem
1967-0760-PZA,,,,,,,,Rem
1947-0731-PZA,,,,,,,,Rem
1965-0731-PZA,,,,,,,,Rem
1975-0848-PZA,1975,,14/11/2025,21000,,,,inv
0440-4000-PSM Ltd,440,,14/11/2025,209.56,,,,inv
1621-0715-PZA,1621,2,14/11/2025,16685.47,,,,PartP
1736-0715-PZA,1736,,14/11/2025,11768.32,,,,inv
1956-0664-PZA,1956,,18/11/2025,50000,,,,inv
1969-0664-PZA,1969,,18/11/2025,50600.57,,,,inv
1993-0882-PZA,1993,,26/11/2025,60,,,,inv
1921-0866-PZA,,,,,,,,Rem
1945-0876-PZA,,,,,,,,Rem
1946-0876-PZA,,,,,,,,Rem
1960-0876-PZA,,,,,,,,Rem
1974-0876-PZA,,,,,,,,Rem
1663-0751-PZA,,,,,,,,Rem
1512-0784-PZA,,,,,,,,Rem
1937-0520-PZA,,,,,,,,Rem
1954-0520-PZA,,,,,,,,Rem
1970-0520-PZA,,,,,,,,Rem
1947-0731-PZA,,,,,,,,Rem
1965-0731-PZA,,,,,,,,Rem
1978-0731-PZA,,,,,,,,Rem
1918-0865-PZA,,,,,,,,Rem
1919-0852-PZA,,,,,,,,Rem
1920-0851-PZA,,,,,,,,Rem
1629-0715-PZA,,,,,,,,Rem
1646-0715-PZA,,,,,,,,Rem
1688-0715-PZA,,,,,,,,Rem
1669-0715-PZA,,,,,,,,Rem
1701-0715-PZA,,,,,,,,Rem
1732-0715-PZA,,,,,,,,Rem
1754-0715-PZA,,,,,,,,Rem
1773-0715-PZA,,,,,,,,Rem
1792-0715-PZA,,,,,,,,Rem
1807-0715-PZA,,,,,,,,Rem
1825-0715-PZA,,,,,,,,Rem
1836-0715-PZA,,,,,,,,Rem
1854-0715-PZA,,,,,,,,Rem
1879-0715-PZA,,,,,,,,Rem
1894-0715-PZA,,,,,,,,Rem
1910-0715-PZA,,,,,,,,Rem
1929-0715-PZA,,,,,,,,Rem
1940-0715-PZA,,,,,,,,Rem
1957-0715-PZA,,,,,,,,Rem
1972-0715-PZA,,,,,,,,Rem
1986-0752-PZA,1986,,28/11/2025,12000,,,,inv
1973-0813-PZA,1973,,05/12/2025,18500,,,,inv
1968-0792-PZA,1968,,05/12/2025,175,,,,inv
1996-0792-PZA,1996,,05/12/2025,50,,,,inv
1979-0659-PZA,1979,,12/12/2025,15750,,,,inv
1991-0821-PZA,1991,,09/12/2025,1768,,,,inv
0059-0498-iAS Ltd,59,,16/12/2025,412000,,,,inv
1987-0664-PZA,1987,,17/12/2025,50000,,,,inv
1992-0664-PZA,1992,,17/12/2025,38902.53,,,,inv
1937-0520-PZA,1937,,18/12/2025,12881,,,,inv
1954-0520-PZA,,,,,,,,Rem
1970-0520-PZA,,,,,,,,Rem
1985-0520-PZA,,,,,,,,Rem
1629-0715-PZA,,,,,,,,Rem
1646-0715-PZA,,,,,,,,Rem
1669-0715-PZA,,,,,,,,Rem
1688-0715-PZA,,,,,,,,Rem
1701-0715-PZA,,,,,,,,Rem
1732-0715-PZA,,,,,,,,Rem
1754-0715-PZA,,,,,,,,Rem
1773-0715-PZA,,,,,,,,Rem
1792-0715-PZA,,,,,,,,Rem
1807-0715-PZA,,,,,,,,Rem
1825-0715-PZA,,,,,,,,Rem
1836-0715-PZA,,,,,,,,Rem
1854-0715-PZA,,,,,,,,Rem
1879-0715-PZA,,,,,,,,Rem
1894-0715-PZA,,,,,,,,Rem
1910-0715-PZA,,,,,,,,Rem
1929-0715-PZA,,,,,,,,Rem
1940-0715-PZA,,,,,,,,Rem
1957-0715-PZA,,,,,,,,Rem
1972-0715-PZA,,,,,,,,Rem
1988-0715-PZA,,,,,,,,Rem
1945-0876-PZA,,,,,,,,Rem
1946-0876-PZA,,,,,,,,Rem
1960-0876-PZA,,,,,,,,Rem
1974-0876-PZA,,,,,,,,Rem
1947-0731-PZA,,,,,,,,Rem
1965-0731-PZA,,,,,,,,Rem
1978-0731-PZA,,,,,,,,Rem
1921-0866-PZA,,,,,,,,Rem
1663-0751-PZA,,,,,,,,Rem
1512-0784-PZA,,,,,,,,Rem
1984-0868-PZA,1984,,19/12/2025,85500,,,,inv
2008-0999-PZA,2008,,19/12/2025,128,,,,inv
1990-0848-PZA,1990,,19/12/2025,21000,,,,inv
2006-0848-PZA,2006,,24/12/2025,21000,,,,inv
1920-0851-PZA,1920,,22/12/2025,8500,,,,inv
1919-0852-PZA,1919,,22/12/2025,1750,,,,inv
1918-0865-PZA,1918,,22/12/2025,4250,,,,inv
1994-0480-PZA,1994,,12/01/2026,2460,,,,inv
1995-0480-PZA,1995,,12/01/2026,4860,,,,inv
1951-0760-PZA,,,,,,,,Rem
1967-0760-PZA,,,,,,,,Rem
1977-0760-PZA,,,,,,,,Rem
2007-0760-PZA,,,,,,,,Rem
1999-0837-PZA,1999,,16/01/2026,15000,,,,inv
1512-0784-PZA,,,,,,,,bd
0387-0476-PZA,,,,,,,,bd
0388-0476-PZA,,,,,,,,bd
1629-0715-PZA,1629,2,20/01/2026,3478.03,,,,PartP
1646-0715-PZA,1646,,20/01/2026,20000,,,,inv
1669-0715-PZA,1669,,20/01/2026,20000,,,,inv
1688-0715-PZA,1688,,20/01/2026,20000,,,,inv
1701-0715-PZA,1701,,20/01/2026,20000,,,,inv
1732-0715-PZA,1732,,20/01/2026,20000,,,,inv
1754-0715-PZA,1754,1,20/01/2026,2454.17,,,,PartP
1947-0731-PZA,1947,,20/01/2026,2047.5,,,,inv
1965-0731-PZA,1965,,20/01/2026,2356.25,,,,inv
1978-0731-PZA,1978,,20/01/2026,2096.25,,,,inv
1921-0866-PZA,,,,,,,,Rem
1945-0876-PZA,,,,,,,,Rem
1946-0876-PZA,,,,,,,,Rem
1960-0876-PZA,,,,,,,,Rem
1974-0876-PZA,,,,,,,,Rem
1989-0813-PZA,,,,,,,,Rem
2005-0813-PZA,,,,,,,,Rem
1663-0751-PZA,,,,,,,,Rem
1998-0683-PZA,,,,,,,,Rem
1981-0864-PZA,,,,,,,,Rem
1982-0860-PZA,,,,,,,,Rem
1983-0875-PZA,,,,,,,,Rem
